transaction_id,date,customer_id,product_id,quantity,campaign_id,customer_name,city,country,product_name,category,supplier,unit_price,stock_quantity,campaign_name,start_date,end_date,channel,budget,target_audience,revenue,month
1,2023-05-04,C020,P120,3,MC001,Michael Andersen,Houston,USA,Keyboard Mousepad,Accessories,TechGear,50,400,Spring Sale,1/3/23,15/3/23,Email,5000,All Customers,150,5
2,2023-07-23,C042,P105,1,MC003,Owen Takahashi,New York,USA,Smart Watch,Electronics,TechGear,25,200,Back to School,1/8/23,31/8/23,TV,15000,Families,25,7
3,2023-06-30,C005,P109,9,MC005,Emma Brown,Miami,USA,Laptop,Electronics,TechGear,20,200,Holiday Special,10/12/23,24/12/23,Email + Social Media,10000,Silver and Gold Tiers,180,6
4,2023-05-29,C031,P112,9,MC001,Zoe Ramirez,Miami,USA,Desk Chair,Accessories,TechGear,40,500,Spring Sale,1/3/23,15/3/23,Email,5000,All Customers,360,5
5,2023-06-12,C047,P114,6,MC002,Leah Fontaine,Miami,USA,Suitcase,Accessories,ProtectPro,120,1100,Summer Clearance,15/6/23,30/6/23,Social Media,7500,Gold Tier,720,6
6,2023-11-08,C004,P120,3,MC001,Bob Wilson,Houston,USA,Keyboard Mousepad,Accessories,TechGear,50,400,Spring Sale,1/3/23,15/3/23,Email,5000,All Customers,150,11
7,2023-03-06,C028,P120,7,MC005,Joseph Mendoza,New York,USA,Keyboard Mousepad,Accessories,TechGear,50,400,Holiday Special,10/12/23,24/12/23,Email + Social Media,10000,Silver and Gold Tiers,350,3
8,2023-04-14,C013,P118,10,MC001,Amelia Gupta,Houston,USA,External Microphone,Electronics,TechGear,60,1400,Spring Sale,1/3/23,15/3/23,Email,5000,All Customers,600,4
9,2023-07-03,C020,P108,3,MC002,Michael Andersen,Houston,USA,Computer Case,Accessories,ProtectPro,110,500,Summer Clearance,15/6/23,30/6/23,Social Media,7500,Gold Tier,330,7
10,2023-05-02,C027,P107,7,MC002,Grace Yamamoto,Chicago,USA,Standing Desk,Accessories,SoundWave,140,1100,Summer Clearance,15/6/23,30/6/23,Social Media,7500,Gold Tier,980,5
11,2023-08-29,C011,P102,5,MC005,Charlotte Hoffman,New York,USA,Bluetooth Headphones,Electronics,SoundWave,30,300,Holiday Special,10/12/23,24/12/23,Email + Social Media,10000,Silver and Gold Tiers,150,8
12,2023-10-22,C029,P108,8,MC003,Chloe Dubois,Miami,USA,Computer Case,Accessories,ProtectPro,110,500,Back to School,1/8/23,31/8/23,TV,15000,Families,880,10
13,2023-01-03,C043,P118,4,MC002,Hannah Eriksson,New York,USA,External Microphone,Electronics,TechGear,60,1400,Summer Clearance,15/6/23,30/6/23,Social Media,7500,Gold Tier,240,1
14,2023-03-23,C004,P109,9,MC002,Bob Wilson,Houston,USA,Laptop,Electronics,TechGear,20,200,Summer Clearance,15/6/23,30/6/23,Social Media,7500,Gold Tier,180,3
15,2023-04-11,C028,P113,3,MC005,Joseph Mendoza,New York,USA,Bluetooth Headphones Charger,Electronics,CableMax,150,300,Holiday Special,10/12/23,24/12/23,Email + Social Media,10000,Silver and Gold Tiers,450,4
16,2023-10-12,C034,P113,10,MC001,Matthew Gonzalez,Houston,USA,Bluetooth Headphones Charger,Electronics,CableMax,150,300,Spring Sale,1/3/23,15/3/23,Email,5000,All Customers,1500,10
17,2023-03-08,C050,P107,1,MC005,Caleb Reyes,Houston,USA,Standing Desk,Accessories,SoundWave,140,1100,Holiday Special,10/12/23,24/12/23,Email + Social Media,10000,Silver and Gold Tiers,140,3
18,2023-12-11,C040,P116,10,MC002,Jack O'Brien,Miami,USA,Cleanup Kit,Accessories,TechGear,20,1300,Summer Clearance,15/6/23,30/6/23,Social Media,7500,Gold Tier,200,12
19,2023-09-10,C012,P101,2,MC003,James Choi,Chicago,USA,Wireless Mouse,Electronics,TechGear,20,500,Back to School,1/8/23,31/8/23,TV,15000,Families,40,9
20,2023-01-26,C041,P113,7,MC001,Audrey Kuznetsov,Miami,USA,Bluetooth Headphones Charger,Electronics,CableMax,150,300,Spring Sale,1/3/23,15/3/23,Email,5000,All Customers,1050,1
21,2023-10-18,C021,P103,1,MC003,Emily Schwartz,Los Angeles,USA,USB-C Cable,Accessories,CableMax,15,1000,Back to School,1/8/23,31/8/23,TV,15000,Families,15,10
22,2023-05-16,C005,P104,1,MC002,Emma Brown,Miami,USA,Phone Case,Accessories,ProtectPro,10,800,Summer Clearance,15/6/23,30/6/23,Social Media,7500,Gold Tier,10,5
23,2023-08-19,C041,P110,9,MC005,Audrey Kuznetsov,Miami,USA,Briefcase,Accessories,ProtectPro,120,900,Holiday Special,10/12/23,24/12/23,Email + Social Media,10000,Silver and Gold Tiers,1080,8
24,2023-12-27,C024,P112,10,MC003,Samuel Kim,Chicago,USA,Desk Chair,Accessories,TechGear,40,500,Back to School,1/8/23,31/8/23,TV,15000,Families,400,12
25,2023-03-20,C022,P106,9,MC002,Daniel Fernandez,Chicago,USA,Keyboard,Electronics,TechGear,110,1000,Summer Clearance,15/6/23,30/6/23,Social Media,7500,Gold Tier,990,3
26,2023-04-07,C042,P118,7,MC001,Owen Takahashi,New York,USA,External Microphone,Electronics,TechGear,60,1400,Spring Sale,1/3/23,15/3/23,Email,5000,All Customers,420,4
27,2023-04-15,C006,P120,3,MC004,Noah Chen,Los Angeles,USA,Keyboard Mousepad,Accessories,TechGear,50,400,Black Friday,24/11/23,27/11/23,Multi-channel,25000,All Customers,150,4
28,2023-05-20,C043,P119,3,MC005,Hannah Eriksson,New York,USA,Adapter,Electronics,CableMax,40,800,Holiday Special,10/12/23,24/12/23,Email + Social Media,10000,Silver and Gold Tiers,120,5
29,2023-04-17,C009,P101,4,MC001,Isabella Tanaka,Chicago,USA,Wireless Mouse,Electronics,TechGear,20,500,Spring Sale,1/3/23,15/3/23,Email,5000,All Customers,80,4
30,2023-03-17,C039,P108,4,MC003,Penelope Cheng,Los Angeles,USA,Computer Case,Accessories,ProtectPro,110,500,Back to School,1/8/23,31/8/23,TV,15000,Families,440,3
31,2023-12-29,C040,P104,3,MC003,Jack O'Brien,Miami,USA,Phone Case,Accessories,ProtectPro,10,800,Back to School,1/8/23,31/8/23,TV,15000,Families,30,12
32,2023-08-19,C024,P108,4,MC001,Samuel Kim,Chicago,USA,Computer Case,Accessories,ProtectPro,110,500,Spring Sale,1/3/23,15/3/23,Email,5000,All Customers,440,8
33,2023-06-15,C003,P101,2,MC003,Alice Johnson,Chicago,USA,Wireless Mouse,Electronics,TechGear,20,500,Back to School,1/8/23,31/8/23,TV,15000,Families,40,6
34,2023-08-20,C010,P110,1,MC003,William Diaz,New York,USA,Briefcase,Accessories,ProtectPro,120,900,Back to School,1/8/23,31/8/23,TV,15000,Families,120,8
35,2023-12-12,C013,P101,1,MC003,Amelia Gupta,Houston,USA,Wireless Mouse,Electronics,TechGear,20,500,Back to School,1/8/23,31/8/23,TV,15000,Families,20,12
36,2023-01-03,C039,P113,1,MC005,Penelope Cheng,Los Angeles,USA,Bluetooth Headphones Charger,Electronics,CableMax,150,300,Holiday Special,10/12/23,24/12/23,Email + Social Media,10000,Silver and Gold Tiers,150,1
37,2023-11-21,C024,P119,3,MC004,Samuel Kim,Chicago,USA,Adapter,Electronics,CableMax,40,800,Black Friday,24/11/23,27/11/23,Multi-channel,25000,All Customers,120,11
38,2023-02-15,C024,P114,2,MC001,Samuel Kim,Chicago,USA,Suitcase,Accessories,ProtectPro,120,1100,Spring Sale,1/3/23,15/3/23,Email,5000,All Customers,240,2
39,2023-07-11,C040,P109,9,MC002,Jack O'Brien,Miami,USA,Laptop,Electronics,TechGear,20,200,Summer Clearance,15/6/23,30/6/23,Social Media,7500,Gold Tier,180,7
40,2023-05-05,C022,P115,5,MC002,Daniel Fernandez,Chicago,USA,Gaming Headset,Electronics,SoundWave,50,200,Summer Clearance,15/6/23,30/6/23,Social Media,7500,Gold Tier,250,5
41,2023-11-19,C034,P107,5,MC002,Matthew Gonzalez,Houston,USA,Standing Desk,Accessories,SoundWave,140,1100,Summer Clearance,15/6/23,30/6/23,Social Media,7500,Gold Tier,700,11
42,2023-01-01,C044,P101,5,MC003,Gabriel Santos,Los Angeles,USA,Wireless Mouse,Electronics,TechGear,20,500,Back to School,1/8/23,31/8/23,TV,15000,Families,100,1
43,2023-08-06,C022,P109,7,MC003,Daniel Fernandez,Chicago,USA,Laptop,Electronics,TechGear,20,200,Back to School,1/8/23,31/8/23,TV,15000,Families,140,8
44,2023-08-23,C034,P102,5,MC005,Matthew Gonzalez,Houston,USA,Bluetooth Headphones,Electronics,SoundWave,30,300,Holiday Special,10/12/23,24/12/23,Email + Social Media,10000,Silver and Gold Tiers,150,8
45,2023-11-14,C001,P115,7,MC003,John Doe,New York,USA,Gaming Headset,Electronics,SoundWave,50,200,Back to School,1/8/23,31/8/23,TV,15000,Families,350,11
46,2023-01-27,C004,P119,9,MC005,Bob Wilson,Houston,USA,Adapter,Electronics,CableMax,40,800,Holiday Special,10/12/23,24/12/23,Email + Social Media,10000,Silver and Gold Tiers,360,1
47,2023-06-22,C015,P113,2,MC002,Harper Singh,Houston,USA,Bluetooth Headphones Charger,Electronics,CableMax,150,300,Summer Clearance,15/6/23,30/6/23,Social Media,7500,Gold Tier,300,6
48,2023-03-13,C050,P106,1,MC004,Caleb Reyes,Houston,USA,Keyboard,Electronics,TechGear,110,1000,Black Friday,24/11/23,27/11/23,Multi-channel,25000,All Customers,110,3
49,2023-06-13,C040,P108,8,MC005,Jack O'Brien,Miami,USA,Computer Case,Accessories,ProtectPro,110,500,Holiday Special,10/12/23,24/12/23,Email + Social Media,10000,Silver and Gold Tiers,880,6
50,2023-10-10,C039,P107,4,MC002,Penelope Cheng,Los Angeles,USA,Standing Desk,Accessories,SoundWave,140,1100,Summer Clearance,15/6/23,30/6/23,Social Media,7500,Gold Tier,560,10
51,2023-05-21,C032,P102,1,MC004,Christopher Lee,Los Angeles,USA,Bluetooth Headphones,Electronics,SoundWave,30,300,Black Friday,24/11/23,27/11/23,Multi-channel,25000,All Customers,30,5
52,2023-03-06,C027,P116,3,MC005,Grace Yamamoto,Chicago,USA,Cleanup Kit,Accessories,TechGear,20,1300,Holiday Special,10/12/23,24/12/23,Email + Social Media,10000,Silver and Gold Tiers,60,3
53,2023-10-22,C045,P101,8,MC003,Nora Zimmerman,Houston,USA,Wireless Mouse,Electronics,TechGear,20,500,Back to School,1/8/23,31/8/23,TV,15000,Families,160,10
54,2023-10-15,C037,P104,7,MC004,Victoria Kozlov,Chicago,USA,Phone Case,Accessories,ProtectPro,10,800,Black Friday,24/11/23,27/11/23,Multi-channel,25000,All Customers,70,10
55,2023-04-13,C004,P113,7,MC005,Bob Wilson,Houston,USA,Bluetooth Headphones Charger,Electronics,CableMax,150,300,Holiday Special,10/12/23,24/12/23,Email + Social Media,10000,Silver and Gold Tiers,1050,4
56,2023-01-01,C009,P104,7,MC001,Isabella Tanaka,Chicago,USA,Phone Case,Accessories,ProtectPro,10,800,Spring Sale,1/3/23,15/3/23,Email,5000,All Customers,70,1
57,2023-03-03,C035,P109,2,MC004,Scarlett Watanabe,Los Angeles,USA,Laptop,Electronics,TechGear,20,200,Black Friday,24/11/23,27/11/23,Multi-channel,25000,All Customers,40,3
58,2023-06-30,C039,P120,5,MC002,Penelope Cheng,Los Angeles,USA,Keyboard Mousepad,Accessories,TechGear,50,400,Summer Clearance,15/6/23,30/6/23,Social Media,7500,Gold Tier,250,6
59,2023-12-01,C022,P106,7,MC004,Daniel Fernandez,Chicago,USA,Keyboard,Electronics,TechGear,110,1000,Black Friday,24/11/23,27/11/23,Multi-channel,25000,All Customers,770,12
60,2023-09-21,C025,P113,7,MC002,Sofia Petrov,Los Angeles,USA,Bluetooth Headphones Charger,Electronics,CableMax,150,300,Summer Clearance,15/6/23,30/6/23,Social Media,7500,Gold Tier,1050,9
61,2023-06-26,C048,P101,4,MC005,Dylan Suzuki,New York,USA,Wireless Mouse,Electronics,TechGear,20,500,Holiday Special,10/12/23,24/12/23,Email + Social Media,10000,Silver and Gold Tiers,80,6
62,2023-03-20,C024,P120,4,MC002,Samuel Kim,Chicago,USA,Keyboard Mousepad,Accessories,TechGear,50,400,Summer Clearance,15/6/23,30/6/23,Social Media,7500,Gold Tier,200,3
63,2023-11-07,C041,P116,3,MC003,Audrey Kuznetsov,Miami,USA,Cleanup Kit,Accessories,TechGear,20,1300,Back to School,1/8/23,31/8/23,TV,15000,Families,60,11
64,2023-10-21,C007,P115,8,MC004,Ava Kowalski,Chicago,USA,Gaming Headset,Electronics,SoundWave,50,200,Black Friday,24/11/23,27/11/23,Multi-channel,25000,All Customers,400,10
65,2023-05-21,C048,P117,10,MC005,Dylan Suzuki,New York,USA,Bluetooth Speaker,Electronics,SoundWave,140,200,Holiday Special,10/12/23,24/12/23,Email + Social Media,10000,Silver and Gold Tiers,1400,5
66,2023-12-20,C004,P120,4,MC002,Bob Wilson,Houston,USA,Keyboard Mousepad,Accessories,TechGear,50,400,Summer Clearance,15/6/23,30/6/23,Social Media,7500,Gold Tier,200,12
67,2023-08-28,C005,P111,4,MC002,Emma Brown,Miami,USA,Backpack,Accessories,ProtectPro,30,1300,Summer Clearance,15/6/23,30/6/23,Social Media,7500,Gold Tier,120,8
68,2023-10-06,C018,P113,4,MC003,Alexander Rossi,New York,USA,Bluetooth Headphones Charger,Electronics,CableMax,150,300,Back to School,1/8/23,31/8/23,TV,15000,Families,600,10
69,2023-03-29,C001,P109,8,MC001,John Doe,New York,USA,Laptop,Electronics,TechGear,20,200,Spring Sale,1/3/23,15/3/23,Email,5000,All Customers,160,3
70,2023-10-06,C020,P115,9,MC001,Michael Andersen,Houston,USA,Gaming Headset,Electronics,SoundWave,50,200,Spring Sale,1/3/23,15/3/23,Email,5000,All Customers,450,10
71,2023-01-09,C023,P105,3,MC002,Elizabeth Novak,Miami,USA,Smart Watch,Electronics,TechGear,25,200,Summer Clearance,15/6/23,30/6/23,Social Media,7500,Gold Tier,75,1
72,2023-10-02,C037,P101,4,MC002,Victoria Kozlov,Chicago,USA,Wireless Mouse,Electronics,TechGear,20,500,Summer Clearance,15/6/23,30/6/23,Social Media,7500,Gold Tier,80,10
73,2023-09-20,C048,P116,2,MC002,Dylan Suzuki,New York,USA,Cleanup Kit,Accessories,TechGear,20,1300,Summer Clearance,15/6/23,30/6/23,Social Media,7500,Gold Tier,40,9
74,2023-04-10,C039,P109,5,MC001,Penelope Cheng,Los Angeles,USA,Laptop,Electronics,TechGear,20,200,Spring Sale,1/3/23,15/3/23,Email,5000,All Customers,100,4
75,2023-01-31,C046,P113,3,MC004,Isaac Nkosi,Houston,USA,Bluetooth Headphones Charger,Electronics,CableMax,150,300,Black Friday,24/11/23,27/11/23,Multi-channel,25000,All Customers,450,1
76,2023-09-08,C047,P104,2,MC004,Leah Fontaine,Miami,USA,Phone Case,Accessories,ProtectPro,10,800,Black Friday,24/11/23,27/11/23,Multi-channel,25000,All Customers,20,9
77,2023-05-07,C007,P108,7,MC001,Ava Kowalski,Chicago,USA,Computer Case,Accessories,ProtectPro,110,500,Spring Sale,1/3/23,15/3/23,Email,5000,All Customers,770,5
78,2023-10-16,C023,P120,6,MC001,Elizabeth Novak,Miami,USA,Keyboard Mousepad,Accessories,TechGear,50,400,Spring Sale,1/3/23,15/3/23,Email,5000,All Customers,300,10
79,2023-11-09,C002,P105,5,MC003,Jane Smith,Los Angeles,USA,Smart Watch,Electronics,TechGear,25,200,Back to School,1/8/23,31/8/23,TV,15000,Families,125,11
80,2023-11-22,C018,P102,3,MC004,Alexander Rossi,New York,USA,Bluetooth Headphones,Electronics,SoundWave,30,300,Black Friday,24/11/23,27/11/23,Multi-channel,25000,All Customers,90,11
81,2023-11-14,C039,P109,10,MC004,Penelope Cheng,Los Angeles,USA,Laptop,Electronics,TechGear,20,200,Black Friday,24/11/23,27/11/23,Multi-channel,25000,All Customers,200,11
82,2023-05-06,C032,P115,6,MC001,Christopher Lee,Los Angeles,USA,Gaming Headset,Electronics,SoundWave,50,200,Spring Sale,1/3/23,15/3/23,Email,5000,All Customers,300,5
83,2023-02-11,C020,P110,8,MC004,Michael Andersen,Houston,USA,Briefcase,Accessories,ProtectPro,120,900,Black Friday,24/11/23,27/11/23,Multi-channel,25000,All Customers,960,2
84,2023-08-30,C019,P111,4,MC003,Abigail Nakamura,Chicago,USA,Backpack,Accessories,ProtectPro,30,1300,Back to School,1/8/23,31/8/23,TV,15000,Families,120,8
85,2023-08-26,C034,P101,7,MC004,Matthew Gonzalez,Houston,USA,Wireless Mouse,Electronics,TechGear,20,500,Black Friday,24/11/23,27/11/23,Multi-channel,25000,All Customers,140,8
86,2023-08-23,C010,P111,8,MC001,William Diaz,New York,USA,Backpack,Accessories,ProtectPro,30,1300,Spring Sale,1/3/23,15/3/23,Email,5000,All Customers,240,8
87,2023-02-11,C013,P116,5,MC001,Amelia Gupta,Houston,USA,Cleanup Kit,Accessories,TechGear,20,1300,Spring Sale,1/3/23,15/3/23,Email,5000,All Customers,100,2
88,2023-05-18,C020,P109,4,MC003,Michael Andersen,Houston,USA,Laptop,Electronics,TechGear,20,200,Back to School,1/8/23,31/8/23,TV,15000,Families,80,5
89,2023-09-08,C036,P110,9,MC003,Ryan Müller,Los Angeles,USA,Briefcase,Accessories,ProtectPro,120,900,Back to School,1/8/23,31/8/23,TV,15000,Families,1080,9
90,2023-07-29,C007,P104,6,MC005,Ava Kowalski,Chicago,USA,Phone Case,Accessories,ProtectPro,10,800,Holiday Special,10/12/23,24/12/23,Email + Social Media,10000,Silver and Gold Tiers,60,7
91,2023-10-19,C001,P119,7,MC003,John Doe,New York,USA,Adapter,Electronics,CableMax,40,800,Back to School,1/8/23,31/8/23,TV,15000,Families,280,10
92,2023-11-21,C010,P103,10,MC005,William Diaz,New York,USA,USB-C Cable,Accessories,CableMax,15,1000,Holiday Special,10/12/23,24/12/23,Email + Social Media,10000,Silver and Gold Tiers,150,11
93,2023-05-31,C020,P115,10,MC003,Michael Andersen,Houston,USA,Gaming Headset,Electronics,SoundWave,50,200,Back to School,1/8/23,31/8/23,TV,15000,Families,500,5
94,2023-12-17,C014,P120,6,MC002,Benjamin Larsson,Los Angeles,USA,Keyboard Mousepad,Accessories,TechGear,50,400,Summer Clearance,15/6/23,30/6/23,Social Media,7500,Gold Tier,300,12
95,2023-02-26,C040,P104,2,MC003,Jack O'Brien,Miami,USA,Phone Case,Accessories,ProtectPro,10,800,Back to School,1/8/23,31/8/23,TV,15000,Families,20,2
96,2023-06-02,C048,P116,1,MC005,Dylan Suzuki,New York,USA,Cleanup Kit,Accessories,TechGear,20,1300,Holiday Special,10/12/23,24/12/23,Email + Social Media,10000,Silver and Gold Tiers,20,6
97,2023-05-31,C035,P119,5,MC004,Scarlett Watanabe,Los Angeles,USA,Adapter,Electronics,CableMax,40,800,Black Friday,24/11/23,27/11/23,Multi-channel,25000,All Customers,200,5
98,2023-04-07,C037,P115,6,MC003,Victoria Kozlov,Chicago,USA,Gaming Headset,Electronics,SoundWave,50,200,Back to School,1/8/23,31/8/23,TV,15000,Families,300,4
99,2023-12-05,C041,P112,9,MC005,Audrey Kuznetsov,Miami,USA,Desk Chair,Accessories,TechGear,40,500,Holiday Special,10/12/23,24/12/23,Email + Social Media,10000,Silver and Gold Tiers,360,12
100,2023-08-17,C047,P118,8,MC003,Leah Fontaine,Miami,USA,External Microphone,Electronics,TechGear,60,1400,Back to School,1/8/23,31/8/23,TV,15000,Families,480,8
101,2023-10-30,C044,P111,1,MC001,Gabriel Santos,Los Angeles,USA,Backpack,Accessories,ProtectPro,30,1300,Spring Sale,1/3/23,15/3/23,Email,5000,All Customers,30,10
102,2023-07-30,C024,P109,3,MC001,Samuel Kim,Chicago,USA,Laptop,Electronics,TechGear,20,200,Spring Sale,1/3/23,15/3/23,Email,5000,All Customers,60,7
103,2023-10-19,C035,P105,8,MC002,Scarlett Watanabe,Los Angeles,USA,Smart Watch,Electronics,TechGear,25,200,Summer Clearance,15/6/23,30/6/23,Social Media,7500,Gold Tier,200,10
104,2023-11-15,C007,P120,7,MC003,Ava Kowalski,Chicago,USA,Keyboard Mousepad,Accessories,TechGear,50,400,Back to School,1/8/23,31/8/23,TV,15000,Families,350,11
105,2023-04-17,C025,P115,10,MC002,Sofia Petrov,Los Angeles,USA,Gaming Headset,Electronics,SoundWave,50,200,Summer Clearance,15/6/23,30/6/23,Social Media,7500,Gold Tier,500,4
106,2023-01-20,C022,P120,6,MC001,Daniel Fernandez,Chicago,USA,Keyboard Mousepad,Accessories,TechGear,50,400,Spring Sale,1/3/23,15/3/23,Email,5000,All Customers,300,1
107,2023-07-09,C050,P113,4,MC003,Caleb Reyes,Houston,USA,Bluetooth Headphones Charger,Electronics,CableMax,150,300,Back to School,1/8/23,31/8/23,TV,15000,Families,600,7
108,2023-10-19,C013,P105,1,MC002,Amelia Gupta,Houston,USA,Smart Watch,Electronics,TechGear,25,200,Summer Clearance,15/6/23,30/6/23,Social Media,7500,Gold Tier,25,10
109,2023-02-10,C048,P116,5,MC001,Dylan Suzuki,New York,USA,Cleanup Kit,Accessories,TechGear,20,1300,Spring Sale,1/3/23,15/3/23,Email,5000,All Customers,100,2
110,2023-03-06,C024,P113,7,MC002,Samuel Kim,Chicago,USA,Bluetooth Headphones Charger,Electronics,CableMax,150,300,Summer Clearance,15/6/23,30/6/23,Social Media,7500,Gold Tier,1050,3
111,2023-06-17,C009,P115,1,MC004,Isabella Tanaka,Chicago,USA,Gaming Headset,Electronics,SoundWave,50,200,Black Friday,24/11/23,27/11/23,Multi-channel,25000,All Customers,50,6
112,2023-12-02,C004,P105,9,MC005,Bob Wilson,Houston,USA,Smart Watch,Electronics,TechGear,25,200,Holiday Special,10/12/23,24/12/23,Email + Social Media,10000,Silver and Gold Tiers,225,12
113,2023-10-03,C048,P115,3,MC005,Dylan Suzuki,New York,USA,Gaming Headset,Electronics,SoundWave,50,200,Holiday Special,10/12/23,24/12/23,Email + Social Media,10000,Silver and Gold Tiers,150,10
114,2023-03-23,C014,P106,2,MC003,Benjamin Larsson,Los Angeles,USA,Keyboard,Electronics,TechGear,110,1000,Back to School,1/8/23,31/8/23,TV,15000,Families,220,3
115,2023-02-01,C048,P110,7,MC002,Dylan Suzuki,New York,USA,Briefcase,Accessories,ProtectPro,120,900,Summer Clearance,15/6/23,30/6/23,Social Media,7500,Gold Tier,840,2
116,2023-02-20,C006,P101,4,MC002,Noah Chen,Los Angeles,USA,Wireless Mouse,Electronics,TechGear,20,500,Summer Clearance,15/6/23,30/6/23,Social Media,7500,Gold Tier,80,2
117,2023-09-03,C013,P101,1,MC004,Amelia Gupta,Houston,USA,Wireless Mouse,Electronics,TechGear,20,500,Black Friday,24/11/23,27/11/23,Multi-channel,25000,All Customers,20,9
118,2023-08-23,C035,P106,7,MC005,Scarlett Watanabe,Los Angeles,USA,Keyboard,Electronics,TechGear,110,1000,Holiday Special,10/12/23,24/12/23,Email + Social Media,10000,Silver and Gold Tiers,770,8
119,2023-03-18,C050,P102,6,MC001,Caleb Reyes,Houston,USA,Bluetooth Headphones,Electronics,SoundWave,30,300,Spring Sale,1/3/23,15/3/23,Email,5000,All Customers,180,3
120,2023-03-30,C040,P110,5,MC001,Jack O'Brien,Miami,USA,Briefcase,Accessories,ProtectPro,120,900,Spring Sale,1/3/23,15/3/23,Email,5000,All Customers,600,3
121,2023-05-15,C034,P118,2,MC002,Matthew Gonzalez,Houston,USA,External Microphone,Electronics,TechGear,60,1400,Summer Clearance,15/6/23,30/6/23,Social Media,7500,Gold Tier,120,5
122,2023-09-25,C012,P114,1,MC002,James Choi,Chicago,USA,Suitcase,Accessories,ProtectPro,120,1100,Summer Clearance,15/6/23,30/6/23,Social Media,7500,Gold Tier,120,9
123,2023-12-18,C032,P110,8,MC001,Christopher Lee,Los Angeles,USA,Briefcase,Accessories,ProtectPro,120,900,Spring Sale,1/3/23,15/3/23,Email,5000,All Customers,960,12
124,2023-04-16,C021,P102,1,MC001,Emily Schwartz,Los Angeles,USA,Bluetooth Headphones,Electronics,SoundWave,30,300,Spring Sale,1/3/23,15/3/23,Email,5000,All Customers,30,4
125,2023-05-03,C003,P120,5,MC005,Alice Johnson,Chicago,USA,Keyboard Mousepad,Accessories,TechGear,50,400,Holiday Special,10/12/23,24/12/23,Email + Social Media,10000,Silver and Gold Tiers,250,5
126,2023-10-14,C028,P120,9,MC001,Joseph Mendoza,New York,USA,Keyboard Mousepad,Accessories,TechGear,50,400,Spring Sale,1/3/23,15/3/23,Email,5000,All Customers,450,10
127,2023-11-30,C007,P113,2,MC005,Ava Kowalski,Chicago,USA,Bluetooth Headphones Charger,Electronics,CableMax,150,300,Holiday Special,10/12/23,24/12/23,Email + Social Media,10000,Silver and Gold Tiers,300,11
128,2023-02-20,C018,P117,9,MC003,Alexander Rossi,New York,USA,Bluetooth Speaker,Electronics,SoundWave,140,200,Back to School,1/8/23,31/8/23,TV,15000,Families,1260,2
129,2023-02-24,C019,P120,5,MC003,Abigail Nakamura,Chicago,USA,Keyboard Mousepad,Accessories,TechGear,50,400,Back to School,1/8/23,31/8/23,TV,15000,Families,250,2
130,2023-08-22,C010,P120,8,MC001,William Diaz,New York,USA,Keyboard Mousepad,Accessories,TechGear,50,400,Spring Sale,1/3/23,15/3/23,Email,5000,All Customers,400,8
131,2023-11-18,C008,P115,8,MC003,Mason Fitzgerald,Houston,USA,Gaming Headset,Electronics,SoundWave,50,200,Back to School,1/8/23,31/8/23,TV,15000,Families,400,11
132,2023-05-08,C045,P111,2,MC004,Nora Zimmerman,Houston,USA,Backpack,Accessories,ProtectPro,30,1300,Black Friday,24/11/23,27/11/23,Multi-channel,25000,All Customers,60,5
133,2023-02-26,C047,P106,2,MC003,Leah Fontaine,Miami,USA,Keyboard,Electronics,TechGear,110,1000,Back to School,1/8/23,31/8/23,TV,15000,Families,220,2
134,2023-01-15,C048,P118,4,MC004,Dylan Suzuki,New York,USA,External Microphone,Electronics,TechGear,60,1400,Black Friday,24/11/23,27/11/23,Multi-channel,25000,All Customers,240,1
135,2023-04-06,C032,P115,9,MC004,Christopher Lee,Los Angeles,USA,Gaming Headset,Electronics,SoundWave,50,200,Black Friday,24/11/23,27/11/23,Multi-channel,25000,All Customers,450,4
136,2023-12-25,C033,P103,4,MC005,Lily Sørensen,New York,USA,USB-C Cable,Accessories,CableMax,15,1000,Holiday Special,10/12/23,24/12/23,Email + Social Media,10000,Silver and Gold Tiers,60,12
137,2023-08-30,C014,P116,5,MC003,Benjamin Larsson,Los Angeles,USA,Cleanup Kit,Accessories,TechGear,20,1300,Back to School,1/8/23,31/8/23,TV,15000,Families,100,8
138,2023-09-27,C001,P109,5,MC001,John Doe,New York,USA,Laptop,Electronics,TechGear,20,200,Spring Sale,1/3/23,15/3/23,Email,5000,All Customers,100,9
139,2023-05-02,C015,P112,9,MC005,Harper Singh,Houston,USA,Desk Chair,Accessories,TechGear,40,500,Holiday Special,10/12/23,24/12/23,Email + Social Media,10000,Silver and Gold Tiers,360,5
140,2023-06-17,C022,P118,4,MC001,Daniel Fernandez,Chicago,USA,External Microphone,Electronics,TechGear,60,1400,Spring Sale,1/3/23,15/3/23,Email,5000,All Customers,240,6
141,2023-04-15,C043,P117,2,MC005,Hannah Eriksson,New York,USA,Bluetooth Speaker,Electronics,SoundWave,140,200,Holiday Special,10/12/23,24/12/23,Email + Social Media,10000,Silver and Gold Tiers,280,4
142,2023-08-29,C047,P115,3,MC004,Leah Fontaine,Miami,USA,Gaming Headset,Electronics,SoundWave,50,200,Black Friday,24/11/23,27/11/23,Multi-channel,25000,All Customers,150,8
143,2023-05-19,C024,P101,5,MC005,Samuel Kim,Chicago,USA,Wireless Mouse,Electronics,TechGear,20,500,Holiday Special,10/12/23,24/12/23,Email + Social Media,10000,Silver and Gold Tiers,100,5
144,2023-05-25,C026,P117,7,MC003,David Okafor,Los Angeles,USA,Bluetooth Speaker,Electronics,SoundWave,140,200,Back to School,1/8/23,31/8/23,TV,15000,Families,980,5
145,2023-08-07,C047,P110,7,MC004,Leah Fontaine,Miami,USA,Briefcase,Accessories,ProtectPro,120,900,Black Friday,24/11/23,27/11/23,Multi-channel,25000,All Customers,840,8
146,2023-12-20,C034,P111,2,MC001,Matthew Gonzalez,Houston,USA,Backpack,Accessories,ProtectPro,30,1300,Spring Sale,1/3/23,15/3/23,Email,5000,All Customers,60,12
147,2023-07-10,C011,P105,8,MC005,Charlotte Hoffman,New York,USA,Smart Watch,Electronics,TechGear,25,200,Holiday Special,10/12/23,24/12/23,Email + Social Media,10000,Silver and Gold Tiers,200,7
148,2023-05-11,C032,P109,4,MC002,Christopher Lee,Los Angeles,USA,Laptop,Electronics,TechGear,20,200,Summer Clearance,15/6/23,30/6/23,Social Media,7500,Gold Tier,80,5
149,2023-03-15,C017,P112,2,MC002,Evelyn Kovalenko,Houston,USA,Desk Chair,Accessories,TechGear,40,500,Summer Clearance,15/6/23,30/6/23,Social Media,7500,Gold Tier,80,3
150,2023-10-16,C013,P101,10,MC005,Amelia Gupta,Houston,USA,Wireless Mouse,Electronics,TechGear,20,500,Holiday Special,10/12/23,24/12/23,Email + Social Media,10000,Silver and Gold Tiers,200,10
151,2023-08-31,C040,P111,4,MC002,Jack O'Brien,Miami,USA,Backpack,Accessories,ProtectPro,30,1300,Summer Clearance,15/6/23,30/6/23,Social Media,7500,Gold Tier,120,8
152,2023-07-01,C022,P119,9,MC001,Daniel Fernandez,Chicago,USA,Adapter,Electronics,CableMax,40,800,Spring Sale,1/3/23,15/3/23,Email,5000,All Customers,360,7
153,2023-04-11,C010,P120,2,MC005,William Diaz,New York,USA,Keyboard Mousepad,Accessories,TechGear,50,400,Holiday Special,10/12/23,24/12/23,Email + Social Media,10000,Silver and Gold Tiers,100,4
154,2023-09-14,C001,P119,7,MC002,John Doe,New York,USA,Adapter,Electronics,CableMax,40,800,Summer Clearance,15/6/23,30/6/23,Social Media,7500,Gold Tier,280,9
155,2023-01-26,C029,P109,2,MC004,Chloe Dubois,Miami,USA,Laptop,Electronics,TechGear,20,200,Black Friday,24/11/23,27/11/23,Multi-channel,25000,All Customers,40,1
156,2023-04-18,C046,P117,9,MC001,Isaac Nkosi,Houston,USA,Bluetooth Speaker,Electronics,SoundWave,140,200,Spring Sale,1/3/23,15/3/23,Email,5000,All Customers,1260,4
157,2023-11-30,C019,P106,2,MC005,Abigail Nakamura,Chicago,USA,Keyboard,Electronics,TechGear,110,1000,Holiday Special,10/12/23,24/12/23,Email + Social Media,10000,Silver and Gold Tiers,220,11
158,2023-01-03,C014,P114,7,MC001,Benjamin Larsson,Los Angeles,USA,Suitcase,Accessories,ProtectPro,120,1100,Spring Sale,1/3/23,15/3/23,Email,5000,All Customers,840,1
159,2023-04-12,C032,P117,4,MC004,Christopher Lee,Los Angeles,USA,Bluetooth Speaker,Electronics,SoundWave,140,200,Black Friday,24/11/23,27/11/23,Multi-channel,25000,All Customers,560,4
160,2023-05-13,C045,P104,7,MC001,Nora Zimmerman,Houston,USA,Phone Case,Accessories,ProtectPro,10,800,Spring Sale,1/3/23,15/3/23,Email,5000,All Customers,70,5
161,2023-04-27,C029,P115,1,MC002,Chloe Dubois,Miami,USA,Gaming Headset,Electronics,SoundWave,50,200,Summer Clearance,15/6/23,30/6/23,Social Media,7500,Gold Tier,50,4
162,2023-06-26,C001,P112,3,MC003,John Doe,New York,USA,Desk Chair,Accessories,TechGear,40,500,Back to School,1/8/23,31/8/23,TV,15000,Families,120,6
163,2023-08-01,C001,P112,9,MC004,John Doe,New York,USA,Desk Chair,Accessories,TechGear,40,500,Black Friday,24/11/23,27/11/23,Multi-channel,25000,All Customers,360,8
164,2023-12-06,C029,P104,3,MC002,Chloe Dubois,Miami,USA,Phone Case,Accessories,ProtectPro,10,800,Summer Clearance,15/6/23,30/6/23,Social Media,7500,Gold Tier,30,12
165,2023-11-28,C038,P114,4,MC001,Thomas Sanchez,Houston,USA,Suitcase,Accessories,ProtectPro,120,1100,Spring Sale,1/3/23,15/3/23,Email,5000,All Customers,480,11
166,2023-09-11,C014,P116,3,MC004,Benjamin Larsson,Los Angeles,USA,Cleanup Kit,Accessories,TechGear,20,1300,Black Friday,24/11/23,27/11/23,Multi-channel,25000,All Customers,60,9
167,2023-01-28,C036,P102,1,MC005,Ryan Müller,Los Angeles,USA,Bluetooth Headphones,Electronics,SoundWave,30,300,Holiday Special,10/12/23,24/12/23,Email + Social Media,10000,Silver and Gold Tiers,30,1
168,2023-07-13,C036,P108,1,MC002,Ryan Müller,Los Angeles,USA,Computer Case,Accessories,ProtectPro,110,500,Summer Clearance,15/6/23,30/6/23,Social Media,7500,Gold Tier,110,7
169,2023-12-04,C050,P117,3,MC005,Caleb Reyes,Houston,USA,Bluetooth Speaker,Electronics,SoundWave,140,200,Holiday Special,10/12/23,24/12/23,Email + Social Media,10000,Silver and Gold Tiers,420,12
170,2023-03-16,C026,P110,4,MC002,David Okafor,Los Angeles,USA,Briefcase,Accessories,ProtectPro,120,900,Summer Clearance,15/6/23,30/6/23,Social Media,7500,Gold Tier,480,3
171,2023-12-07,C031,P115,7,MC005,Zoe Ramirez,Miami,USA,Gaming Headset,Electronics,SoundWave,50,200,Holiday Special,10/12/23,24/12/23,Email + Social Media,10000,Silver and Gold Tiers,350,12
172,2023-11-27,C020,P110,9,MC002,Michael Andersen,Houston,USA,Briefcase,Accessories,ProtectPro,120,900,Summer Clearance,15/6/23,30/6/23,Social Media,7500,Gold Tier,1080,11
173,2023-02-01,C046,P116,3,MC001,Isaac Nkosi,Houston,USA,Cleanup Kit,Accessories,TechGear,20,1300,Spring Sale,1/3/23,15/3/23,Email,5000,All Customers,60,2
174,2023-10-17,C025,P115,6,MC003,Sofia Petrov,Los Angeles,USA,Gaming Headset,Electronics,SoundWave,50,200,Back to School,1/8/23,31/8/23,TV,15000,Families,300,10
175,2023-05-05,C049,P110,5,MC005,Mila Popovic,Los Angeles,USA,Briefcase,Accessories,ProtectPro,120,900,Holiday Special,10/12/23,24/12/23,Email + Social Media,10000,Silver and Gold Tiers,600,5
176,2023-09-19,C013,P114,4,MC003,Amelia Gupta,Houston,USA,Suitcase,Accessories,ProtectPro,120,1100,Back to School,1/8/23,31/8/23,TV,15000,Families,480,9
177,2023-06-12,C049,P107,9,MC003,Mila Popovic,Los Angeles,USA,Standing Desk,Accessories,SoundWave,140,1100,Back to School,1/8/23,31/8/23,TV,15000,Families,1260,6
178,2023-01-13,C032,P108,3,MC003,Christopher Lee,Los Angeles,USA,Computer Case,Accessories,ProtectPro,110,500,Back to School,1/8/23,31/8/23,TV,15000,Families,330,1
179,2023-08-07,C024,P118,8,MC005,Samuel Kim,Chicago,USA,External Microphone,Electronics,TechGear,60,1400,Holiday Special,10/12/23,24/12/23,Email + Social Media,10000,Silver and Gold Tiers,480,8
180,2023-08-04,C041,P104,9,MC001,Audrey Kuznetsov,Miami,USA,Phone Case,Accessories,ProtectPro,10,800,Spring Sale,1/3/23,15/3/23,Email,5000,All Customers,90,8
181,2023-01-19,C004,P105,7,MC002,Bob Wilson,Houston,USA,Smart Watch,Electronics,TechGear,25,200,Summer Clearance,15/6/23,30/6/23,Social Media,7500,Gold Tier,175,1
182,2023-12-14,C036,P115,8,MC001,Ryan Müller,Los Angeles,USA,Gaming Headset,Electronics,SoundWave,50,200,Spring Sale,1/3/23,15/3/23,Email,5000,All Customers,400,12
183,2023-07-06,C045,P108,4,MC004,Nora Zimmerman,Houston,USA,Computer Case,Accessories,ProtectPro,110,500,Black Friday,24/11/23,27/11/23,Multi-channel,25000,All Customers,440,7
184,2023-08-03,C032,P110,1,MC002,Christopher Lee,Los Angeles,USA,Briefcase,Accessories,ProtectPro,120,900,Summer Clearance,15/6/23,30/6/23,Social Media,7500,Gold Tier,120,8
185,2023-07-01,C003,P119,2,MC003,Alice Johnson,Chicago,USA,Adapter,Electronics,CableMax,40,800,Back to School,1/8/23,31/8/23,TV,15000,Families,80,7
186,2023-08-10,C035,P114,2,MC003,Scarlett Watanabe,Los Angeles,USA,Suitcase,Accessories,ProtectPro,120,1100,Back to School,1/8/23,31/8/23,TV,15000,Families,240,8
187,2023-06-29,C047,P109,3,MC004,Leah Fontaine,Miami,USA,Laptop,Electronics,TechGear,20,200,Black Friday,24/11/23,27/11/23,Multi-channel,25000,All Customers,60,6
188,2023-03-27,C049,P116,4,MC004,Mila Popovic,Los Angeles,USA,Cleanup Kit,Accessories,TechGear,20,1300,Black Friday,24/11/23,27/11/23,Multi-channel,25000,All Customers,80,3
189,2023-04-26,C012,P101,5,MC001,James Choi,Chicago,USA,Wireless Mouse,Electronics,TechGear,20,500,Spring Sale,1/3/23,15/3/23,Email,5000,All Customers,100,4
190,2023-01-21,C047,P114,10,MC004,Leah Fontaine,Miami,USA,Suitcase,Accessories,ProtectPro,120,1100,Black Friday,24/11/23,27/11/23,Multi-channel,25000,All Customers,1200,1
191,2023-04-21,C002,P103,1,MC002,Jane Smith,Los Angeles,USA,USB-C Cable,Accessories,CableMax,15,1000,Summer Clearance,15/6/23,30/6/23,Social Media,7500,Gold Tier,15,4
192,2023-11-04,C035,P114,3,MC001,Scarlett Watanabe,Los Angeles,USA,Suitcase,Accessories,ProtectPro,120,1100,Spring Sale,1/3/23,15/3/23,Email,5000,All Customers,360,11
193,2023-06-06,C001,P110,6,MC002,John Doe,New York,USA,Briefcase,Accessories,ProtectPro,120,900,Summer Clearance,15/6/23,30/6/23,Social Media,7500,Gold Tier,720,6
194,2023-06-16,C045,P119,10,MC001,Nora Zimmerman,Houston,USA,Adapter,Electronics,CableMax,40,800,Spring Sale,1/3/23,15/3/23,Email,5000,All Customers,400,6
195,2023-07-31,C040,P101,5,MC002,Jack O'Brien,Miami,USA,Wireless Mouse,Electronics,TechGear,20,500,Summer Clearance,15/6/23,30/6/23,Social Media,7500,Gold Tier,100,7
196,2023-07-11,C005,P105,6,MC004,Emma Brown,Miami,USA,Smart Watch,Electronics,TechGear,25,200,Black Friday,24/11/23,27/11/23,Multi-channel,25000,All Customers,150,7
197,2023-05-05,C049,P119,10,MC005,Mila Popovic,Los Angeles,USA,Adapter,Electronics,CableMax,40,800,Holiday Special,10/12/23,24/12/23,Email + Social Media,10000,Silver and Gold Tiers,400,5
198,2023-02-21,C019,P101,8,MC003,Abigail Nakamura,Chicago,USA,Wireless Mouse,Electronics,TechGear,20,500,Back to School,1/8/23,31/8/23,TV,15000,Families,160,2
199,2023-11-05,C028,P110,10,MC002,Joseph Mendoza,New York,USA,Briefcase,Accessories,ProtectPro,120,900,Summer Clearance,15/6/23,30/6/23,Social Media,7500,Gold Tier,1200,11
200,2023-11-25,C049,P110,4,MC003,Mila Popovic,Los Angeles,USA,Briefcase,Accessories,ProtectPro,120,900,Back to School,1/8/23,31/8/23,TV,15000,Families,480,11
201,2023-06-05,C032,P113,1,MC004,Christopher Lee,Los Angeles,USA,Bluetooth Headphones Charger,Electronics,CableMax,150,300,Black Friday,24/11/23,27/11/23,Multi-channel,25000,All Customers,150,6
202,2023-02-26,C004,P105,1,MC003,Bob Wilson,Houston,USA,Smart Watch,Electronics,TechGear,25,200,Back to School,1/8/23,31/8/23,TV,15000,Families,25,2
203,2023-01-21,C027,P117,1,MC004,Grace Yamamoto,Chicago,USA,Bluetooth Speaker,Electronics,SoundWave,140,200,Black Friday,24/11/23,27/11/23,Multi-channel,25000,All Customers,140,1
204,2023-07-09,C048,P117,10,MC005,Dylan Suzuki,New York,USA,Bluetooth Speaker,Electronics,SoundWave,140,200,Holiday Special,10/12/23,24/12/23,Email + Social Media,10000,Silver and Gold Tiers,1400,7
205,2023-03-15,C016,P106,7,MC002,Lucas Morales,Los Angeles,USA,Keyboard,Electronics,TechGear,110,1000,Summer Clearance,15/6/23,30/6/23,Social Media,7500,Gold Tier,770,3
206,2023-07-09,C009,P107,8,MC002,Isabella Tanaka,Chicago,USA,Standing Desk,Accessories,SoundWave,140,1100,Summer Clearance,15/6/23,30/6/23,Social Media,7500,Gold Tier,1120,7
207,2023-06-01,C049,P108,4,MC003,Mila Popovic,Los Angeles,USA,Computer Case,Accessories,ProtectPro,110,500,Back to School,1/8/23,31/8/23,TV,15000,Families,440,6
208,2023-04-18,C050,P110,7,MC004,Caleb Reyes,Houston,USA,Briefcase,Accessories,ProtectPro,120,900,Black Friday,24/11/23,27/11/23,Multi-channel,25000,All Customers,840,4
209,2023-11-10,C036,P112,9,MC001,Ryan Müller,Los Angeles,USA,Desk Chair,Accessories,TechGear,40,500,Spring Sale,1/3/23,15/3/23,Email,5000,All Customers,360,11
210,2023-09-28,C024,P118,2,MC003,Samuel Kim,Chicago,USA,External Microphone,Electronics,TechGear,60,1400,Back to School,1/8/23,31/8/23,TV,15000,Families,120,9
211,2023-08-16,C004,P112,3,MC001,Bob Wilson,Houston,USA,Desk Chair,Accessories,TechGear,40,500,Spring Sale,1/3/23,15/3/23,Email,5000,All Customers,120,8
212,2023-04-17,C005,P113,8,MC001,Emma Brown,Miami,USA,Bluetooth Headphones Charger,Electronics,CableMax,150,300,Spring Sale,1/3/23,15/3/23,Email,5000,All Customers,1200,4
213,2023-01-27,C034,P117,8,MC002,Matthew Gonzalez,Houston,USA,Bluetooth Speaker,Electronics,SoundWave,140,200,Summer Clearance,15/6/23,30/6/23,Social Media,7500,Gold Tier,1120,1
214,2023-08-16,C012,P118,4,MC001,James Choi,Chicago,USA,External Microphone,Electronics,TechGear,60,1400,Spring Sale,1/3/23,15/3/23,Email,5000,All Customers,240,8
215,2023-11-02,C029,P109,7,MC004,Chloe Dubois,Miami,USA,Laptop,Electronics,TechGear,20,200,Black Friday,24/11/23,27/11/23,Multi-channel,25000,All Customers,140,11
216,2023-06-17,C044,P119,3,MC001,Gabriel Santos,Los Angeles,USA,Adapter,Electronics,CableMax,40,800,Spring Sale,1/3/23,15/3/23,Email,5000,All Customers,120,6
217,2023-08-19,C030,P116,2,MC001,Andrew Ivanov,Miami,USA,Cleanup Kit,Accessories,TechGear,20,1300,Spring Sale,1/3/23,15/3/23,Email,5000,All Customers,40,8
218,2023-12-10,C038,P106,2,MC002,Thomas Sanchez,Houston,USA,Keyboard,Electronics,TechGear,110,1000,Summer Clearance,15/6/23,30/6/23,Social Media,7500,Gold Tier,220,12
219,2023-11-11,C001,P110,8,MC005,John Doe,New York,USA,Briefcase,Accessories,ProtectPro,120,900,Holiday Special,10/12/23,24/12/23,Email + Social Media,10000,Silver and Gold Tiers,960,11
220,2023-05-17,C039,P108,6,MC002,Penelope Cheng,Los Angeles,USA,Computer Case,Accessories,ProtectPro,110,500,Summer Clearance,15/6/23,30/6/23,Social Media,7500,Gold Tier,660,5
221,2023-06-11,C034,P115,9,MC005,Matthew Gonzalez,Houston,USA,Gaming Headset,Electronics,SoundWave,50,200,Holiday Special,10/12/23,24/12/23,Email + Social Media,10000,Silver and Gold Tiers,450,6
222,2023-07-09,C028,P114,8,MC002,Joseph Mendoza,New York,USA,Suitcase,Accessories,ProtectPro,120,1100,Summer Clearance,15/6/23,30/6/23,Social Media,7500,Gold Tier,960,7
223,2023-03-06,C049,P101,7,MC004,Mila Popovic,Los Angeles,USA,Wireless Mouse,Electronics,TechGear,20,500,Black Friday,24/11/23,27/11/23,Multi-channel,25000,All Customers,140,3
224,2023-07-15,C016,P110,5,MC003,Lucas Morales,Los Angeles,USA,Briefcase,Accessories,ProtectPro,120,900,Back to School,1/8/23,31/8/23,TV,15000,Families,600,7
225,2023-08-04,C009,P116,6,MC001,Isabella Tanaka,Chicago,USA,Cleanup Kit,Accessories,TechGear,20,1300,Spring Sale,1/3/23,15/3/23,Email,5000,All Customers,120,8
226,2023-10-18,C047,P105,5,MC005,Leah Fontaine,Miami,USA,Smart Watch,Electronics,TechGear,25,200,Holiday Special,10/12/23,24/12/23,Email + Social Media,10000,Silver and Gold Tiers,125,10
227,2023-06-09,C030,P111,2,MC001,Andrew Ivanov,Miami,USA,Backpack,Accessories,ProtectPro,30,1300,Spring Sale,1/3/23,15/3/23,Email,5000,All Customers,60,6
228,2023-10-24,C014,P116,4,MC005,Benjamin Larsson,Los Angeles,USA,Cleanup Kit,Accessories,TechGear,20,1300,Holiday Special,10/12/23,24/12/23,Email + Social Media,10000,Silver and Gold Tiers,80,10
229,2023-11-11,C043,P101,8,MC003,Hannah Eriksson,New York,USA,Wireless Mouse,Electronics,TechGear,20,500,Back to School,1/8/23,31/8/23,TV,15000,Families,160,11
230,2023-01-25,C032,P115,5,MC002,Christopher Lee,Los Angeles,USA,Gaming Headset,Electronics,SoundWave,50,200,Summer Clearance,15/6/23,30/6/23,Social Media,7500,Gold Tier,250,1
231,2023-09-13,C044,P108,6,MC001,Gabriel Santos,Los Angeles,USA,Computer Case,Accessories,ProtectPro,110,500,Spring Sale,1/3/23,15/3/23,Email,5000,All Customers,660,9
232,2023-11-10,C047,P103,4,MC004,Leah Fontaine,Miami,USA,USB-C Cable,Accessories,CableMax,15,1000,Black Friday,24/11/23,27/11/23,Multi-channel,25000,All Customers,60,11
233,2023-09-14,C012,P113,10,MC001,James Choi,Chicago,USA,Bluetooth Headphones Charger,Electronics,CableMax,150,300,Spring Sale,1/3/23,15/3/23,Email,5000,All Customers,1500,9
234,2023-12-10,C050,P116,6,MC004,Caleb Reyes,Houston,USA,Cleanup Kit,Accessories,TechGear,20,1300,Black Friday,24/11/23,27/11/23,Multi-channel,25000,All Customers,120,12
235,2023-01-14,C035,P113,9,MC004,Scarlett Watanabe,Los Angeles,USA,Bluetooth Headphones Charger,Electronics,CableMax,150,300,Black Friday,24/11/23,27/11/23,Multi-channel,25000,All Customers,1350,1
236,2023-05-26,C031,P116,4,MC004,Zoe Ramirez,Miami,USA,Cleanup Kit,Accessories,TechGear,20,1300,Black Friday,24/11/23,27/11/23,Multi-channel,25000,All Customers,80,5
237,2023-12-31,C001,P112,2,MC001,John Doe,New York,USA,Desk Chair,Accessories,TechGear,40,500,Spring Sale,1/3/23,15/3/23,Email,5000,All Customers,80,12
238,2023-04-07,C030,P120,2,MC005,Andrew Ivanov,Miami,USA,Keyboard Mousepad,Accessories,TechGear,50,400,Holiday Special,10/12/23,24/12/23,Email + Social Media,10000,Silver and Gold Tiers,100,4
239,2023-02-01,C008,P107,7,MC005,Mason Fitzgerald,Houston,USA,Standing Desk,Accessories,SoundWave,140,1100,Holiday Special,10/12/23,24/12/23,Email + Social Media,10000,Silver and Gold Tiers,980,2
240,2023-03-30,C046,P101,4,MC001,Isaac Nkosi,Houston,USA,Wireless Mouse,Electronics,TechGear,20,500,Spring Sale,1/3/23,15/3/23,Email,5000,All Customers,80,3
241,2023-01-17,C050,P117,4,MC001,Caleb Reyes,Houston,USA,Bluetooth Speaker,Electronics,SoundWave,140,200,Spring Sale,1/3/23,15/3/23,Email,5000,All Customers,560,1
242,2023-01-03,C026,P103,3,MC001,David Okafor,Los Angeles,USA,USB-C Cable,Accessories,CableMax,15,1000,Spring Sale,1/3/23,15/3/23,Email,5000,All Customers,45,1
243,2023-03-21,C046,P117,2,MC004,Isaac Nkosi,Houston,USA,Bluetooth Speaker,Electronics,SoundWave,140,200,Black Friday,24/11/23,27/11/23,Multi-channel,25000,All Customers,280,3
244,2023-04-08,C036,P107,5,MC005,Ryan Müller,Los Angeles,USA,Standing Desk,Accessories,SoundWave,140,1100,Holiday Special,10/12/23,24/12/23,Email + Social Media,10000,Silver and Gold Tiers,700,4
245,2023-02-10,C037,P119,9,MC002,Victoria Kozlov,Chicago,USA,Adapter,Electronics,CableMax,40,800,Summer Clearance,15/6/23,30/6/23,Social Media,7500,Gold Tier,360,2
246,2023-12-23,C044,P116,6,MC001,Gabriel Santos,Los Angeles,USA,Cleanup Kit,Accessories,TechGear,20,1300,Spring Sale,1/3/23,15/3/23,Email,5000,All Customers,120,12
247,2023-04-04,C006,P115,1,MC004,Noah Chen,Los Angeles,USA,Gaming Headset,Electronics,SoundWave,50,200,Black Friday,24/11/23,27/11/23,Multi-channel,25000,All Customers,50,4
248,2023-06-15,C037,P104,6,MC003,Victoria Kozlov,Chicago,USA,Phone Case,Accessories,ProtectPro,10,800,Back to School,1/8/23,31/8/23,TV,15000,Families,60,6
249,2023-12-17,C027,P115,7,MC002,Grace Yamamoto,Chicago,USA,Gaming Headset,Electronics,SoundWave,50,200,Summer Clearance,15/6/23,30/6/23,Social Media,7500,Gold Tier,350,12
250,2023-01-20,C049,P117,4,MC001,Mila Popovic,Los Angeles,USA,Bluetooth Speaker,Electronics,SoundWave,140,200,Spring Sale,1/3/23,15/3/23,Email,5000,All Customers,560,1
251,2023-09-07,C018,P107,1,MC005,Alexander Rossi,New York,USA,Standing Desk,Accessories,SoundWave,140,1100,Holiday Special,10/12/23,24/12/23,Email + Social Media,10000,Silver and Gold Tiers,140,9
252,2023-09-24,C042,P113,4,MC004,Owen Takahashi,New York,USA,Bluetooth Headphones Charger,Electronics,CableMax,150,300,Black Friday,24/11/23,27/11/23,Multi-channel,25000,All Customers,600,9
253,2023-05-17,C008,P119,7,MC002,Mason Fitzgerald,Houston,USA,Adapter,Electronics,CableMax,40,800,Summer Clearance,15/6/23,30/6/23,Social Media,7500,Gold Tier,280,5
254,2023-08-21,C027,P114,3,MC004,Grace Yamamoto,Chicago,USA,Suitcase,Accessories,ProtectPro,120,1100,Black Friday,24/11/23,27/11/23,Multi-channel,25000,All Customers,360,8
255,2023-11-06,C012,P114,7,MC001,James Choi,Chicago,USA,Suitcase,Accessories,ProtectPro,120,1100,Spring Sale,1/3/23,15/3/23,Email,5000,All Customers,840,11
256,2023-10-05,C048,P112,1,MC003,Dylan Suzuki,New York,USA,Desk Chair,Accessories,TechGear,40,500,Back to School,1/8/23,31/8/23,TV,15000,Families,40,10
257,2023-12-26,C001,P106,10,MC003,John Doe,New York,USA,Keyboard,Electronics,TechGear,110,1000,Back to School,1/8/23,31/8/23,TV,15000,Families,1100,12
258,2024-01-01,C034,P109,2,MC005,Matthew Gonzalez,Houston,USA,Laptop,Electronics,TechGear,20,200,Holiday Special,10/12/23,24/12/23,Email + Social Media,10000,Silver and Gold Tiers,40,1
259,2023-02-04,C008,P107,3,MC001,Mason Fitzgerald,Houston,USA,Standing Desk,Accessories,SoundWave,140,1100,Spring Sale,1/3/23,15/3/23,Email,5000,All Customers,420,2
260,2023-09-15,C044,P110,3,MC003,Gabriel Santos,Los Angeles,USA,Briefcase,Accessories,ProtectPro,120,900,Back to School,1/8/23,31/8/23,TV,15000,Families,360,9
261,2023-07-29,C029,P111,1,MC003,Chloe Dubois,Miami,USA,Backpack,Accessories,ProtectPro,30,1300,Back to School,1/8/23,31/8/23,TV,15000,Families,30,7
262,2023-06-26,C023,P119,2,MC003,Elizabeth Novak,Miami,USA,Adapter,Electronics,CableMax,40,800,Back to School,1/8/23,31/8/23,TV,15000,Families,80,6
263,2023-11-02,C011,P108,3,MC004,Charlotte Hoffman,New York,USA,Computer Case,Accessories,ProtectPro,110,500,Black Friday,24/11/23,27/11/23,Multi-channel,25000,All Customers,330,11
264,2023-08-11,C027,P111,6,MC003,Grace Yamamoto,Chicago,USA,Backpack,Accessories,ProtectPro,30,1300,Back to School,1/8/23,31/8/23,TV,15000,Families,180,8
265,2023-05-17,C023,P116,9,MC001,Elizabeth Novak,Miami,USA,Cleanup Kit,Accessories,TechGear,20,1300,Spring Sale,1/3/23,15/3/23,Email,5000,All Customers,180,5
266,2023-06-29,C001,P108,7,MC001,John Doe,New York,USA,Computer Case,Accessories,ProtectPro,110,500,Spring Sale,1/3/23,15/3/23,Email,5000,All Customers,770,6
267,2023-03-17,C010,P110,5,MC003,William Diaz,New York,USA,Briefcase,Accessories,ProtectPro,120,900,Back to School,1/8/23,31/8/23,TV,15000,Families,600,3
268,2023-04-26,C013,P110,10,MC001,Amelia Gupta,Houston,USA,Briefcase,Accessories,ProtectPro,120,900,Spring Sale,1/3/23,15/3/23,Email,5000,All Customers,1200,4
269,2023-03-06,C031,P113,9,MC003,Zoe Ramirez,Miami,USA,Bluetooth Headphones Charger,Electronics,CableMax,150,300,Back to School,1/8/23,31/8/23,TV,15000,Families,1350,3
270,2023-09-08,C026,P120,8,MC002,David Okafor,Los Angeles,USA,Keyboard Mousepad,Accessories,TechGear,50,400,Summer Clearance,15/6/23,30/6/23,Social Media,7500,Gold Tier,400,9
271,2023-11-08,C035,P120,4,MC005,Scarlett Watanabe,Los Angeles,USA,Keyboard Mousepad,Accessories,TechGear,50,400,Holiday Special,10/12/23,24/12/23,Email + Social Media,10000,Silver and Gold Tiers,200,11
272,2023-04-25,C032,P110,8,MC005,Christopher Lee,Los Angeles,USA,Briefcase,Accessories,ProtectPro,120,900,Holiday Special,10/12/23,24/12/23,Email + Social Media,10000,Silver and Gold Tiers,960,4
273,2023-03-13,C014,P106,2,MC001,Benjamin Larsson,Los Angeles,USA,Keyboard,Electronics,TechGear,110,1000,Spring Sale,1/3/23,15/3/23,Email,5000,All Customers,220,3
274,2023-10-30,C002,P113,8,MC005,Jane Smith,Los Angeles,USA,Bluetooth Headphones Charger,Electronics,CableMax,150,300,Holiday Special,10/12/23,24/12/23,Email + Social Media,10000,Silver and Gold Tiers,1200,10
275,2023-08-10,C019,P119,9,MC004,Abigail Nakamura,Chicago,USA,Adapter,Electronics,CableMax,40,800,Black Friday,24/11/23,27/11/23,Multi-channel,25000,All Customers,360,8
276,2023-08-24,C003,P119,1,MC005,Alice Johnson,Chicago,USA,Adapter,Electronics,CableMax,40,800,Holiday Special,10/12/23,24/12/23,Email + Social Media,10000,Silver and Gold Tiers,40,8
277,2023-11-12,C026,P114,9,MC004,David Okafor,Los Angeles,USA,Suitcase,Accessories,ProtectPro,120,1100,Black Friday,24/11/23,27/11/23,Multi-channel,25000,All Customers,1080,11
278,2023-05-13,C030,P103,2,MC002,Andrew Ivanov,Miami,USA,USB-C Cable,Accessories,CableMax,15,1000,Summer Clearance,15/6/23,30/6/23,Social Media,7500,Gold Tier,30,5
279,2023-07-12,C016,P116,4,MC005,Lucas Morales,Los Angeles,USA,Cleanup Kit,Accessories,TechGear,20,1300,Holiday Special,10/12/23,24/12/23,Email + Social Media,10000,Silver and Gold Tiers,80,7
280,2023-03-12,C036,P103,1,MC003,Ryan Müller,Los Angeles,USA,USB-C Cable,Accessories,CableMax,15,1000,Back to School,1/8/23,31/8/23,TV,15000,Families,15,3
281,2023-01-31,C044,P115,8,MC005,Gabriel Santos,Los Angeles,USA,Gaming Headset,Electronics,SoundWave,50,200,Holiday Special,10/12/23,24/12/23,Email + Social Media,10000,Silver and Gold Tiers,400,1
282,2023-04-13,C013,P101,2,MC005,Amelia Gupta,Houston,USA,Wireless Mouse,Electronics,TechGear,20,500,Holiday Special,10/12/23,24/12/23,Email + Social Media,10000,Silver and Gold Tiers,40,4
283,2023-04-10,C029,P101,9,MC005,Chloe Dubois,Miami,USA,Wireless Mouse,Electronics,TechGear,20,500,Holiday Special,10/12/23,24/12/23,Email + Social Media,10000,Silver and Gold Tiers,180,4
284,2023-12-19,C025,P105,7,MC002,Sofia Petrov,Los Angeles,USA,Smart Watch,Electronics,TechGear,25,200,Summer Clearance,15/6/23,30/6/23,Social Media,7500,Gold Tier,175,12
285,2023-07-18,C029,P119,7,MC003,Chloe Dubois,Miami,USA,Adapter,Electronics,CableMax,40,800,Back to School,1/8/23,31/8/23,TV,15000,Families,280,7
286,2023-03-14,C011,P119,2,MC003,Charlotte Hoffman,New York,USA,Adapter,Electronics,CableMax,40,800,Back to School,1/8/23,31/8/23,TV,15000,Families,80,3
287,2023-12-09,C049,P110,4,MC002,Mila Popovic,Los Angeles,USA,Briefcase,Accessories,ProtectPro,120,900,Summer Clearance,15/6/23,30/6/23,Social Media,7500,Gold Tier,480,12
288,2023-09-22,C040,P113,8,MC005,Jack O'Brien,Miami,USA,Bluetooth Headphones Charger,Electronics,CableMax,150,300,Holiday Special,10/12/23,24/12/23,Email + Social Media,10000,Silver and Gold Tiers,1200,9
289,2023-05-03,C028,P105,7,MC002,Joseph Mendoza,New York,USA,Smart Watch,Electronics,TechGear,25,200,Summer Clearance,15/6/23,30/6/23,Social Media,7500,Gold Tier,175,5
290,2023-09-03,C043,P101,3,MC002,Hannah Eriksson,New York,USA,Wireless Mouse,Electronics,TechGear,20,500,Summer Clearance,15/6/23,30/6/23,Social Media,7500,Gold Tier,60,9
291,2023-07-25,C041,P107,3,MC001,Audrey Kuznetsov,Miami,USA,Standing Desk,Accessories,SoundWave,140,1100,Spring Sale,1/3/23,15/3/23,Email,5000,All Customers,420,7
292,2023-08-27,C008,P106,2,MC004,Mason Fitzgerald,Houston,USA,Keyboard,Electronics,TechGear,110,1000,Black Friday,24/11/23,27/11/23,Multi-channel,25000,All Customers,220,8
293,2023-01-15,C045,P116,9,MC005,Nora Zimmerman,Houston,USA,Cleanup Kit,Accessories,TechGear,20,1300,Holiday Special,10/12/23,24/12/23,Email + Social Media,10000,Silver and Gold Tiers,180,1
294,2023-06-02,C035,P120,5,MC001,Scarlett Watanabe,Los Angeles,USA,Keyboard Mousepad,Accessories,TechGear,50,400,Spring Sale,1/3/23,15/3/23,Email,5000,All Customers,250,6
295,2023-02-01,C049,P106,1,MC001,Mila Popovic,Los Angeles,USA,Keyboard,Electronics,TechGear,110,1000,Spring Sale,1/3/23,15/3/23,Email,5000,All Customers,110,2
296,2023-05-03,C034,P120,5,MC001,Matthew Gonzalez,Houston,USA,Keyboard Mousepad,Accessories,TechGear,50,400,Spring Sale,1/3/23,15/3/23,Email,5000,All Customers,250,5
297,2023-08-29,C019,P119,8,MC001,Abigail Nakamura,Chicago,USA,Adapter,Electronics,CableMax,40,800,Spring Sale,1/3/23,15/3/23,Email,5000,All Customers,320,8
298,2023-01-31,C010,P110,5,MC003,William Diaz,New York,USA,Briefcase,Accessories,ProtectPro,120,900,Back to School,1/8/23,31/8/23,TV,15000,Families,600,1
299,2023-03-05,C004,P118,2,MC005,Bob Wilson,Houston,USA,External Microphone,Electronics,TechGear,60,1400,Holiday Special,10/12/23,24/12/23,Email + Social Media,10000,Silver and Gold Tiers,120,3
300,2023-12-09,C033,P104,5,MC004,Lily Sørensen,New York,USA,Phone Case,Accessories,ProtectPro,10,800,Black Friday,24/11/23,27/11/23,Multi-channel,25000,All Customers,50,12
301,2023-05-07,C003,P114,8,MC003,Alice Johnson,Chicago,USA,Suitcase,Accessories,ProtectPro,120,1100,Back to School,1/8/23,31/8/23,TV,15000,Families,960,5
302,2023-06-28,C012,P117,10,MC004,James Choi,Chicago,USA,Bluetooth Speaker,Electronics,SoundWave,140,200,Black Friday,24/11/23,27/11/23,Multi-channel,25000,All Customers,1400,6
303,2023-02-12,C009,P107,1,MC001,Isabella Tanaka,Chicago,USA,Standing Desk,Accessories,SoundWave,140,1100,Spring Sale,1/3/23,15/3/23,Email,5000,All Customers,140,2
304,2023-10-14,C024,P103,5,MC005,Samuel Kim,Chicago,USA,USB-C Cable,Accessories,CableMax,15,1000,Holiday Special,10/12/23,24/12/23,Email + Social Media,10000,Silver and Gold Tiers,75,10
305,2023-09-13,C008,P120,2,MC003,Mason Fitzgerald,Houston,USA,Keyboard Mousepad,Accessories,TechGear,50,400,Back to School,1/8/23,31/8/23,TV,15000,Families,100,9
306,2023-07-23,C014,P114,5,MC003,Benjamin Larsson,Los Angeles,USA,Suitcase,Accessories,ProtectPro,120,1100,Back to School,1/8/23,31/8/23,TV,15000,Families,600,7
307,2023-08-24,C031,P120,9,MC002,Zoe Ramirez,Miami,USA,Keyboard Mousepad,Accessories,TechGear,50,400,Summer Clearance,15/6/23,30/6/23,Social Media,7500,Gold Tier,450,8
308,2023-11-02,C021,P114,8,MC005,Emily Schwartz,Los Angeles,USA,Suitcase,Accessories,ProtectPro,120,1100,Holiday Special,10/12/23,24/12/23,Email + Social Media,10000,Silver and Gold Tiers,960,11
309,2023-05-28,C008,P108,7,MC003,Mason Fitzgerald,Houston,USA,Computer Case,Accessories,ProtectPro,110,500,Back to School,1/8/23,31/8/23,TV,15000,Families,770,5
310,2023-05-18,C048,P106,3,MC005,Dylan Suzuki,New York,USA,Keyboard,Electronics,TechGear,110,1000,Holiday Special,10/12/23,24/12/23,Email + Social Media,10000,Silver and Gold Tiers,330,5
311,2023-08-02,C010,P117,6,MC004,William Diaz,New York,USA,Bluetooth Speaker,Electronics,SoundWave,140,200,Black Friday,24/11/23,27/11/23,Multi-channel,25000,All Customers,840,8
312,2023-04-15,C002,P103,5,MC001,Jane Smith,Los Angeles,USA,USB-C Cable,Accessories,CableMax,15,1000,Spring Sale,1/3/23,15/3/23,Email,5000,All Customers,75,4
313,2023-11-05,C005,P104,5,MC005,Emma Brown,Miami,USA,Phone Case,Accessories,ProtectPro,10,800,Holiday Special,10/12/23,24/12/23,Email + Social Media,10000,Silver and Gold Tiers,50,11
314,2023-11-24,C027,P104,10,MC002,Grace Yamamoto,Chicago,USA,Phone Case,Accessories,ProtectPro,10,800,Summer Clearance,15/6/23,30/6/23,Social Media,7500,Gold Tier,100,11
315,2023-08-08,C031,P119,10,MC002,Zoe Ramirez,Miami,USA,Adapter,Electronics,CableMax,40,800,Summer Clearance,15/6/23,30/6/23,Social Media,7500,Gold Tier,400,8
316,2023-02-07,C013,P105,7,MC002,Amelia Gupta,Houston,USA,Smart Watch,Electronics,TechGear,25,200,Summer Clearance,15/6/23,30/6/23,Social Media,7500,Gold Tier,175,2
317,2023-07-12,C010,P111,9,MC002,William Diaz,New York,USA,Backpack,Accessories,ProtectPro,30,1300,Summer Clearance,15/6/23,30/6/23,Social Media,7500,Gold Tier,270,7
318,2023-01-07,C044,P119,9,MC004,Gabriel Santos,Los Angeles,USA,Adapter,Electronics,CableMax,40,800,Black Friday,24/11/23,27/11/23,Multi-channel,25000,All Customers,360,1
319,2023-11-04,C041,P109,3,MC001,Audrey Kuznetsov,Miami,USA,Laptop,Electronics,TechGear,20,200,Spring Sale,1/3/23,15/3/23,Email,5000,All Customers,60,11
320,2023-08-07,C050,P115,9,MC003,Caleb Reyes,Houston,USA,Gaming Headset,Electronics,SoundWave,50,200,Back to School,1/8/23,31/8/23,TV,15000,Families,450,8
321,2023-07-17,C030,P110,9,MC001,Andrew Ivanov,Miami,USA,Briefcase,Accessories,ProtectPro,120,900,Spring Sale,1/3/23,15/3/23,Email,5000,All Customers,1080,7
322,2023-12-12,C025,P119,3,MC003,Sofia Petrov,Los Angeles,USA,Adapter,Electronics,CableMax,40,800,Back to School,1/8/23,31/8/23,TV,15000,Families,120,12
323,2023-11-26,C034,P110,8,MC003,Matthew Gonzalez,Houston,USA,Briefcase,Accessories,ProtectPro,120,900,Back to School,1/8/23,31/8/23,TV,15000,Families,960,11
324,2023-06-23,C041,P111,2,MC001,Audrey Kuznetsov,Miami,USA,Backpack,Accessories,ProtectPro,30,1300,Spring Sale,1/3/23,15/3/23,Email,5000,All Customers,60,6
325,2023-09-08,C047,P107,3,MC005,Leah Fontaine,Miami,USA,Standing Desk,Accessories,SoundWave,140,1100,Holiday Special,10/12/23,24/12/23,Email + Social Media,10000,Silver and Gold Tiers,420,9
326,2023-01-22,C008,P115,3,MC003,Mason Fitzgerald,Houston,USA,Gaming Headset,Electronics,SoundWave,50,200,Back to School,1/8/23,31/8/23,TV,15000,Families,150,1
327,2023-06-29,C014,P109,4,MC003,Benjamin Larsson,Los Angeles,USA,Laptop,Electronics,TechGear,20,200,Back to School,1/8/23,31/8/23,TV,15000,Families,80,6
328,2023-08-30,C004,P107,8,MC002,Bob Wilson,Houston,USA,Standing Desk,Accessories,SoundWave,140,1100,Summer Clearance,15/6/23,30/6/23,Social Media,7500,Gold Tier,1120,8
329,2023-06-16,C035,P111,10,MC002,Scarlett Watanabe,Los Angeles,USA,Backpack,Accessories,ProtectPro,30,1300,Summer Clearance,15/6/23,30/6/23,Social Media,7500,Gold Tier,300,6
330,2023-11-24,C037,P103,9,MC003,Victoria Kozlov,Chicago,USA,USB-C Cable,Accessories,CableMax,15,1000,Back to School,1/8/23,31/8/23,TV,15000,Families,135,11
331,2023-05-18,C008,P107,10,MC004,Mason Fitzgerald,Houston,USA,Standing Desk,Accessories,SoundWave,140,1100,Black Friday,24/11/23,27/11/23,Multi-channel,25000,All Customers,1400,5
332,2023-09-09,C013,P101,8,MC001,Amelia Gupta,Houston,USA,Wireless Mouse,Electronics,TechGear,20,500,Spring Sale,1/3/23,15/3/23,Email,5000,All Customers,160,9
333,2023-12-05,C035,P101,6,MC002,Scarlett Watanabe,Los Angeles,USA,Wireless Mouse,Electronics,TechGear,20,500,Summer Clearance,15/6/23,30/6/23,Social Media,7500,Gold Tier,120,12
334,2023-07-20,C032,P105,3,MC002,Christopher Lee,Los Angeles,USA,Smart Watch,Electronics,TechGear,25,200,Summer Clearance,15/6/23,30/6/23,Social Media,7500,Gold Tier,75,7
335,2023-06-27,C022,P107,3,MC003,Daniel Fernandez,Chicago,USA,Standing Desk,Accessories,SoundWave,140,1100,Back to School,1/8/23,31/8/23,TV,15000,Families,420,6
336,2023-04-14,C014,P110,5,MC003,Benjamin Larsson,Los Angeles,USA,Briefcase,Accessories,ProtectPro,120,900,Back to School,1/8/23,31/8/23,TV,15000,Families,600,4
337,2023-09-04,C006,P108,4,MC001,Noah Chen,Los Angeles,USA,Computer Case,Accessories,ProtectPro,110,500,Spring Sale,1/3/23,15/3/23,Email,5000,All Customers,440,9
338,2023-02-02,C045,P119,9,MC001,Nora Zimmerman,Houston,USA,Adapter,Electronics,CableMax,40,800,Spring Sale,1/3/23,15/3/23,Email,5000,All Customers,360,2
339,2023-02-17,C033,P110,2,MC004,Lily Sørensen,New York,USA,Briefcase,Accessories,ProtectPro,120,900,Black Friday,24/11/23,27/11/23,Multi-channel,25000,All Customers,240,2
340,2023-10-14,C014,P113,1,MC002,Benjamin Larsson,Los Angeles,USA,Bluetooth Headphones Charger,Electronics,CableMax,150,300,Summer Clearance,15/6/23,30/6/23,Social Media,7500,Gold Tier,150,10
341,2023-09-20,C032,P114,7,MC004,Christopher Lee,Los Angeles,USA,Suitcase,Accessories,ProtectPro,120,1100,Black Friday,24/11/23,27/11/23,Multi-channel,25000,All Customers,840,9
342,2023-03-21,C007,P108,10,MC004,Ava Kowalski,Chicago,USA,Computer Case,Accessories,ProtectPro,110,500,Black Friday,24/11/23,27/11/23,Multi-channel,25000,All Customers,1100,3
343,2023-11-14,C035,P107,7,MC003,Scarlett Watanabe,Los Angeles,USA,Standing Desk,Accessories,SoundWave,140,1100,Back to School,1/8/23,31/8/23,TV,15000,Families,980,11
344,2023-01-01,C033,P119,7,MC002,Lily Sørensen,New York,USA,Adapter,Electronics,CableMax,40,800,Summer Clearance,15/6/23,30/6/23,Social Media,7500,Gold Tier,280,1
345,2023-02-16,C028,P112,10,MC005,Joseph Mendoza,New York,USA,Desk Chair,Accessories,TechGear,40,500,Holiday Special,10/12/23,24/12/23,Email + Social Media,10000,Silver and Gold Tiers,400,2
346,2023-10-12,C036,P119,1,MC002,Ryan Müller,Los Angeles,USA,Adapter,Electronics,CableMax,40,800,Summer Clearance,15/6/23,30/6/23,Social Media,7500,Gold Tier,40,10
347,2023-12-27,C043,P114,1,MC004,Hannah Eriksson,New York,USA,Suitcase,Accessories,ProtectPro,120,1100,Black Friday,24/11/23,27/11/23,Multi-channel,25000,All Customers,120,12
348,2023-02-28,C021,P106,3,MC003,Emily Schwartz,Los Angeles,USA,Keyboard,Electronics,TechGear,110,1000,Back to School,1/8/23,31/8/23,TV,15000,Families,330,2
349,2023-01-17,C017,P118,2,MC001,Evelyn Kovalenko,Houston,USA,External Microphone,Electronics,TechGear,60,1400,Spring Sale,1/3/23,15/3/23,Email,5000,All Customers,120,1
350,2023-09-05,C045,P112,4,MC002,Nora Zimmerman,Houston,USA,Desk Chair,Accessories,TechGear,40,500,Summer Clearance,15/6/23,30/6/23,Social Media,7500,Gold Tier,160,9
351,2023-07-03,C017,P107,8,MC004,Evelyn Kovalenko,Houston,USA,Standing Desk,Accessories,SoundWave,140,1100,Black Friday,24/11/23,27/11/23,Multi-channel,25000,All Customers,1120,7
352,2023-08-17,C042,P112,9,MC003,Owen Takahashi,New York,USA,Desk Chair,Accessories,TechGear,40,500,Back to School,1/8/23,31/8/23,TV,15000,Families,360,8
353,2023-10-09,C009,P104,5,MC002,Isabella Tanaka,Chicago,USA,Phone Case,Accessories,ProtectPro,10,800,Summer Clearance,15/6/23,30/6/23,Social Media,7500,Gold Tier,50,10
354,2023-06-12,C022,P117,1,MC005,Daniel Fernandez,Chicago,USA,Bluetooth Speaker,Electronics,SoundWave,140,200,Holiday Special,10/12/23,24/12/23,Email + Social Media,10000,Silver and Gold Tiers,140,6
355,2023-10-19,C002,P117,2,MC002,Jane Smith,Los Angeles,USA,Bluetooth Speaker,Electronics,SoundWave,140,200,Summer Clearance,15/6/23,30/6/23,Social Media,7500,Gold Tier,280,10
356,2023-02-19,C047,P107,1,MC004,Leah Fontaine,Miami,USA,Standing Desk,Accessories,SoundWave,140,1100,Black Friday,24/11/23,27/11/23,Multi-channel,25000,All Customers,140,2
357,2023-12-24,C041,P116,6,MC005,Audrey Kuznetsov,Miami,USA,Cleanup Kit,Accessories,TechGear,20,1300,Holiday Special,10/12/23,24/12/23,Email + Social Media,10000,Silver and Gold Tiers,120,12
358,2023-04-01,C032,P119,6,MC005,Christopher Lee,Los Angeles,USA,Adapter,Electronics,CableMax,40,800,Holiday Special,10/12/23,24/12/23,Email + Social Media,10000,Silver and Gold Tiers,240,4
359,2023-01-31,C025,P107,6,MC002,Sofia Petrov,Los Angeles,USA,Standing Desk,Accessories,SoundWave,140,1100,Summer Clearance,15/6/23,30/6/23,Social Media,7500,Gold Tier,840,1
360,2023-09-03,C025,P112,8,MC002,Sofia Petrov,Los Angeles,USA,Desk Chair,Accessories,TechGear,40,500,Summer Clearance,15/6/23,30/6/23,Social Media,7500,Gold Tier,320,9
361,2023-12-03,C027,P104,7,MC005,Grace Yamamoto,Chicago,USA,Phone Case,Accessories,ProtectPro,10,800,Holiday Special,10/12/23,24/12/23,Email + Social Media,10000,Silver and Gold Tiers,70,12
362,2023-12-11,C036,P112,3,MC002,Ryan Müller,Los Angeles,USA,Desk Chair,Accessories,TechGear,40,500,Summer Clearance,15/6/23,30/6/23,Social Media,7500,Gold Tier,120,12
363,2023-04-08,C026,P114,4,MC002,David Okafor,Los Angeles,USA,Suitcase,Accessories,ProtectPro,120,1100,Summer Clearance,15/6/23,30/6/23,Social Media,7500,Gold Tier,480,4
364,2023-08-26,C014,P119,3,MC002,Benjamin Larsson,Los Angeles,USA,Adapter,Electronics,CableMax,40,800,Summer Clearance,15/6/23,30/6/23,Social Media,7500,Gold Tier,120,8
365,2023-09-24,C008,P117,3,MC005,Mason Fitzgerald,Houston,USA,Bluetooth Speaker,Electronics,SoundWave,140,200,Holiday Special,10/12/23,24/12/23,Email + Social Media,10000,Silver and Gold Tiers,420,9
366,2023-07-13,C005,P117,4,MC001,Emma Brown,Miami,USA,Bluetooth Speaker,Electronics,SoundWave,140,200,Spring Sale,1/3/23,15/3/23,Email,5000,All Customers,560,7
367,2023-10-18,C016,P105,5,MC004,Lucas Morales,Los Angeles,USA,Smart Watch,Electronics,TechGear,25,200,Black Friday,24/11/23,27/11/23,Multi-channel,25000,All Customers,125,10
368,2023-03-03,C035,P117,10,MC004,Scarlett Watanabe,Los Angeles,USA,Bluetooth Speaker,Electronics,SoundWave,140,200,Black Friday,24/11/23,27/11/23,Multi-channel,25000,All Customers,1400,3
369,2023-09-05,C038,P115,4,MC005,Thomas Sanchez,Houston,USA,Gaming Headset,Electronics,SoundWave,50,200,Holiday Special,10/12/23,24/12/23,Email + Social Media,10000,Silver and Gold Tiers,200,9
370,2023-08-21,C037,P104,6,MC003,Victoria Kozlov,Chicago,USA,Phone Case,Accessories,ProtectPro,10,800,Back to School,1/8/23,31/8/23,TV,15000,Families,60,8
371,2023-09-04,C049,P117,10,MC001,Mila Popovic,Los Angeles,USA,Bluetooth Speaker,Electronics,SoundWave,140,200,Spring Sale,1/3/23,15/3/23,Email,5000,All Customers,1400,9
372,2023-06-27,C036,P101,9,MC004,Ryan Müller,Los Angeles,USA,Wireless Mouse,Electronics,TechGear,20,500,Black Friday,24/11/23,27/11/23,Multi-channel,25000,All Customers,180,6
373,2023-06-07,C043,P105,1,MC005,Hannah Eriksson,New York,USA,Smart Watch,Electronics,TechGear,25,200,Holiday Special,10/12/23,24/12/23,Email + Social Media,10000,Silver and Gold Tiers,25,6
374,2023-10-17,C044,P112,7,MC005,Gabriel Santos,Los Angeles,USA,Desk Chair,Accessories,TechGear,40,500,Holiday Special,10/12/23,24/12/23,Email + Social Media,10000,Silver and Gold Tiers,280,10
375,2023-10-27,C005,P109,5,MC002,Emma Brown,Miami,USA,Laptop,Electronics,TechGear,20,200,Summer Clearance,15/6/23,30/6/23,Social Media,7500,Gold Tier,100,10
376,2023-03-28,C042,P104,5,MC005,Owen Takahashi,New York,USA,Phone Case,Accessories,ProtectPro,10,800,Holiday Special,10/12/23,24/12/23,Email + Social Media,10000,Silver and Gold Tiers,50,3
377,2023-09-25,C001,P102,8,MC003,John Doe,New York,USA,Bluetooth Headphones,Electronics,SoundWave,30,300,Back to School,1/8/23,31/8/23,TV,15000,Families,240,9
378,2023-01-14,C049,P109,8,MC005,Mila Popovic,Los Angeles,USA,Laptop,Electronics,TechGear,20,200,Holiday Special,10/12/23,24/12/23,Email + Social Media,10000,Silver and Gold Tiers,160,1
379,2023-02-06,C015,P116,8,MC004,Harper Singh,Houston,USA,Cleanup Kit,Accessories,TechGear,20,1300,Black Friday,24/11/23,27/11/23,Multi-channel,25000,All Customers,160,2
380,2023-08-26,C010,P119,7,MC003,William Diaz,New York,USA,Adapter,Electronics,CableMax,40,800,Back to School,1/8/23,31/8/23,TV,15000,Families,280,8
381,2023-07-28,C048,P105,5,MC001,Dylan Suzuki,New York,USA,Smart Watch,Electronics,TechGear,25,200,Spring Sale,1/3/23,15/3/23,Email,5000,All Customers,125,7
382,2023-02-16,C038,P102,8,MC001,Thomas Sanchez,Houston,USA,Bluetooth Headphones,Electronics,SoundWave,30,300,Spring Sale,1/3/23,15/3/23,Email,5000,All Customers,240,2
383,2023-07-11,C001,P118,3,MC003,John Doe,New York,USA,External Microphone,Electronics,TechGear,60,1400,Back to School,1/8/23,31/8/23,TV,15000,Families,180,7
384,2023-05-24,C039,P116,4,MC005,Penelope Cheng,Los Angeles,USA,Cleanup Kit,Accessories,TechGear,20,1300,Holiday Special,10/12/23,24/12/23,Email + Social Media,10000,Silver and Gold Tiers,80,5
385,2023-03-28,C036,P101,9,MC004,Ryan Müller,Los Angeles,USA,Wireless Mouse,Electronics,TechGear,20,500,Black Friday,24/11/23,27/11/23,Multi-channel,25000,All Customers,180,3
386,2023-02-13,C010,P104,8,MC002,William Diaz,New York,USA,Phone Case,Accessories,ProtectPro,10,800,Summer Clearance,15/6/23,30/6/23,Social Media,7500,Gold Tier,80,2
387,2023-03-03,C019,P120,6,MC001,Abigail Nakamura,Chicago,USA,Keyboard Mousepad,Accessories,TechGear,50,400,Spring Sale,1/3/23,15/3/23,Email,5000,All Customers,300,3
388,2023-03-06,C019,P111,1,MC005,Abigail Nakamura,Chicago,USA,Backpack,Accessories,ProtectPro,30,1300,Holiday Special,10/12/23,24/12/23,Email + Social Media,10000,Silver and Gold Tiers,30,3
389,2023-03-30,C031,P118,3,MC004,Zoe Ramirez,Miami,USA,External Microphone,Electronics,TechGear,60,1400,Black Friday,24/11/23,27/11/23,Multi-channel,25000,All Customers,180,3
390,2023-06-03,C027,P117,9,MC003,Grace Yamamoto,Chicago,USA,Bluetooth Speaker,Electronics,SoundWave,140,200,Back to School,1/8/23,31/8/23,TV,15000,Families,1260,6
391,2023-07-14,C016,P111,8,MC003,Lucas Morales,Los Angeles,USA,Backpack,Accessories,ProtectPro,30,1300,Back to School,1/8/23,31/8/23,TV,15000,Families,240,7
392,2023-05-05,C049,P113,2,MC004,Mila Popovic,Los Angeles,USA,Bluetooth Headphones Charger,Electronics,CableMax,150,300,Black Friday,24/11/23,27/11/23,Multi-channel,25000,All Customers,300,5
393,2023-04-28,C005,P105,5,MC004,Emma Brown,Miami,USA,Smart Watch,Electronics,TechGear,25,200,Black Friday,24/11/23,27/11/23,Multi-channel,25000,All Customers,125,4
394,2023-10-14,C047,P110,1,MC005,Leah Fontaine,Miami,USA,Briefcase,Accessories,ProtectPro,120,900,Holiday Special,10/12/23,24/12/23,Email + Social Media,10000,Silver and Gold Tiers,120,10
395,2023-05-29,C009,P120,5,MC001,Isabella Tanaka,Chicago,USA,Keyboard Mousepad,Accessories,TechGear,50,400,Spring Sale,1/3/23,15/3/23,Email,5000,All Customers,250,5
396,2023-02-17,C019,P103,10,MC001,Abigail Nakamura,Chicago,USA,USB-C Cable,Accessories,CableMax,15,1000,Spring Sale,1/3/23,15/3/23,Email,5000,All Customers,150,2
397,2023-04-06,C048,P116,1,MC005,Dylan Suzuki,New York,USA,Cleanup Kit,Accessories,TechGear,20,1300,Holiday Special,10/12/23,24/12/23,Email + Social Media,10000,Silver and Gold Tiers,20,4
398,2023-10-16,C022,P119,4,MC005,Daniel Fernandez,Chicago,USA,Adapter,Electronics,CableMax,40,800,Holiday Special,10/12/23,24/12/23,Email + Social Media,10000,Silver and Gold Tiers,160,10
399,2023-03-17,C045,P118,7,MC004,Nora Zimmerman,Houston,USA,External Microphone,Electronics,TechGear,60,1400,Black Friday,24/11/23,27/11/23,Multi-channel,25000,All Customers,420,3
400,2023-05-30,C030,P106,4,MC002,Andrew Ivanov,Miami,USA,Keyboard,Electronics,TechGear,110,1000,Summer Clearance,15/6/23,30/6/23,Social Media,7500,Gold Tier,440,5
401,2023-08-26,C048,P118,5,MC002,Dylan Suzuki,New York,USA,External Microphone,Electronics,TechGear,60,1400,Summer Clearance,15/6/23,30/6/23,Social Media,7500,Gold Tier,300,8
402,2023-06-09,C010,P110,10,MC001,William Diaz,New York,USA,Briefcase,Accessories,ProtectPro,120,900,Spring Sale,1/3/23,15/3/23,Email,5000,All Customers,1200,6
403,2023-05-18,C045,P109,10,MC002,Nora Zimmerman,Houston,USA,Laptop,Electronics,TechGear,20,200,Summer Clearance,15/6/23,30/6/23,Social Media,7500,Gold Tier,200,5
404,2023-10-03,C048,P104,3,MC004,Dylan Suzuki,New York,USA,Phone Case,Accessories,ProtectPro,10,800,Black Friday,24/11/23,27/11/23,Multi-channel,25000,All Customers,30,10
405,2023-03-15,C005,P110,4,MC002,Emma Brown,Miami,USA,Briefcase,Accessories,ProtectPro,120,900,Summer Clearance,15/6/23,30/6/23,Social Media,7500,Gold Tier,480,3
406,2023-04-30,C036,P117,9,MC004,Ryan Müller,Los Angeles,USA,Bluetooth Speaker,Electronics,SoundWave,140,200,Black Friday,24/11/23,27/11/23,Multi-channel,25000,All Customers,1260,4
407,2023-07-21,C044,P107,1,MC004,Gabriel Santos,Los Angeles,USA,Standing Desk,Accessories,SoundWave,140,1100,Black Friday,24/11/23,27/11/23,Multi-channel,25000,All Customers,140,7
408,2023-03-30,C007,P103,2,MC005,Ava Kowalski,Chicago,USA,USB-C Cable,Accessories,CableMax,15,1000,Holiday Special,10/12/23,24/12/23,Email + Social Media,10000,Silver and Gold Tiers,30,3
409,2023-01-18,C033,P111,6,MC003,Lily Sørensen,New York,USA,Backpack,Accessories,ProtectPro,30,1300,Back to School,1/8/23,31/8/23,TV,15000,Families,180,1
410,2023-01-30,C048,P113,7,MC001,Dylan Suzuki,New York,USA,Bluetooth Headphones Charger,Electronics,CableMax,150,300,Spring Sale,1/3/23,15/3/23,Email,5000,All Customers,1050,1
411,2023-05-03,C042,P118,2,MC004,Owen Takahashi,New York,USA,External Microphone,Electronics,TechGear,60,1400,Black Friday,24/11/23,27/11/23,Multi-channel,25000,All Customers,120,5
412,2023-01-12,C009,P109,8,MC003,Isabella Tanaka,Chicago,USA,Laptop,Electronics,TechGear,20,200,Back to School,1/8/23,31/8/23,TV,15000,Families,160,1
413,2023-07-05,C039,P101,6,MC003,Penelope Cheng,Los Angeles,USA,Wireless Mouse,Electronics,TechGear,20,500,Back to School,1/8/23,31/8/23,TV,15000,Families,120,7
414,2023-02-28,C043,P112,8,MC001,Hannah Eriksson,New York,USA,Desk Chair,Accessories,TechGear,40,500,Spring Sale,1/3/23,15/3/23,Email,5000,All Customers,320,2
415,2023-12-09,C025,P104,6,MC003,Sofia Petrov,Los Angeles,USA,Phone Case,Accessories,ProtectPro,10,800,Back to School,1/8/23,31/8/23,TV,15000,Families,60,12
416,2023-06-08,C026,P114,5,MC002,David Okafor,Los Angeles,USA,Suitcase,Accessories,ProtectPro,120,1100,Summer Clearance,15/6/23,30/6/23,Social Media,7500,Gold Tier,600,6
417,2023-01-20,C044,P117,1,MC005,Gabriel Santos,Los Angeles,USA,Bluetooth Speaker,Electronics,SoundWave,140,200,Holiday Special,10/12/23,24/12/23,Email + Social Media,10000,Silver and Gold Tiers,140,1
418,2023-06-07,C043,P114,1,MC001,Hannah Eriksson,New York,USA,Suitcase,Accessories,ProtectPro,120,1100,Spring Sale,1/3/23,15/3/23,Email,5000,All Customers,120,6
419,2023-04-16,C017,P114,10,MC003,Evelyn Kovalenko,Houston,USA,Suitcase,Accessories,ProtectPro,120,1100,Back to School,1/8/23,31/8/23,TV,15000,Families,1200,4
420,2023-07-16,C045,P103,8,MC003,Nora Zimmerman,Houston,USA,USB-C Cable,Accessories,CableMax,15,1000,Back to School,1/8/23,31/8/23,TV,15000,Families,120,7
421,2023-12-17,C023,P107,10,MC004,Elizabeth Novak,Miami,USA,Standing Desk,Accessories,SoundWave,140,1100,Black Friday,24/11/23,27/11/23,Multi-channel,25000,All Customers,1400,12
422,2023-06-07,C017,P107,10,MC001,Evelyn Kovalenko,Houston,USA,Standing Desk,Accessories,SoundWave,140,1100,Spring Sale,1/3/23,15/3/23,Email,5000,All Customers,1400,6
423,2023-04-30,C038,P115,1,MC001,Thomas Sanchez,Houston,USA,Gaming Headset,Electronics,SoundWave,50,200,Spring Sale,1/3/23,15/3/23,Email,5000,All Customers,50,4
424,2023-07-16,C023,P118,10,MC004,Elizabeth Novak,Miami,USA,External Microphone,Electronics,TechGear,60,1400,Black Friday,24/11/23,27/11/23,Multi-channel,25000,All Customers,600,7
425,2023-04-15,C013,P114,5,MC005,Amelia Gupta,Houston,USA,Suitcase,Accessories,ProtectPro,120,1100,Holiday Special,10/12/23,24/12/23,Email + Social Media,10000,Silver and Gold Tiers,600,4
426,2023-01-27,C020,P101,5,MC001,Michael Andersen,Houston,USA,Wireless Mouse,Electronics,TechGear,20,500,Spring Sale,1/3/23,15/3/23,Email,5000,All Customers,100,1
427,2023-06-13,C014,P110,6,MC002,Benjamin Larsson,Los Angeles,USA,Briefcase,Accessories,ProtectPro,120,900,Summer Clearance,15/6/23,30/6/23,Social Media,7500,Gold Tier,720,6
428,2023-07-21,C027,P108,3,MC001,Grace Yamamoto,Chicago,USA,Computer Case,Accessories,ProtectPro,110,500,Spring Sale,1/3/23,15/3/23,Email,5000,All Customers,330,7
429,2023-07-07,C037,P116,8,MC001,Victoria Kozlov,Chicago,USA,Cleanup Kit,Accessories,TechGear,20,1300,Spring Sale,1/3/23,15/3/23,Email,5000,All Customers,160,7
430,2023-06-21,C037,P118,8,MC005,Victoria Kozlov,Chicago,USA,External Microphone,Electronics,TechGear,60,1400,Holiday Special,10/12/23,24/12/23,Email + Social Media,10000,Silver and Gold Tiers,480,6
431,2023-11-07,C025,P113,5,MC004,Sofia Petrov,Los Angeles,USA,Bluetooth Headphones Charger,Electronics,CableMax,150,300,Black Friday,24/11/23,27/11/23,Multi-channel,25000,All Customers,750,11
432,2023-06-25,C028,P108,9,MC001,Joseph Mendoza,New York,USA,Computer Case,Accessories,ProtectPro,110,500,Spring Sale,1/3/23,15/3/23,Email,5000,All Customers,990,6
433,2023-04-16,C020,P111,10,MC003,Michael Andersen,Houston,USA,Backpack,Accessories,ProtectPro,30,1300,Back to School,1/8/23,31/8/23,TV,15000,Families,300,4
434,2023-03-06,C043,P113,4,MC002,Hannah Eriksson,New York,USA,Bluetooth Headphones Charger,Electronics,CableMax,150,300,Summer Clearance,15/6/23,30/6/23,Social Media,7500,Gold Tier,600,3
435,2023-04-03,C002,P108,9,MC003,Jane Smith,Los Angeles,USA,Computer Case,Accessories,ProtectPro,110,500,Back to School,1/8/23,31/8/23,TV,15000,Families,990,4
436,2023-01-04,C036,P118,4,MC004,Ryan Müller,Los Angeles,USA,External Microphone,Electronics,TechGear,60,1400,Black Friday,24/11/23,27/11/23,Multi-channel,25000,All Customers,240,1
437,2023-04-03,C035,P118,3,MC003,Scarlett Watanabe,Los Angeles,USA,External Microphone,Electronics,TechGear,60,1400,Back to School,1/8/23,31/8/23,TV,15000,Families,180,4
438,2023-10-08,C048,P120,8,MC005,Dylan Suzuki,New York,USA,Keyboard Mousepad,Accessories,TechGear,50,400,Holiday Special,10/12/23,24/12/23,Email + Social Media,10000,Silver and Gold Tiers,400,10
439,2023-04-23,C036,P114,10,MC004,Ryan Müller,Los Angeles,USA,Suitcase,Accessories,ProtectPro,120,1100,Black Friday,24/11/23,27/11/23,Multi-channel,25000,All Customers,1200,4
440,2023-10-11,C030,P113,7,MC005,Andrew Ivanov,Miami,USA,Bluetooth Headphones Charger,Electronics,CableMax,150,300,Holiday Special,10/12/23,24/12/23,Email + Social Media,10000,Silver and Gold Tiers,1050,10
441,2023-03-31,C015,P118,3,MC001,Harper Singh,Houston,USA,External Microphone,Electronics,TechGear,60,1400,Spring Sale,1/3/23,15/3/23,Email,5000,All Customers,180,3
442,2023-01-01,C031,P108,8,MC003,Zoe Ramirez,Miami,USA,Computer Case,Accessories,ProtectPro,110,500,Back to School,1/8/23,31/8/23,TV,15000,Families,880,1
443,2023-12-01,C012,P120,6,MC004,James Choi,Chicago,USA,Keyboard Mousepad,Accessories,TechGear,50,400,Black Friday,24/11/23,27/11/23,Multi-channel,25000,All Customers,300,12
444,2023-03-15,C045,P110,2,MC004,Nora Zimmerman,Houston,USA,Briefcase,Accessories,ProtectPro,120,900,Black Friday,24/11/23,27/11/23,Multi-channel,25000,All Customers,240,3
445,2024-01-01,C011,P117,9,MC001,Charlotte Hoffman,New York,USA,Bluetooth Speaker,Electronics,SoundWave,140,200,Spring Sale,1/3/23,15/3/23,Email,5000,All Customers,1260,1
446,2023-04-19,C047,P114,9,MC003,Leah Fontaine,Miami,USA,Suitcase,Accessories,ProtectPro,120,1100,Back to School,1/8/23,31/8/23,TV,15000,Families,1080,4
447,2023-08-05,C019,P115,10,MC004,Abigail Nakamura,Chicago,USA,Gaming Headset,Electronics,SoundWave,50,200,Black Friday,24/11/23,27/11/23,Multi-channel,25000,All Customers,500,8
448,2023-02-02,C046,P113,8,MC003,Isaac Nkosi,Houston,USA,Bluetooth Headphones Charger,Electronics,CableMax,150,300,Back to School,1/8/23,31/8/23,TV,15000,Families,1200,2
449,2023-04-05,C044,P101,2,MC001,Gabriel Santos,Los Angeles,USA,Wireless Mouse,Electronics,TechGear,20,500,Spring Sale,1/3/23,15/3/23,Email,5000,All Customers,40,4
450,2023-03-28,C018,P115,3,MC001,Alexander Rossi,New York,USA,Gaming Headset,Electronics,SoundWave,50,200,Spring Sale,1/3/23,15/3/23,Email,5000,All Customers,150,3
451,2023-03-12,C019,P107,7,MC001,Abigail Nakamura,Chicago,USA,Standing Desk,Accessories,SoundWave,140,1100,Spring Sale,1/3/23,15/3/23,Email,5000,All Customers,980,3
452,2023-01-19,C039,P104,5,MC001,Penelope Cheng,Los Angeles,USA,Phone Case,Accessories,ProtectPro,10,800,Spring Sale,1/3/23,15/3/23,Email,5000,All Customers,50,1
453,2023-09-13,C024,P111,6,MC004,Samuel Kim,Chicago,USA,Backpack,Accessories,ProtectPro,30,1300,Black Friday,24/11/23,27/11/23,Multi-channel,25000,All Customers,180,9
454,2023-03-19,C004,P102,10,MC003,Bob Wilson,Houston,USA,Bluetooth Headphones,Electronics,SoundWave,30,300,Back to School,1/8/23,31/8/23,TV,15000,Families,300,3
455,2023-06-26,C029,P111,3,MC003,Chloe Dubois,Miami,USA,Backpack,Accessories,ProtectPro,30,1300,Back to School,1/8/23,31/8/23,TV,15000,Families,90,6
456,2023-10-31,C018,P105,10,MC004,Alexander Rossi,New York,USA,Smart Watch,Electronics,TechGear,25,200,Black Friday,24/11/23,27/11/23,Multi-channel,25000,All Customers,250,10
457,2023-03-09,C012,P116,3,MC002,James Choi,Chicago,USA,Cleanup Kit,Accessories,TechGear,20,1300,Summer Clearance,15/6/23,30/6/23,Social Media,7500,Gold Tier,60,3
458,2023-02-27,C021,P107,9,MC003,Emily Schwartz,Los Angeles,USA,Standing Desk,Accessories,SoundWave,140,1100,Back to School,1/8/23,31/8/23,TV,15000,Families,1260,2
459,2023-05-19,C014,P117,4,MC003,Benjamin Larsson,Los Angeles,USA,Bluetooth Speaker,Electronics,SoundWave,140,200,Back to School,1/8/23,31/8/23,TV,15000,Families,560,5
460,2023-06-14,C023,P112,2,MC005,Elizabeth Novak,Miami,USA,Desk Chair,Accessories,TechGear,40,500,Holiday Special,10/12/23,24/12/23,Email + Social Media,10000,Silver and Gold Tiers,80,6
461,2023-02-20,C033,P111,9,MC005,Lily Sørensen,New York,USA,Backpack,Accessories,ProtectPro,30,1300,Holiday Special,10/12/23,24/12/23,Email + Social Media,10000,Silver and Gold Tiers,270,2
462,2023-03-29,C043,P101,4,MC004,Hannah Eriksson,New York,USA,Wireless Mouse,Electronics,TechGear,20,500,Black Friday,24/11/23,27/11/23,Multi-channel,25000,All Customers,80,3
463,2023-07-16,C004,P107,3,MC005,Bob Wilson,Houston,USA,Standing Desk,Accessories,SoundWave,140,1100,Holiday Special,10/12/23,24/12/23,Email + Social Media,10000,Silver and Gold Tiers,420,7
464,2023-03-28,C022,P106,2,MC004,Daniel Fernandez,Chicago,USA,Keyboard,Electronics,TechGear,110,1000,Black Friday,24/11/23,27/11/23,Multi-channel,25000,All Customers,220,3
465,2023-05-04,C003,P107,1,MC002,Alice Johnson,Chicago,USA,Standing Desk,Accessories,SoundWave,140,1100,Summer Clearance,15/6/23,30/6/23,Social Media,7500,Gold Tier,140,5
466,2023-08-30,C013,P118,10,MC001,Amelia Gupta,Houston,USA,External Microphone,Electronics,TechGear,60,1400,Spring Sale,1/3/23,15/3/23,Email,5000,All Customers,600,8
467,2023-05-02,C015,P101,9,MC002,Harper Singh,Houston,USA,Wireless Mouse,Electronics,TechGear,20,500,Summer Clearance,15/6/23,30/6/23,Social Media,7500,Gold Tier,180,5
468,2023-10-29,C010,P118,6,MC001,William Diaz,New York,USA,External Microphone,Electronics,TechGear,60,1400,Spring Sale,1/3/23,15/3/23,Email,5000,All Customers,360,10
469,2023-11-24,C008,P106,4,MC002,Mason Fitzgerald,Houston,USA,Keyboard,Electronics,TechGear,110,1000,Summer Clearance,15/6/23,30/6/23,Social Media,7500,Gold Tier,440,11
470,2023-07-24,C045,P109,1,MC005,Nora Zimmerman,Houston,USA,Laptop,Electronics,TechGear,20,200,Holiday Special,10/12/23,24/12/23,Email + Social Media,10000,Silver and Gold Tiers,20,7
471,2023-05-30,C040,P115,6,MC003,Jack O'Brien,Miami,USA,Gaming Headset,Electronics,SoundWave,50,200,Back to School,1/8/23,31/8/23,TV,15000,Families,300,5
472,2023-07-16,C015,P113,3,MC004,Harper Singh,Houston,USA,Bluetooth Headphones Charger,Electronics,CableMax,150,300,Black Friday,24/11/23,27/11/23,Multi-channel,25000,All Customers,450,7
473,2023-02-07,C038,P114,7,MC004,Thomas Sanchez,Houston,USA,Suitcase,Accessories,ProtectPro,120,1100,Black Friday,24/11/23,27/11/23,Multi-channel,25000,All Customers,840,2
474,2023-02-14,C008,P106,2,MC003,Mason Fitzgerald,Houston,USA,Keyboard,Electronics,TechGear,110,1000,Back to School,1/8/23,31/8/23,TV,15000,Families,220,2
475,2023-10-30,C009,P101,4,MC001,Isabella Tanaka,Chicago,USA,Wireless Mouse,Electronics,TechGear,20,500,Spring Sale,1/3/23,15/3/23,Email,5000,All Customers,80,10
476,2023-07-23,C043,P109,8,MC005,Hannah Eriksson,New York,USA,Laptop,Electronics,TechGear,20,200,Holiday Special,10/12/23,24/12/23,Email + Social Media,10000,Silver and Gold Tiers,160,7
477,2023-02-14,C035,P109,10,MC002,Scarlett Watanabe,Los Angeles,USA,Laptop,Electronics,TechGear,20,200,Summer Clearance,15/6/23,30/6/23,Social Media,7500,Gold Tier,200,2
478,2023-07-08,C010,P120,2,MC001,William Diaz,New York,USA,Keyboard Mousepad,Accessories,TechGear,50,400,Spring Sale,1/3/23,15/3/23,Email,5000,All Customers,100,7
479,2023-03-07,C002,P115,3,MC004,Jane Smith,Los Angeles,USA,Gaming Headset,Electronics,SoundWave,50,200,Black Friday,24/11/23,27/11/23,Multi-channel,25000,All Customers,150,3
480,2023-07-24,C016,P120,3,MC002,Lucas Morales,Los Angeles,USA,Keyboard Mousepad,Accessories,TechGear,50,400,Summer Clearance,15/6/23,30/6/23,Social Media,7500,Gold Tier,150,7
481,2023-02-10,C050,P111,5,MC003,Caleb Reyes,Houston,USA,Backpack,Accessories,ProtectPro,30,1300,Back to School,1/8/23,31/8/23,TV,15000,Families,150,2
482,2023-11-16,C047,P106,2,MC005,Leah Fontaine,Miami,USA,Keyboard,Electronics,TechGear,110,1000,Holiday Special,10/12/23,24/12/23,Email + Social Media,10000,Silver and Gold Tiers,220,11
483,2023-11-05,C002,P118,8,MC005,Jane Smith,Los Angeles,USA,External Microphone,Electronics,TechGear,60,1400,Holiday Special,10/12/23,24/12/23,Email + Social Media,10000,Silver and Gold Tiers,480,11
484,2023-11-28,C037,P103,2,MC001,Victoria Kozlov,Chicago,USA,USB-C Cable,Accessories,CableMax,15,1000,Spring Sale,1/3/23,15/3/23,Email,5000,All Customers,30,11
485,2023-09-13,C024,P103,8,MC005,Samuel Kim,Chicago,USA,USB-C Cable,Accessories,CableMax,15,1000,Holiday Special,10/12/23,24/12/23,Email + Social Media,10000,Silver and Gold Tiers,120,9
486,2023-09-23,C008,P111,8,MC004,Mason Fitzgerald,Houston,USA,Backpack,Accessories,ProtectPro,30,1300,Black Friday,24/11/23,27/11/23,Multi-channel,25000,All Customers,240,9
487,2023-01-11,C048,P119,2,MC004,Dylan Suzuki,New York,USA,Adapter,Electronics,CableMax,40,800,Black Friday,24/11/23,27/11/23,Multi-channel,25000,All Customers,80,1
488,2023-07-14,C024,P103,9,MC004,Samuel Kim,Chicago,USA,USB-C Cable,Accessories,CableMax,15,1000,Black Friday,24/11/23,27/11/23,Multi-channel,25000,All Customers,135,7
489,2023-09-25,C050,P105,3,MC005,Caleb Reyes,Houston,USA,Smart Watch,Electronics,TechGear,25,200,Holiday Special,10/12/23,24/12/23,Email + Social Media,10000,Silver and Gold Tiers,75,9
490,2023-11-25,C041,P106,7,MC005,Audrey Kuznetsov,Miami,USA,Keyboard,Electronics,TechGear,110,1000,Holiday Special,10/12/23,24/12/23,Email + Social Media,10000,Silver and Gold Tiers,770,11
491,2023-07-19,C015,P112,2,MC001,Harper Singh,Houston,USA,Desk Chair,Accessories,TechGear,40,500,Spring Sale,1/3/23,15/3/23,Email,5000,All Customers,80,7
492,2023-03-22,C022,P101,2,MC005,Daniel Fernandez,Chicago,USA,Wireless Mouse,Electronics,TechGear,20,500,Holiday Special,10/12/23,24/12/23,Email + Social Media,10000,Silver and Gold Tiers,40,3
493,2023-03-14,C019,P120,3,MC002,Abigail Nakamura,Chicago,USA,Keyboard Mousepad,Accessories,TechGear,50,400,Summer Clearance,15/6/23,30/6/23,Social Media,7500,Gold Tier,150,3
494,2023-11-10,C012,P112,6,MC002,James Choi,Chicago,USA,Desk Chair,Accessories,TechGear,40,500,Summer Clearance,15/6/23,30/6/23,Social Media,7500,Gold Tier,240,11
495,2023-03-30,C023,P117,6,MC005,Elizabeth Novak,Miami,USA,Bluetooth Speaker,Electronics,SoundWave,140,200,Holiday Special,10/12/23,24/12/23,Email + Social Media,10000,Silver and Gold Tiers,840,3
496,2023-08-31,C002,P114,3,MC001,Jane Smith,Los Angeles,USA,Suitcase,Accessories,ProtectPro,120,1100,Spring Sale,1/3/23,15/3/23,Email,5000,All Customers,360,8
497,2023-11-23,C034,P104,4,MC001,Matthew Gonzalez,Houston,USA,Phone Case,Accessories,ProtectPro,10,800,Spring Sale,1/3/23,15/3/23,Email,5000,All Customers,40,11
498,2023-03-04,C026,P109,7,MC003,David Okafor,Los Angeles,USA,Laptop,Electronics,TechGear,20,200,Back to School,1/8/23,31/8/23,TV,15000,Families,140,3
499,2023-06-15,C048,P118,9,MC002,Dylan Suzuki,New York,USA,External Microphone,Electronics,TechGear,60,1400,Summer Clearance,15/6/23,30/6/23,Social Media,7500,Gold Tier,540,6
500,2023-04-04,C046,P117,4,MC002,Isaac Nkosi,Houston,USA,Bluetooth Speaker,Electronics,SoundWave,140,200,Summer Clearance,15/6/23,30/6/23,Social Media,7500,Gold Tier,560,4
501,2023-10-10,C044,P102,1,MC004,Gabriel Santos,Los Angeles,USA,Bluetooth Headphones,Electronics,SoundWave,30,300,Black Friday,24/11/23,27/11/23,Multi-channel,25000,All Customers,30,10
502,2023-03-04,C044,P117,6,MC003,Gabriel Santos,Los Angeles,USA,Bluetooth Speaker,Electronics,SoundWave,140,200,Back to School,1/8/23,31/8/23,TV,15000,Families,840,3
503,2023-03-30,C039,P117,10,MC004,Penelope Cheng,Los Angeles,USA,Bluetooth Speaker,Electronics,SoundWave,140,200,Black Friday,24/11/23,27/11/23,Multi-channel,25000,All Customers,1400,3
504,2023-04-26,C015,P111,3,MC005,Harper Singh,Houston,USA,Backpack,Accessories,ProtectPro,30,1300,Holiday Special,10/12/23,24/12/23,Email + Social Media,10000,Silver and Gold Tiers,90,4
505,2023-09-10,C042,P110,6,MC002,Owen Takahashi,New York,USA,Briefcase,Accessories,ProtectPro,120,900,Summer Clearance,15/6/23,30/6/23,Social Media,7500,Gold Tier,720,9
506,2023-09-27,C016,P101,3,MC002,Lucas Morales,Los Angeles,USA,Wireless Mouse,Electronics,TechGear,20,500,Summer Clearance,15/6/23,30/6/23,Social Media,7500,Gold Tier,60,9
507,2023-03-13,C043,P105,5,MC005,Hannah Eriksson,New York,USA,Smart Watch,Electronics,TechGear,25,200,Holiday Special,10/12/23,24/12/23,Email + Social Media,10000,Silver and Gold Tiers,125,3
508,2023-04-05,C037,P112,10,MC003,Victoria Kozlov,Chicago,USA,Desk Chair,Accessories,TechGear,40,500,Back to School,1/8/23,31/8/23,TV,15000,Families,400,4
509,2023-09-28,C037,P110,4,MC002,Victoria Kozlov,Chicago,USA,Briefcase,Accessories,ProtectPro,120,900,Summer Clearance,15/6/23,30/6/23,Social Media,7500,Gold Tier,480,9
510,2023-01-28,C022,P107,2,MC001,Daniel Fernandez,Chicago,USA,Standing Desk,Accessories,SoundWave,140,1100,Spring Sale,1/3/23,15/3/23,Email,5000,All Customers,280,1
511,2023-09-24,C042,P111,9,MC004,Owen Takahashi,New York,USA,Backpack,Accessories,ProtectPro,30,1300,Black Friday,24/11/23,27/11/23,Multi-channel,25000,All Customers,270,9
512,2023-05-03,C019,P103,1,MC005,Abigail Nakamura,Chicago,USA,USB-C Cable,Accessories,CableMax,15,1000,Holiday Special,10/12/23,24/12/23,Email + Social Media,10000,Silver and Gold Tiers,15,5
513,2023-05-28,C036,P110,5,MC004,Ryan Müller,Los Angeles,USA,Briefcase,Accessories,ProtectPro,120,900,Black Friday,24/11/23,27/11/23,Multi-channel,25000,All Customers,600,5
514,2023-11-30,C023,P101,7,MC004,Elizabeth Novak,Miami,USA,Wireless Mouse,Electronics,TechGear,20,500,Black Friday,24/11/23,27/11/23,Multi-channel,25000,All Customers,140,11
515,2023-06-19,C013,P108,7,MC004,Amelia Gupta,Houston,USA,Computer Case,Accessories,ProtectPro,110,500,Black Friday,24/11/23,27/11/23,Multi-channel,25000,All Customers,770,6
516,2023-02-02,C047,P109,6,MC001,Leah Fontaine,Miami,USA,Laptop,Electronics,TechGear,20,200,Spring Sale,1/3/23,15/3/23,Email,5000,All Customers,120,2
517,2023-09-14,C044,P119,8,MC004,Gabriel Santos,Los Angeles,USA,Adapter,Electronics,CableMax,40,800,Black Friday,24/11/23,27/11/23,Multi-channel,25000,All Customers,320,9
518,2023-07-10,C049,P114,7,MC005,Mila Popovic,Los Angeles,USA,Suitcase,Accessories,ProtectPro,120,1100,Holiday Special,10/12/23,24/12/23,Email + Social Media,10000,Silver and Gold Tiers,840,7
519,2023-03-06,C003,P118,5,MC001,Alice Johnson,Chicago,USA,External Microphone,Electronics,TechGear,60,1400,Spring Sale,1/3/23,15/3/23,Email,5000,All Customers,300,3
520,2023-07-01,C033,P114,6,MC003,Lily Sørensen,New York,USA,Suitcase,Accessories,ProtectPro,120,1100,Back to School,1/8/23,31/8/23,TV,15000,Families,720,7
521,2023-10-31,C017,P119,7,MC005,Evelyn Kovalenko,Houston,USA,Adapter,Electronics,CableMax,40,800,Holiday Special,10/12/23,24/12/23,Email + Social Media,10000,Silver and Gold Tiers,280,10
522,2023-12-29,C007,P112,5,MC003,Ava Kowalski,Chicago,USA,Desk Chair,Accessories,TechGear,40,500,Back to School,1/8/23,31/8/23,TV,15000,Families,200,12
523,2023-12-22,C012,P116,9,MC005,James Choi,Chicago,USA,Cleanup Kit,Accessories,TechGear,20,1300,Holiday Special,10/12/23,24/12/23,Email + Social Media,10000,Silver and Gold Tiers,180,12
524,2023-08-02,C001,P106,2,MC003,John Doe,New York,USA,Keyboard,Electronics,TechGear,110,1000,Back to School,1/8/23,31/8/23,TV,15000,Families,220,8
525,2023-07-31,C014,P111,1,MC001,Benjamin Larsson,Los Angeles,USA,Backpack,Accessories,ProtectPro,30,1300,Spring Sale,1/3/23,15/3/23,Email,5000,All Customers,30,7
526,2023-06-20,C027,P114,4,MC005,Grace Yamamoto,Chicago,USA,Suitcase,Accessories,ProtectPro,120,1100,Holiday Special,10/12/23,24/12/23,Email + Social Media,10000,Silver and Gold Tiers,480,6
527,2023-04-01,C006,P112,1,MC004,Noah Chen,Los Angeles,USA,Desk Chair,Accessories,TechGear,40,500,Black Friday,24/11/23,27/11/23,Multi-channel,25000,All Customers,40,4
528,2023-06-05,C027,P120,5,MC005,Grace Yamamoto,Chicago,USA,Keyboard Mousepad,Accessories,TechGear,50,400,Holiday Special,10/12/23,24/12/23,Email + Social Media,10000,Silver and Gold Tiers,250,6
529,2023-01-30,C011,P113,1,MC005,Charlotte Hoffman,New York,USA,Bluetooth Headphones Charger,Electronics,CableMax,150,300,Holiday Special,10/12/23,24/12/23,Email + Social Media,10000,Silver and Gold Tiers,150,1
530,2023-11-24,C043,P106,8,MC002,Hannah Eriksson,New York,USA,Keyboard,Electronics,TechGear,110,1000,Summer Clearance,15/6/23,30/6/23,Social Media,7500,Gold Tier,880,11
531,2023-08-12,C047,P116,10,MC002,Leah Fontaine,Miami,USA,Cleanup Kit,Accessories,TechGear,20,1300,Summer Clearance,15/6/23,30/6/23,Social Media,7500,Gold Tier,200,8
532,2023-09-28,C047,P108,4,MC002,Leah Fontaine,Miami,USA,Computer Case,Accessories,ProtectPro,110,500,Summer Clearance,15/6/23,30/6/23,Social Media,7500,Gold Tier,440,9
533,2023-05-03,C004,P115,10,MC005,Bob Wilson,Houston,USA,Gaming Headset,Electronics,SoundWave,50,200,Holiday Special,10/12/23,24/12/23,Email + Social Media,10000,Silver and Gold Tiers,500,5
534,2023-01-22,C024,P105,2,MC005,Samuel Kim,Chicago,USA,Smart Watch,Electronics,TechGear,25,200,Holiday Special,10/12/23,24/12/23,Email + Social Media,10000,Silver and Gold Tiers,50,1
535,2023-10-24,C014,P102,3,MC001,Benjamin Larsson,Los Angeles,USA,Bluetooth Headphones,Electronics,SoundWave,30,300,Spring Sale,1/3/23,15/3/23,Email,5000,All Customers,90,10
536,2023-07-17,C001,P113,6,MC004,John Doe,New York,USA,Bluetooth Headphones Charger,Electronics,CableMax,150,300,Black Friday,24/11/23,27/11/23,Multi-channel,25000,All Customers,900,7
537,2023-06-05,C036,P115,8,MC004,Ryan Müller,Los Angeles,USA,Gaming Headset,Electronics,SoundWave,50,200,Black Friday,24/11/23,27/11/23,Multi-channel,25000,All Customers,400,6
538,2023-11-19,C029,P113,2,MC003,Chloe Dubois,Miami,USA,Bluetooth Headphones Charger,Electronics,CableMax,150,300,Back to School,1/8/23,31/8/23,TV,15000,Families,300,11
539,2023-06-05,C050,P114,10,MC002,Caleb Reyes,Houston,USA,Suitcase,Accessories,ProtectPro,120,1100,Summer Clearance,15/6/23,30/6/23,Social Media,7500,Gold Tier,1200,6
540,2023-06-11,C026,P106,6,MC004,David Okafor,Los Angeles,USA,Keyboard,Electronics,TechGear,110,1000,Black Friday,24/11/23,27/11/23,Multi-channel,25000,All Customers,660,6
541,2023-10-12,C005,P113,3,MC002,Emma Brown,Miami,USA,Bluetooth Headphones Charger,Electronics,CableMax,150,300,Summer Clearance,15/6/23,30/6/23,Social Media,7500,Gold Tier,450,10
542,2023-07-01,C022,P107,10,MC002,Daniel Fernandez,Chicago,USA,Standing Desk,Accessories,SoundWave,140,1100,Summer Clearance,15/6/23,30/6/23,Social Media,7500,Gold Tier,1400,7
543,2023-04-01,C034,P118,4,MC005,Matthew Gonzalez,Houston,USA,External Microphone,Electronics,TechGear,60,1400,Holiday Special,10/12/23,24/12/23,Email + Social Media,10000,Silver and Gold Tiers,240,4
544,2023-03-09,C048,P101,2,MC004,Dylan Suzuki,New York,USA,Wireless Mouse,Electronics,TechGear,20,500,Black Friday,24/11/23,27/11/23,Multi-channel,25000,All Customers,40,3
545,2023-12-07,C014,P108,7,MC001,Benjamin Larsson,Los Angeles,USA,Computer Case,Accessories,ProtectPro,110,500,Spring Sale,1/3/23,15/3/23,Email,5000,All Customers,770,12
546,2023-11-27,C009,P101,4,MC002,Isabella Tanaka,Chicago,USA,Wireless Mouse,Electronics,TechGear,20,500,Summer Clearance,15/6/23,30/6/23,Social Media,7500,Gold Tier,80,11
547,2023-01-18,C035,P113,8,MC005,Scarlett Watanabe,Los Angeles,USA,Bluetooth Headphones Charger,Electronics,CableMax,150,300,Holiday Special,10/12/23,24/12/23,Email + Social Media,10000,Silver and Gold Tiers,1200,1
548,2023-01-05,C032,P104,7,MC001,Christopher Lee,Los Angeles,USA,Phone Case,Accessories,ProtectPro,10,800,Spring Sale,1/3/23,15/3/23,Email,5000,All Customers,70,1
549,2023-10-17,C023,P115,5,MC001,Elizabeth Novak,Miami,USA,Gaming Headset,Electronics,SoundWave,50,200,Spring Sale,1/3/23,15/3/23,Email,5000,All Customers,250,10
550,2023-05-29,C031,P113,7,MC002,Zoe Ramirez,Miami,USA,Bluetooth Headphones Charger,Electronics,CableMax,150,300,Summer Clearance,15/6/23,30/6/23,Social Media,7500,Gold Tier,1050,5
551,2023-10-11,C025,P119,6,MC004,Sofia Petrov,Los Angeles,USA,Adapter,Electronics,CableMax,40,800,Black Friday,24/11/23,27/11/23,Multi-channel,25000,All Customers,240,10
552,2023-07-04,C029,P106,2,MC001,Chloe Dubois,Miami,USA,Keyboard,Electronics,TechGear,110,1000,Spring Sale,1/3/23,15/3/23,Email,5000,All Customers,220,7
553,2023-10-30,C007,P102,10,MC004,Ava Kowalski,Chicago,USA,Bluetooth Headphones,Electronics,SoundWave,30,300,Black Friday,24/11/23,27/11/23,Multi-channel,25000,All Customers,300,10
554,2023-02-17,C017,P105,9,MC003,Evelyn Kovalenko,Houston,USA,Smart Watch,Electronics,TechGear,25,200,Back to School,1/8/23,31/8/23,TV,15000,Families,225,2
555,2023-04-09,C017,P106,9,MC003,Evelyn Kovalenko,Houston,USA,Keyboard,Electronics,TechGear,110,1000,Back to School,1/8/23,31/8/23,TV,15000,Families,990,4
556,2023-01-25,C011,P110,8,MC005,Charlotte Hoffman,New York,USA,Briefcase,Accessories,ProtectPro,120,900,Holiday Special,10/12/23,24/12/23,Email + Social Media,10000,Silver and Gold Tiers,960,1
557,2023-03-25,C018,P104,2,MC001,Alexander Rossi,New York,USA,Phone Case,Accessories,ProtectPro,10,800,Spring Sale,1/3/23,15/3/23,Email,5000,All Customers,20,3
558,2023-01-02,C034,P116,1,MC003,Matthew Gonzalez,Houston,USA,Cleanup Kit,Accessories,TechGear,20,1300,Back to School,1/8/23,31/8/23,TV,15000,Families,20,1
559,2023-07-09,C022,P115,9,MC005,Daniel Fernandez,Chicago,USA,Gaming Headset,Electronics,SoundWave,50,200,Holiday Special,10/12/23,24/12/23,Email + Social Media,10000,Silver and Gold Tiers,450,7
560,2023-09-26,C046,P107,10,MC001,Isaac Nkosi,Houston,USA,Standing Desk,Accessories,SoundWave,140,1100,Spring Sale,1/3/23,15/3/23,Email,5000,All Customers,1400,9
561,2023-03-10,C020,P106,4,MC005,Michael Andersen,Houston,USA,Keyboard,Electronics,TechGear,110,1000,Holiday Special,10/12/23,24/12/23,Email + Social Media,10000,Silver and Gold Tiers,440,3
562,2023-01-11,C029,P115,5,MC001,Chloe Dubois,Miami,USA,Gaming Headset,Electronics,SoundWave,50,200,Spring Sale,1/3/23,15/3/23,Email,5000,All Customers,250,1
563,2023-10-02,C004,P102,4,MC004,Bob Wilson,Houston,USA,Bluetooth Headphones,Electronics,SoundWave,30,300,Black Friday,24/11/23,27/11/23,Multi-channel,25000,All Customers,120,10
564,2023-08-28,C028,P118,9,MC003,Joseph Mendoza,New York,USA,External Microphone,Electronics,TechGear,60,1400,Back to School,1/8/23,31/8/23,TV,15000,Families,540,8
565,2023-11-16,C040,P113,2,MC001,Jack O'Brien,Miami,USA,Bluetooth Headphones Charger,Electronics,CableMax,150,300,Spring Sale,1/3/23,15/3/23,Email,5000,All Customers,300,11
566,2023-05-02,C002,P107,4,MC004,Jane Smith,Los Angeles,USA,Standing Desk,Accessories,SoundWave,140,1100,Black Friday,24/11/23,27/11/23,Multi-channel,25000,All Customers,560,5
567,2023-07-25,C012,P106,9,MC001,James Choi,Chicago,USA,Keyboard,Electronics,TechGear,110,1000,Spring Sale,1/3/23,15/3/23,Email,5000,All Customers,990,7
568,2023-03-27,C001,P106,2,MC005,John Doe,New York,USA,Keyboard,Electronics,TechGear,110,1000,Holiday Special,10/12/23,24/12/23,Email + Social Media,10000,Silver and Gold Tiers,220,3
569,2023-04-15,C028,P113,1,MC004,Joseph Mendoza,New York,USA,Bluetooth Headphones Charger,Electronics,CableMax,150,300,Black Friday,24/11/23,27/11/23,Multi-channel,25000,All Customers,150,4
570,2023-10-03,C034,P107,6,MC002,Matthew Gonzalez,Houston,USA,Standing Desk,Accessories,SoundWave,140,1100,Summer Clearance,15/6/23,30/6/23,Social Media,7500,Gold Tier,840,10
571,2023-05-20,C036,P119,9,MC002,Ryan Müller,Los Angeles,USA,Adapter,Electronics,CableMax,40,800,Summer Clearance,15/6/23,30/6/23,Social Media,7500,Gold Tier,360,5
572,2023-02-12,C025,P106,8,MC001,Sofia Petrov,Los Angeles,USA,Keyboard,Electronics,TechGear,110,1000,Spring Sale,1/3/23,15/3/23,Email,5000,All Customers,880,2
573,2023-01-04,C050,P116,10,MC003,Caleb Reyes,Houston,USA,Cleanup Kit,Accessories,TechGear,20,1300,Back to School,1/8/23,31/8/23,TV,15000,Families,200,1
574,2023-01-27,C011,P113,8,MC004,Charlotte Hoffman,New York,USA,Bluetooth Headphones Charger,Electronics,CableMax,150,300,Black Friday,24/11/23,27/11/23,Multi-channel,25000,All Customers,1200,1
575,2023-05-22,C025,P108,8,MC004,Sofia Petrov,Los Angeles,USA,Computer Case,Accessories,ProtectPro,110,500,Black Friday,24/11/23,27/11/23,Multi-channel,25000,All Customers,880,5
576,2023-11-13,C034,P110,9,MC002,Matthew Gonzalez,Houston,USA,Briefcase,Accessories,ProtectPro,120,900,Summer Clearance,15/6/23,30/6/23,Social Media,7500,Gold Tier,1080,11
577,2023-01-03,C006,P118,1,MC005,Noah Chen,Los Angeles,USA,External Microphone,Electronics,TechGear,60,1400,Holiday Special,10/12/23,24/12/23,Email + Social Media,10000,Silver and Gold Tiers,60,1
578,2023-06-02,C007,P104,1,MC003,Ava Kowalski,Chicago,USA,Phone Case,Accessories,ProtectPro,10,800,Back to School,1/8/23,31/8/23,TV,15000,Families,10,6
579,2023-05-10,C030,P114,7,MC005,Andrew Ivanov,Miami,USA,Suitcase,Accessories,ProtectPro,120,1100,Holiday Special,10/12/23,24/12/23,Email + Social Media,10000,Silver and Gold Tiers,840,5
580,2023-05-01,C048,P113,10,MC001,Dylan Suzuki,New York,USA,Bluetooth Headphones Charger,Electronics,CableMax,150,300,Spring Sale,1/3/23,15/3/23,Email,5000,All Customers,1500,5
581,2023-08-06,C049,P107,3,MC002,Mila Popovic,Los Angeles,USA,Standing Desk,Accessories,SoundWave,140,1100,Summer Clearance,15/6/23,30/6/23,Social Media,7500,Gold Tier,420,8
582,2023-09-19,C008,P112,9,MC003,Mason Fitzgerald,Houston,USA,Desk Chair,Accessories,TechGear,40,500,Back to School,1/8/23,31/8/23,TV,15000,Families,360,9
583,2023-03-31,C006,P117,2,MC005,Noah Chen,Los Angeles,USA,Bluetooth Speaker,Electronics,SoundWave,140,200,Holiday Special,10/12/23,24/12/23,Email + Social Media,10000,Silver and Gold Tiers,280,3
584,2023-12-30,C005,P110,7,MC003,Emma Brown,Miami,USA,Briefcase,Accessories,ProtectPro,120,900,Back to School,1/8/23,31/8/23,TV,15000,Families,840,12
585,2023-01-05,C034,P116,8,MC004,Matthew Gonzalez,Houston,USA,Cleanup Kit,Accessories,TechGear,20,1300,Black Friday,24/11/23,27/11/23,Multi-channel,25000,All Customers,160,1
586,2023-04-28,C040,P112,9,MC001,Jack O'Brien,Miami,USA,Desk Chair,Accessories,TechGear,40,500,Spring Sale,1/3/23,15/3/23,Email,5000,All Customers,360,4
587,2023-12-27,C048,P115,3,MC005,Dylan Suzuki,New York,USA,Gaming Headset,Electronics,SoundWave,50,200,Holiday Special,10/12/23,24/12/23,Email + Social Media,10000,Silver and Gold Tiers,150,12
588,2023-11-18,C018,P113,1,MC002,Alexander Rossi,New York,USA,Bluetooth Headphones Charger,Electronics,CableMax,150,300,Summer Clearance,15/6/23,30/6/23,Social Media,7500,Gold Tier,150,11
589,2023-03-17,C017,P105,6,MC001,Evelyn Kovalenko,Houston,USA,Smart Watch,Electronics,TechGear,25,200,Spring Sale,1/3/23,15/3/23,Email,5000,All Customers,150,3
590,2023-09-04,C031,P103,4,MC002,Zoe Ramirez,Miami,USA,USB-C Cable,Accessories,CableMax,15,1000,Summer Clearance,15/6/23,30/6/23,Social Media,7500,Gold Tier,60,9
591,2023-09-18,C026,P116,6,MC005,David Okafor,Los Angeles,USA,Cleanup Kit,Accessories,TechGear,20,1300,Holiday Special,10/12/23,24/12/23,Email + Social Media,10000,Silver and Gold Tiers,120,9
592,2023-09-11,C033,P115,5,MC002,Lily Sørensen,New York,USA,Gaming Headset,Electronics,SoundWave,50,200,Summer Clearance,15/6/23,30/6/23,Social Media,7500,Gold Tier,250,9
593,2023-12-02,C014,P119,2,MC001,Benjamin Larsson,Los Angeles,USA,Adapter,Electronics,CableMax,40,800,Spring Sale,1/3/23,15/3/23,Email,5000,All Customers,80,12
594,2023-11-27,C048,P117,4,MC001,Dylan Suzuki,New York,USA,Bluetooth Speaker,Electronics,SoundWave,140,200,Spring Sale,1/3/23,15/3/23,Email,5000,All Customers,560,11
595,2023-07-26,C001,P114,2,MC005,John Doe,New York,USA,Suitcase,Accessories,ProtectPro,120,1100,Holiday Special,10/12/23,24/12/23,Email + Social Media,10000,Silver and Gold Tiers,240,7
596,2023-10-27,C005,P118,4,MC004,Emma Brown,Miami,USA,External Microphone,Electronics,TechGear,60,1400,Black Friday,24/11/23,27/11/23,Multi-channel,25000,All Customers,240,10
597,2023-08-21,C043,P116,10,MC005,Hannah Eriksson,New York,USA,Cleanup Kit,Accessories,TechGear,20,1300,Holiday Special,10/12/23,24/12/23,Email + Social Media,10000,Silver and Gold Tiers,200,8
598,2023-05-06,C049,P117,9,MC001,Mila Popovic,Los Angeles,USA,Bluetooth Speaker,Electronics,SoundWave,140,200,Spring Sale,1/3/23,15/3/23,Email,5000,All Customers,1260,5
599,2023-03-22,C034,P107,6,MC005,Matthew Gonzalez,Houston,USA,Standing Desk,Accessories,SoundWave,140,1100,Holiday Special,10/12/23,24/12/23,Email + Social Media,10000,Silver and Gold Tiers,840,3
600,2023-10-27,C019,P102,2,MC005,Abigail Nakamura,Chicago,USA,Bluetooth Headphones,Electronics,SoundWave,30,300,Holiday Special,10/12/23,24/12/23,Email + Social Media,10000,Silver and Gold Tiers,60,10
601,2023-05-21,C006,P107,1,MC004,Noah Chen,Los Angeles,USA,Standing Desk,Accessories,SoundWave,140,1100,Black Friday,24/11/23,27/11/23,Multi-channel,25000,All Customers,140,5
602,2023-11-06,C027,P120,8,MC005,Grace Yamamoto,Chicago,USA,Keyboard Mousepad,Accessories,TechGear,50,400,Holiday Special,10/12/23,24/12/23,Email + Social Media,10000,Silver and Gold Tiers,400,11
603,2023-08-17,C035,P112,2,MC005,Scarlett Watanabe,Los Angeles,USA,Desk Chair,Accessories,TechGear,40,500,Holiday Special,10/12/23,24/12/23,Email + Social Media,10000,Silver and Gold Tiers,80,8
604,2023-04-25,C036,P102,9,MC001,Ryan Müller,Los Angeles,USA,Bluetooth Headphones,Electronics,SoundWave,30,300,Spring Sale,1/3/23,15/3/23,Email,5000,All Customers,270,4
605,2023-09-23,C039,P118,6,MC005,Penelope Cheng,Los Angeles,USA,External Microphone,Electronics,TechGear,60,1400,Holiday Special,10/12/23,24/12/23,Email + Social Media,10000,Silver and Gold Tiers,360,9
606,2023-09-24,C035,P111,2,MC005,Scarlett Watanabe,Los Angeles,USA,Backpack,Accessories,ProtectPro,30,1300,Holiday Special,10/12/23,24/12/23,Email + Social Media,10000,Silver and Gold Tiers,60,9
607,2023-09-24,C006,P116,5,MC002,Noah Chen,Los Angeles,USA,Cleanup Kit,Accessories,TechGear,20,1300,Summer Clearance,15/6/23,30/6/23,Social Media,7500,Gold Tier,100,9
608,2023-12-11,C038,P102,9,MC002,Thomas Sanchez,Houston,USA,Bluetooth Headphones,Electronics,SoundWave,30,300,Summer Clearance,15/6/23,30/6/23,Social Media,7500,Gold Tier,270,12
609,2023-12-18,C007,P120,3,MC003,Ava Kowalski,Chicago,USA,Keyboard Mousepad,Accessories,TechGear,50,400,Back to School,1/8/23,31/8/23,TV,15000,Families,150,12
610,2023-03-26,C010,P120,10,MC003,William Diaz,New York,USA,Keyboard Mousepad,Accessories,TechGear,50,400,Back to School,1/8/23,31/8/23,TV,15000,Families,500,3
611,2023-01-01,C039,P120,5,MC003,Penelope Cheng,Los Angeles,USA,Keyboard Mousepad,Accessories,TechGear,50,400,Back to School,1/8/23,31/8/23,TV,15000,Families,250,1
612,2023-03-30,C045,P102,8,MC004,Nora Zimmerman,Houston,USA,Bluetooth Headphones,Electronics,SoundWave,30,300,Black Friday,24/11/23,27/11/23,Multi-channel,25000,All Customers,240,3
613,2023-10-08,C029,P109,7,MC005,Chloe Dubois,Miami,USA,Laptop,Electronics,TechGear,20,200,Holiday Special,10/12/23,24/12/23,Email + Social Media,10000,Silver and Gold Tiers,140,10
614,2023-03-04,C004,P102,7,MC004,Bob Wilson,Houston,USA,Bluetooth Headphones,Electronics,SoundWave,30,300,Black Friday,24/11/23,27/11/23,Multi-channel,25000,All Customers,210,3
615,2023-06-01,C049,P115,9,MC001,Mila Popovic,Los Angeles,USA,Gaming Headset,Electronics,SoundWave,50,200,Spring Sale,1/3/23,15/3/23,Email,5000,All Customers,450,6
616,2023-01-12,C048,P112,3,MC002,Dylan Suzuki,New York,USA,Desk Chair,Accessories,TechGear,40,500,Summer Clearance,15/6/23,30/6/23,Social Media,7500,Gold Tier,120,1
617,2023-11-04,C021,P106,9,MC004,Emily Schwartz,Los Angeles,USA,Keyboard,Electronics,TechGear,110,1000,Black Friday,24/11/23,27/11/23,Multi-channel,25000,All Customers,990,11
618,2023-01-16,C049,P101,5,MC001,Mila Popovic,Los Angeles,USA,Wireless Mouse,Electronics,TechGear,20,500,Spring Sale,1/3/23,15/3/23,Email,5000,All Customers,100,1
619,2023-08-28,C008,P111,7,MC004,Mason Fitzgerald,Houston,USA,Backpack,Accessories,ProtectPro,30,1300,Black Friday,24/11/23,27/11/23,Multi-channel,25000,All Customers,210,8
620,2023-11-16,C035,P118,5,MC004,Scarlett Watanabe,Los Angeles,USA,External Microphone,Electronics,TechGear,60,1400,Black Friday,24/11/23,27/11/23,Multi-channel,25000,All Customers,300,11
621,2023-01-01,C021,P110,7,MC005,Emily Schwartz,Los Angeles,USA,Briefcase,Accessories,ProtectPro,120,900,Holiday Special,10/12/23,24/12/23,Email + Social Media,10000,Silver and Gold Tiers,840,1
622,2023-10-21,C041,P104,5,MC003,Audrey Kuznetsov,Miami,USA,Phone Case,Accessories,ProtectPro,10,800,Back to School,1/8/23,31/8/23,TV,15000,Families,50,10
623,2023-06-03,C036,P102,7,MC001,Ryan Müller,Los Angeles,USA,Bluetooth Headphones,Electronics,SoundWave,30,300,Spring Sale,1/3/23,15/3/23,Email,5000,All Customers,210,6
624,2023-09-01,C040,P111,8,MC001,Jack O'Brien,Miami,USA,Backpack,Accessories,ProtectPro,30,1300,Spring Sale,1/3/23,15/3/23,Email,5000,All Customers,240,9
625,2023-09-20,C024,P114,1,MC001,Samuel Kim,Chicago,USA,Suitcase,Accessories,ProtectPro,120,1100,Spring Sale,1/3/23,15/3/23,Email,5000,All Customers,120,9
626,2023-11-11,C016,P116,7,MC005,Lucas Morales,Los Angeles,USA,Cleanup Kit,Accessories,TechGear,20,1300,Holiday Special,10/12/23,24/12/23,Email + Social Media,10000,Silver and Gold Tiers,140,11
627,2023-01-25,C010,P102,7,MC002,William Diaz,New York,USA,Bluetooth Headphones,Electronics,SoundWave,30,300,Summer Clearance,15/6/23,30/6/23,Social Media,7500,Gold Tier,210,1
628,2024-01-01,C050,P109,4,MC005,Caleb Reyes,Houston,USA,Laptop,Electronics,TechGear,20,200,Holiday Special,10/12/23,24/12/23,Email + Social Media,10000,Silver and Gold Tiers,80,1
629,2023-04-28,C001,P116,2,MC002,John Doe,New York,USA,Cleanup Kit,Accessories,TechGear,20,1300,Summer Clearance,15/6/23,30/6/23,Social Media,7500,Gold Tier,40,4
630,2023-04-07,C046,P120,7,MC003,Isaac Nkosi,Houston,USA,Keyboard Mousepad,Accessories,TechGear,50,400,Back to School,1/8/23,31/8/23,TV,15000,Families,350,4
631,2023-07-18,C041,P113,6,MC002,Audrey Kuznetsov,Miami,USA,Bluetooth Headphones Charger,Electronics,CableMax,150,300,Summer Clearance,15/6/23,30/6/23,Social Media,7500,Gold Tier,900,7
632,2023-10-02,C039,P120,4,MC005,Penelope Cheng,Los Angeles,USA,Keyboard Mousepad,Accessories,TechGear,50,400,Holiday Special,10/12/23,24/12/23,Email + Social Media,10000,Silver and Gold Tiers,200,10
633,2023-12-10,C007,P106,3,MC001,Ava Kowalski,Chicago,USA,Keyboard,Electronics,TechGear,110,1000,Spring Sale,1/3/23,15/3/23,Email,5000,All Customers,330,12
634,2023-05-18,C040,P119,3,MC003,Jack O'Brien,Miami,USA,Adapter,Electronics,CableMax,40,800,Back to School,1/8/23,31/8/23,TV,15000,Families,120,5
635,2023-05-30,C038,P118,5,MC003,Thomas Sanchez,Houston,USA,External Microphone,Electronics,TechGear,60,1400,Back to School,1/8/23,31/8/23,TV,15000,Families,300,5
636,2023-10-06,C046,P107,9,MC002,Isaac Nkosi,Houston,USA,Standing Desk,Accessories,SoundWave,140,1100,Summer Clearance,15/6/23,30/6/23,Social Media,7500,Gold Tier,1260,10
637,2023-10-18,C040,P109,10,MC004,Jack O'Brien,Miami,USA,Laptop,Electronics,TechGear,20,200,Black Friday,24/11/23,27/11/23,Multi-channel,25000,All Customers,200,10
638,2023-07-12,C041,P105,1,MC002,Audrey Kuznetsov,Miami,USA,Smart Watch,Electronics,TechGear,25,200,Summer Clearance,15/6/23,30/6/23,Social Media,7500,Gold Tier,25,7
639,2023-06-25,C019,P104,8,MC004,Abigail Nakamura,Chicago,USA,Phone Case,Accessories,ProtectPro,10,800,Black Friday,24/11/23,27/11/23,Multi-channel,25000,All Customers,80,6
640,2023-01-05,C018,P114,4,MC003,Alexander Rossi,New York,USA,Suitcase,Accessories,ProtectPro,120,1100,Back to School,1/8/23,31/8/23,TV,15000,Families,480,1
641,2023-12-15,C007,P107,8,MC002,Ava Kowalski,Chicago,USA,Standing Desk,Accessories,SoundWave,140,1100,Summer Clearance,15/6/23,30/6/23,Social Media,7500,Gold Tier,1120,12
642,2023-12-27,C025,P115,9,MC003,Sofia Petrov,Los Angeles,USA,Gaming Headset,Electronics,SoundWave,50,200,Back to School,1/8/23,31/8/23,TV,15000,Families,450,12
643,2023-10-28,C048,P108,8,MC003,Dylan Suzuki,New York,USA,Computer Case,Accessories,ProtectPro,110,500,Back to School,1/8/23,31/8/23,TV,15000,Families,880,10
644,2023-11-25,C042,P112,9,MC001,Owen Takahashi,New York,USA,Desk Chair,Accessories,TechGear,40,500,Spring Sale,1/3/23,15/3/23,Email,5000,All Customers,360,11
645,2023-10-07,C007,P112,3,MC005,Ava Kowalski,Chicago,USA,Desk Chair,Accessories,TechGear,40,500,Holiday Special,10/12/23,24/12/23,Email + Social Media,10000,Silver and Gold Tiers,120,10
646,2023-06-13,C021,P115,2,MC002,Emily Schwartz,Los Angeles,USA,Gaming Headset,Electronics,SoundWave,50,200,Summer Clearance,15/6/23,30/6/23,Social Media,7500,Gold Tier,100,6
647,2023-02-25,C009,P104,8,MC005,Isabella Tanaka,Chicago,USA,Phone Case,Accessories,ProtectPro,10,800,Holiday Special,10/12/23,24/12/23,Email + Social Media,10000,Silver and Gold Tiers,80,2
648,2023-08-20,C035,P118,7,MC005,Scarlett Watanabe,Los Angeles,USA,External Microphone,Electronics,TechGear,60,1400,Holiday Special,10/12/23,24/12/23,Email + Social Media,10000,Silver and Gold Tiers,420,8
649,2023-07-14,C044,P119,10,MC001,Gabriel Santos,Los Angeles,USA,Adapter,Electronics,CableMax,40,800,Spring Sale,1/3/23,15/3/23,Email,5000,All Customers,400,7
650,2023-12-06,C008,P109,7,MC001,Mason Fitzgerald,Houston,USA,Laptop,Electronics,TechGear,20,200,Spring Sale,1/3/23,15/3/23,Email,5000,All Customers,140,12
651,2023-06-03,C011,P118,2,MC004,Charlotte Hoffman,New York,USA,External Microphone,Electronics,TechGear,60,1400,Black Friday,24/11/23,27/11/23,Multi-channel,25000,All Customers,120,6
652,2023-11-02,C014,P112,1,MC004,Benjamin Larsson,Los Angeles,USA,Desk Chair,Accessories,TechGear,40,500,Black Friday,24/11/23,27/11/23,Multi-channel,25000,All Customers,40,11
653,2023-12-12,C042,P111,8,MC004,Owen Takahashi,New York,USA,Backpack,Accessories,ProtectPro,30,1300,Black Friday,24/11/23,27/11/23,Multi-channel,25000,All Customers,240,12
654,2023-08-05,C048,P118,5,MC005,Dylan Suzuki,New York,USA,External Microphone,Electronics,TechGear,60,1400,Holiday Special,10/12/23,24/12/23,Email + Social Media,10000,Silver and Gold Tiers,300,8
655,2023-02-16,C032,P120,2,MC001,Christopher Lee,Los Angeles,USA,Keyboard Mousepad,Accessories,TechGear,50,400,Spring Sale,1/3/23,15/3/23,Email,5000,All Customers,100,2
656,2023-03-12,C002,P106,2,MC005,Jane Smith,Los Angeles,USA,Keyboard,Electronics,TechGear,110,1000,Holiday Special,10/12/23,24/12/23,Email + Social Media,10000,Silver and Gold Tiers,220,3
657,2023-04-20,C032,P115,1,MC001,Christopher Lee,Los Angeles,USA,Gaming Headset,Electronics,SoundWave,50,200,Spring Sale,1/3/23,15/3/23,Email,5000,All Customers,50,4
658,2023-06-07,C050,P116,6,MC003,Caleb Reyes,Houston,USA,Cleanup Kit,Accessories,TechGear,20,1300,Back to School,1/8/23,31/8/23,TV,15000,Families,120,6
659,2023-12-22,C020,P108,9,MC004,Michael Andersen,Houston,USA,Computer Case,Accessories,ProtectPro,110,500,Black Friday,24/11/23,27/11/23,Multi-channel,25000,All Customers,990,12
660,2023-09-11,C044,P104,2,MC005,Gabriel Santos,Los Angeles,USA,Phone Case,Accessories,ProtectPro,10,800,Holiday Special,10/12/23,24/12/23,Email + Social Media,10000,Silver and Gold Tiers,20,9
661,2023-06-26,C015,P101,4,MC002,Harper Singh,Houston,USA,Wireless Mouse,Electronics,TechGear,20,500,Summer Clearance,15/6/23,30/6/23,Social Media,7500,Gold Tier,80,6
662,2023-08-17,C044,P115,10,MC004,Gabriel Santos,Los Angeles,USA,Gaming Headset,Electronics,SoundWave,50,200,Black Friday,24/11/23,27/11/23,Multi-channel,25000,All Customers,500,8
663,2023-11-01,C047,P114,4,MC002,Leah Fontaine,Miami,USA,Suitcase,Accessories,ProtectPro,120,1100,Summer Clearance,15/6/23,30/6/23,Social Media,7500,Gold Tier,480,11
664,2023-07-18,C032,P114,2,MC005,Christopher Lee,Los Angeles,USA,Suitcase,Accessories,ProtectPro,120,1100,Holiday Special,10/12/23,24/12/23,Email + Social Media,10000,Silver and Gold Tiers,240,7
665,2023-12-03,C004,P110,4,MC005,Bob Wilson,Houston,USA,Briefcase,Accessories,ProtectPro,120,900,Holiday Special,10/12/23,24/12/23,Email + Social Media,10000,Silver and Gold Tiers,480,12
666,2023-07-23,C012,P107,1,MC005,James Choi,Chicago,USA,Standing Desk,Accessories,SoundWave,140,1100,Holiday Special,10/12/23,24/12/23,Email + Social Media,10000,Silver and Gold Tiers,140,7
667,2023-05-09,C005,P112,9,MC003,Emma Brown,Miami,USA,Desk Chair,Accessories,TechGear,40,500,Back to School,1/8/23,31/8/23,TV,15000,Families,360,5
668,2023-10-21,C001,P102,4,MC002,John Doe,New York,USA,Bluetooth Headphones,Electronics,SoundWave,30,300,Summer Clearance,15/6/23,30/6/23,Social Media,7500,Gold Tier,120,10
669,2023-08-09,C026,P116,8,MC003,David Okafor,Los Angeles,USA,Cleanup Kit,Accessories,TechGear,20,1300,Back to School,1/8/23,31/8/23,TV,15000,Families,160,8
670,2023-06-21,C039,P101,6,MC002,Penelope Cheng,Los Angeles,USA,Wireless Mouse,Electronics,TechGear,20,500,Summer Clearance,15/6/23,30/6/23,Social Media,7500,Gold Tier,120,6
671,2023-04-08,C048,P111,3,MC001,Dylan Suzuki,New York,USA,Backpack,Accessories,ProtectPro,30,1300,Spring Sale,1/3/23,15/3/23,Email,5000,All Customers,90,4
672,2023-09-08,C043,P119,1,MC001,Hannah Eriksson,New York,USA,Adapter,Electronics,CableMax,40,800,Spring Sale,1/3/23,15/3/23,Email,5000,All Customers,40,9
673,2023-02-13,C043,P103,1,MC001,Hannah Eriksson,New York,USA,USB-C Cable,Accessories,CableMax,15,1000,Spring Sale,1/3/23,15/3/23,Email,5000,All Customers,15,2
674,2023-04-17,C001,P108,2,MC004,John Doe,New York,USA,Computer Case,Accessories,ProtectPro,110,500,Black Friday,24/11/23,27/11/23,Multi-channel,25000,All Customers,220,4
675,2023-02-16,C014,P119,10,MC004,Benjamin Larsson,Los Angeles,USA,Adapter,Electronics,CableMax,40,800,Black Friday,24/11/23,27/11/23,Multi-channel,25000,All Customers,400,2
676,2023-08-02,C024,P115,2,MC003,Samuel Kim,Chicago,USA,Gaming Headset,Electronics,SoundWave,50,200,Back to School,1/8/23,31/8/23,TV,15000,Families,100,8
677,2023-09-23,C022,P108,9,MC001,Daniel Fernandez,Chicago,USA,Computer Case,Accessories,ProtectPro,110,500,Spring Sale,1/3/23,15/3/23,Email,5000,All Customers,990,9
678,2023-01-05,C038,P112,1,MC005,Thomas Sanchez,Houston,USA,Desk Chair,Accessories,TechGear,40,500,Holiday Special,10/12/23,24/12/23,Email + Social Media,10000,Silver and Gold Tiers,40,1
679,2023-02-19,C026,P108,2,MC003,David Okafor,Los Angeles,USA,Computer Case,Accessories,ProtectPro,110,500,Back to School,1/8/23,31/8/23,TV,15000,Families,220,2
680,2023-02-11,C045,P105,6,MC005,Nora Zimmerman,Houston,USA,Smart Watch,Electronics,TechGear,25,200,Holiday Special,10/12/23,24/12/23,Email + Social Media,10000,Silver and Gold Tiers,150,2
681,2023-12-29,C012,P111,7,MC004,James Choi,Chicago,USA,Backpack,Accessories,ProtectPro,30,1300,Black Friday,24/11/23,27/11/23,Multi-channel,25000,All Customers,210,12
682,2023-10-26,C036,P113,8,MC002,Ryan Müller,Los Angeles,USA,Bluetooth Headphones Charger,Electronics,CableMax,150,300,Summer Clearance,15/6/23,30/6/23,Social Media,7500,Gold Tier,1200,10
683,2023-03-11,C024,P106,4,MC004,Samuel Kim,Chicago,USA,Keyboard,Electronics,TechGear,110,1000,Black Friday,24/11/23,27/11/23,Multi-channel,25000,All Customers,440,3
684,2023-12-02,C042,P113,1,MC003,Owen Takahashi,New York,USA,Bluetooth Headphones Charger,Electronics,CableMax,150,300,Back to School,1/8/23,31/8/23,TV,15000,Families,150,12
685,2023-01-04,C042,P110,8,MC005,Owen Takahashi,New York,USA,Briefcase,Accessories,ProtectPro,120,900,Holiday Special,10/12/23,24/12/23,Email + Social Media,10000,Silver and Gold Tiers,960,1
686,2023-09-04,C009,P101,10,MC002,Isabella Tanaka,Chicago,USA,Wireless Mouse,Electronics,TechGear,20,500,Summer Clearance,15/6/23,30/6/23,Social Media,7500,Gold Tier,200,9
687,2023-05-24,C013,P116,2,MC001,Amelia Gupta,Houston,USA,Cleanup Kit,Accessories,TechGear,20,1300,Spring Sale,1/3/23,15/3/23,Email,5000,All Customers,40,5
688,2023-08-26,C004,P115,7,MC003,Bob Wilson,Houston,USA,Gaming Headset,Electronics,SoundWave,50,200,Back to School,1/8/23,31/8/23,TV,15000,Families,350,8
689,2023-11-04,C049,P119,3,MC001,Mila Popovic,Los Angeles,USA,Adapter,Electronics,CableMax,40,800,Spring Sale,1/3/23,15/3/23,Email,5000,All Customers,120,11
690,2023-11-07,C024,P107,8,MC004,Samuel Kim,Chicago,USA,Standing Desk,Accessories,SoundWave,140,1100,Black Friday,24/11/23,27/11/23,Multi-channel,25000,All Customers,1120,11
691,2023-11-22,C009,P102,6,MC005,Isabella Tanaka,Chicago,USA,Bluetooth Headphones,Electronics,SoundWave,30,300,Holiday Special,10/12/23,24/12/23,Email + Social Media,10000,Silver and Gold Tiers,180,11
692,2023-05-17,C015,P106,6,MC001,Harper Singh,Houston,USA,Keyboard,Electronics,TechGear,110,1000,Spring Sale,1/3/23,15/3/23,Email,5000,All Customers,660,5
693,2023-08-10,C039,P101,7,MC005,Penelope Cheng,Los Angeles,USA,Wireless Mouse,Electronics,TechGear,20,500,Holiday Special,10/12/23,24/12/23,Email + Social Media,10000,Silver and Gold Tiers,140,8
694,2023-11-15,C017,P103,3,MC004,Evelyn Kovalenko,Houston,USA,USB-C Cable,Accessories,CableMax,15,1000,Black Friday,24/11/23,27/11/23,Multi-channel,25000,All Customers,45,11
695,2023-07-23,C047,P107,7,MC004,Leah Fontaine,Miami,USA,Standing Desk,Accessories,SoundWave,140,1100,Black Friday,24/11/23,27/11/23,Multi-channel,25000,All Customers,980,7
696,2023-08-02,C022,P104,3,MC003,Daniel Fernandez,Chicago,USA,Phone Case,Accessories,ProtectPro,10,800,Back to School,1/8/23,31/8/23,TV,15000,Families,30,8
697,2023-10-03,C019,P118,4,MC002,Abigail Nakamura,Chicago,USA,External Microphone,Electronics,TechGear,60,1400,Summer Clearance,15/6/23,30/6/23,Social Media,7500,Gold Tier,240,10
698,2023-05-14,C049,P106,5,MC001,Mila Popovic,Los Angeles,USA,Keyboard,Electronics,TechGear,110,1000,Spring Sale,1/3/23,15/3/23,Email,5000,All Customers,550,5
699,2023-11-09,C004,P107,10,MC001,Bob Wilson,Houston,USA,Standing Desk,Accessories,SoundWave,140,1100,Spring Sale,1/3/23,15/3/23,Email,5000,All Customers,1400,11
700,2023-10-24,C031,P110,5,MC002,Zoe Ramirez,Miami,USA,Briefcase,Accessories,ProtectPro,120,900,Summer Clearance,15/6/23,30/6/23,Social Media,7500,Gold Tier,600,10
701,2023-06-04,C040,P112,1,MC004,Jack O'Brien,Miami,USA,Desk Chair,Accessories,TechGear,40,500,Black Friday,24/11/23,27/11/23,Multi-channel,25000,All Customers,40,6
702,2023-06-06,C037,P106,9,MC005,Victoria Kozlov,Chicago,USA,Keyboard,Electronics,TechGear,110,1000,Holiday Special,10/12/23,24/12/23,Email + Social Media,10000,Silver and Gold Tiers,990,6
703,2023-08-01,C015,P113,10,MC002,Harper Singh,Houston,USA,Bluetooth Headphones Charger,Electronics,CableMax,150,300,Summer Clearance,15/6/23,30/6/23,Social Media,7500,Gold Tier,1500,8
704,2023-05-10,C010,P115,6,MC005,William Diaz,New York,USA,Gaming Headset,Electronics,SoundWave,50,200,Holiday Special,10/12/23,24/12/23,Email + Social Media,10000,Silver and Gold Tiers,300,5
705,2023-07-29,C003,P115,3,MC003,Alice Johnson,Chicago,USA,Gaming Headset,Electronics,SoundWave,50,200,Back to School,1/8/23,31/8/23,TV,15000,Families,150,7
706,2023-12-07,C032,P114,7,MC003,Christopher Lee,Los Angeles,USA,Suitcase,Accessories,ProtectPro,120,1100,Back to School,1/8/23,31/8/23,TV,15000,Families,840,12
707,2023-08-21,C020,P111,10,MC004,Michael Andersen,Houston,USA,Backpack,Accessories,ProtectPro,30,1300,Black Friday,24/11/23,27/11/23,Multi-channel,25000,All Customers,300,8
708,2023-05-09,C026,P107,7,MC002,David Okafor,Los Angeles,USA,Standing Desk,Accessories,SoundWave,140,1100,Summer Clearance,15/6/23,30/6/23,Social Media,7500,Gold Tier,980,5
709,2023-08-02,C017,P102,5,MC003,Evelyn Kovalenko,Houston,USA,Bluetooth Headphones,Electronics,SoundWave,30,300,Back to School,1/8/23,31/8/23,TV,15000,Families,150,8
710,2023-06-16,C024,P112,5,MC002,Samuel Kim,Chicago,USA,Desk Chair,Accessories,TechGear,40,500,Summer Clearance,15/6/23,30/6/23,Social Media,7500,Gold Tier,200,6
711,2023-02-02,C008,P104,10,MC003,Mason Fitzgerald,Houston,USA,Phone Case,Accessories,ProtectPro,10,800,Back to School,1/8/23,31/8/23,TV,15000,Families,100,2
712,2023-10-25,C046,P103,5,MC004,Isaac Nkosi,Houston,USA,USB-C Cable,Accessories,CableMax,15,1000,Black Friday,24/11/23,27/11/23,Multi-channel,25000,All Customers,75,10
713,2023-07-31,C021,P109,9,MC005,Emily Schwartz,Los Angeles,USA,Laptop,Electronics,TechGear,20,200,Holiday Special,10/12/23,24/12/23,Email + Social Media,10000,Silver and Gold Tiers,180,7
714,2023-06-18,C033,P111,6,MC002,Lily Sørensen,New York,USA,Backpack,Accessories,ProtectPro,30,1300,Summer Clearance,15/6/23,30/6/23,Social Media,7500,Gold Tier,180,6
715,2023-04-15,C024,P104,4,MC001,Samuel Kim,Chicago,USA,Phone Case,Accessories,ProtectPro,10,800,Spring Sale,1/3/23,15/3/23,Email,5000,All Customers,40,4
716,2023-05-22,C016,P110,6,MC002,Lucas Morales,Los Angeles,USA,Briefcase,Accessories,ProtectPro,120,900,Summer Clearance,15/6/23,30/6/23,Social Media,7500,Gold Tier,720,5
717,2023-07-25,C024,P109,1,MC005,Samuel Kim,Chicago,USA,Laptop,Electronics,TechGear,20,200,Holiday Special,10/12/23,24/12/23,Email + Social Media,10000,Silver and Gold Tiers,20,7
718,2023-11-09,C021,P112,8,MC001,Emily Schwartz,Los Angeles,USA,Desk Chair,Accessories,TechGear,40,500,Spring Sale,1/3/23,15/3/23,Email,5000,All Customers,320,11
719,2023-06-16,C017,P117,2,MC004,Evelyn Kovalenko,Houston,USA,Bluetooth Speaker,Electronics,SoundWave,140,200,Black Friday,24/11/23,27/11/23,Multi-channel,25000,All Customers,280,6
720,2023-10-10,C033,P111,1,MC003,Lily Sørensen,New York,USA,Backpack,Accessories,ProtectPro,30,1300,Back to School,1/8/23,31/8/23,TV,15000,Families,30,10
721,2023-04-27,C021,P104,1,MC001,Emily Schwartz,Los Angeles,USA,Phone Case,Accessories,ProtectPro,10,800,Spring Sale,1/3/23,15/3/23,Email,5000,All Customers,10,4
722,2023-04-11,C042,P107,2,MC002,Owen Takahashi,New York,USA,Standing Desk,Accessories,SoundWave,140,1100,Summer Clearance,15/6/23,30/6/23,Social Media,7500,Gold Tier,280,4
723,2023-06-11,C038,P106,9,MC004,Thomas Sanchez,Houston,USA,Keyboard,Electronics,TechGear,110,1000,Black Friday,24/11/23,27/11/23,Multi-channel,25000,All Customers,990,6
724,2023-02-08,C010,P118,7,MC002,William Diaz,New York,USA,External Microphone,Electronics,TechGear,60,1400,Summer Clearance,15/6/23,30/6/23,Social Media,7500,Gold Tier,420,2
725,2023-02-11,C006,P101,7,MC002,Noah Chen,Los Angeles,USA,Wireless Mouse,Electronics,TechGear,20,500,Summer Clearance,15/6/23,30/6/23,Social Media,7500,Gold Tier,140,2
726,2023-10-02,C018,P106,9,MC004,Alexander Rossi,New York,USA,Keyboard,Electronics,TechGear,110,1000,Black Friday,24/11/23,27/11/23,Multi-channel,25000,All Customers,990,10
727,2023-12-01,C050,P107,2,MC004,Caleb Reyes,Houston,USA,Standing Desk,Accessories,SoundWave,140,1100,Black Friday,24/11/23,27/11/23,Multi-channel,25000,All Customers,280,12
728,2023-04-16,C009,P113,7,MC001,Isabella Tanaka,Chicago,USA,Bluetooth Headphones Charger,Electronics,CableMax,150,300,Spring Sale,1/3/23,15/3/23,Email,5000,All Customers,1050,4
729,2023-08-21,C011,P104,4,MC002,Charlotte Hoffman,New York,USA,Phone Case,Accessories,ProtectPro,10,800,Summer Clearance,15/6/23,30/6/23,Social Media,7500,Gold Tier,40,8
730,2023-12-18,C021,P102,7,MC001,Emily Schwartz,Los Angeles,USA,Bluetooth Headphones,Electronics,SoundWave,30,300,Spring Sale,1/3/23,15/3/23,Email,5000,All Customers,210,12
731,2023-10-14,C004,P114,10,MC004,Bob Wilson,Houston,USA,Suitcase,Accessories,ProtectPro,120,1100,Black Friday,24/11/23,27/11/23,Multi-channel,25000,All Customers,1200,10
732,2023-11-13,C026,P106,4,MC001,David Okafor,Los Angeles,USA,Keyboard,Electronics,TechGear,110,1000,Spring Sale,1/3/23,15/3/23,Email,5000,All Customers,440,11
733,2023-01-24,C015,P113,7,MC001,Harper Singh,Houston,USA,Bluetooth Headphones Charger,Electronics,CableMax,150,300,Spring Sale,1/3/23,15/3/23,Email,5000,All Customers,1050,1
734,2023-09-08,C014,P101,5,MC002,Benjamin Larsson,Los Angeles,USA,Wireless Mouse,Electronics,TechGear,20,500,Summer Clearance,15/6/23,30/6/23,Social Media,7500,Gold Tier,100,9
735,2023-10-26,C039,P103,4,MC002,Penelope Cheng,Los Angeles,USA,USB-C Cable,Accessories,CableMax,15,1000,Summer Clearance,15/6/23,30/6/23,Social Media,7500,Gold Tier,60,10
736,2023-03-15,C021,P105,3,MC001,Emily Schwartz,Los Angeles,USA,Smart Watch,Electronics,TechGear,25,200,Spring Sale,1/3/23,15/3/23,Email,5000,All Customers,75,3
737,2023-03-18,C022,P112,2,MC005,Daniel Fernandez,Chicago,USA,Desk Chair,Accessories,TechGear,40,500,Holiday Special,10/12/23,24/12/23,Email + Social Media,10000,Silver and Gold Tiers,80,3
738,2023-07-17,C024,P110,7,MC003,Samuel Kim,Chicago,USA,Briefcase,Accessories,ProtectPro,120,900,Back to School,1/8/23,31/8/23,TV,15000,Families,840,7
739,2023-04-19,C017,P101,9,MC002,Evelyn Kovalenko,Houston,USA,Wireless Mouse,Electronics,TechGear,20,500,Summer Clearance,15/6/23,30/6/23,Social Media,7500,Gold Tier,180,4
740,2023-06-09,C046,P109,1,MC003,Isaac Nkosi,Houston,USA,Laptop,Electronics,TechGear,20,200,Back to School,1/8/23,31/8/23,TV,15000,Families,20,6
741,2023-02-19,C002,P104,9,MC003,Jane Smith,Los Angeles,USA,Phone Case,Accessories,ProtectPro,10,800,Back to School,1/8/23,31/8/23,TV,15000,Families,90,2
742,2023-05-11,C042,P101,8,MC005,Owen Takahashi,New York,USA,Wireless Mouse,Electronics,TechGear,20,500,Holiday Special,10/12/23,24/12/23,Email + Social Media,10000,Silver and Gold Tiers,160,5
743,2023-08-31,C003,P113,4,MC005,Alice Johnson,Chicago,USA,Bluetooth Headphones Charger,Electronics,CableMax,150,300,Holiday Special,10/12/23,24/12/23,Email + Social Media,10000,Silver and Gold Tiers,600,8
744,2023-09-04,C012,P106,1,MC004,James Choi,Chicago,USA,Keyboard,Electronics,TechGear,110,1000,Black Friday,24/11/23,27/11/23,Multi-channel,25000,All Customers,110,9
745,2023-09-07,C049,P118,2,MC004,Mila Popovic,Los Angeles,USA,External Microphone,Electronics,TechGear,60,1400,Black Friday,24/11/23,27/11/23,Multi-channel,25000,All Customers,120,9
746,2023-12-17,C044,P106,3,MC003,Gabriel Santos,Los Angeles,USA,Keyboard,Electronics,TechGear,110,1000,Back to School,1/8/23,31/8/23,TV,15000,Families,330,12
747,2023-08-09,C028,P106,10,MC004,Joseph Mendoza,New York,USA,Keyboard,Electronics,TechGear,110,1000,Black Friday,24/11/23,27/11/23,Multi-channel,25000,All Customers,1100,8
748,2023-06-23,C044,P109,10,MC005,Gabriel Santos,Los Angeles,USA,Laptop,Electronics,TechGear,20,200,Holiday Special,10/12/23,24/12/23,Email + Social Media,10000,Silver and Gold Tiers,200,6
749,2023-09-05,C029,P111,9,MC001,Chloe Dubois,Miami,USA,Backpack,Accessories,ProtectPro,30,1300,Spring Sale,1/3/23,15/3/23,Email,5000,All Customers,270,9
750,2023-06-12,C040,P112,6,MC004,Jack O'Brien,Miami,USA,Desk Chair,Accessories,TechGear,40,500,Black Friday,24/11/23,27/11/23,Multi-channel,25000,All Customers,240,6
751,2023-07-20,C015,P115,4,MC002,Harper Singh,Houston,USA,Gaming Headset,Electronics,SoundWave,50,200,Summer Clearance,15/6/23,30/6/23,Social Media,7500,Gold Tier,200,7
752,2023-04-24,C014,P118,2,MC005,Benjamin Larsson,Los Angeles,USA,External Microphone,Electronics,TechGear,60,1400,Holiday Special,10/12/23,24/12/23,Email + Social Media,10000,Silver and Gold Tiers,120,4
753,2023-12-09,C009,P101,6,MC002,Isabella Tanaka,Chicago,USA,Wireless Mouse,Electronics,TechGear,20,500,Summer Clearance,15/6/23,30/6/23,Social Media,7500,Gold Tier,120,12
754,2023-11-18,C039,P114,6,MC002,Penelope Cheng,Los Angeles,USA,Suitcase,Accessories,ProtectPro,120,1100,Summer Clearance,15/6/23,30/6/23,Social Media,7500,Gold Tier,720,11
755,2023-04-13,C040,P119,4,MC001,Jack O'Brien,Miami,USA,Adapter,Electronics,CableMax,40,800,Spring Sale,1/3/23,15/3/23,Email,5000,All Customers,160,4
756,2023-03-13,C020,P114,8,MC005,Michael Andersen,Houston,USA,Suitcase,Accessories,ProtectPro,120,1100,Holiday Special,10/12/23,24/12/23,Email + Social Media,10000,Silver and Gold Tiers,960,3
757,2023-10-01,C003,P105,2,MC003,Alice Johnson,Chicago,USA,Smart Watch,Electronics,TechGear,25,200,Back to School,1/8/23,31/8/23,TV,15000,Families,50,10
758,2023-04-30,C022,P109,7,MC005,Daniel Fernandez,Chicago,USA,Laptop,Electronics,TechGear,20,200,Holiday Special,10/12/23,24/12/23,Email + Social Media,10000,Silver and Gold Tiers,140,4
759,2023-11-22,C007,P101,10,MC002,Ava Kowalski,Chicago,USA,Wireless Mouse,Electronics,TechGear,20,500,Summer Clearance,15/6/23,30/6/23,Social Media,7500,Gold Tier,200,11
760,2023-06-30,C023,P105,9,MC005,Elizabeth Novak,Miami,USA,Smart Watch,Electronics,TechGear,25,200,Holiday Special,10/12/23,24/12/23,Email + Social Media,10000,Silver and Gold Tiers,225,6
761,2023-02-15,C045,P111,10,MC002,Nora Zimmerman,Houston,USA,Backpack,Accessories,ProtectPro,30,1300,Summer Clearance,15/6/23,30/6/23,Social Media,7500,Gold Tier,300,2
762,2023-09-01,C028,P116,5,MC003,Joseph Mendoza,New York,USA,Cleanup Kit,Accessories,TechGear,20,1300,Back to School,1/8/23,31/8/23,TV,15000,Families,100,9
763,2023-09-14,C030,P117,2,MC001,Andrew Ivanov,Miami,USA,Bluetooth Speaker,Electronics,SoundWave,140,200,Spring Sale,1/3/23,15/3/23,Email,5000,All Customers,280,9
764,2023-01-28,C005,P108,8,MC002,Emma Brown,Miami,USA,Computer Case,Accessories,ProtectPro,110,500,Summer Clearance,15/6/23,30/6/23,Social Media,7500,Gold Tier,880,1
765,2023-01-12,C049,P107,7,MC005,Mila Popovic,Los Angeles,USA,Standing Desk,Accessories,SoundWave,140,1100,Holiday Special,10/12/23,24/12/23,Email + Social Media,10000,Silver and Gold Tiers,980,1
766,2023-08-20,C023,P106,7,MC001,Elizabeth Novak,Miami,USA,Keyboard,Electronics,TechGear,110,1000,Spring Sale,1/3/23,15/3/23,Email,5000,All Customers,770,8
767,2023-11-05,C044,P116,7,MC004,Gabriel Santos,Los Angeles,USA,Cleanup Kit,Accessories,TechGear,20,1300,Black Friday,24/11/23,27/11/23,Multi-channel,25000,All Customers,140,11
768,2023-08-28,C022,P106,2,MC002,Daniel Fernandez,Chicago,USA,Keyboard,Electronics,TechGear,110,1000,Summer Clearance,15/6/23,30/6/23,Social Media,7500,Gold Tier,220,8
769,2023-11-18,C008,P120,6,MC005,Mason Fitzgerald,Houston,USA,Keyboard Mousepad,Accessories,TechGear,50,400,Holiday Special,10/12/23,24/12/23,Email + Social Media,10000,Silver and Gold Tiers,300,11
770,2023-03-17,C044,P102,3,MC003,Gabriel Santos,Los Angeles,USA,Bluetooth Headphones,Electronics,SoundWave,30,300,Back to School,1/8/23,31/8/23,TV,15000,Families,90,3
771,2023-01-14,C015,P102,4,MC002,Harper Singh,Houston,USA,Bluetooth Headphones,Electronics,SoundWave,30,300,Summer Clearance,15/6/23,30/6/23,Social Media,7500,Gold Tier,120,1
772,2023-01-09,C042,P110,7,MC003,Owen Takahashi,New York,USA,Briefcase,Accessories,ProtectPro,120,900,Back to School,1/8/23,31/8/23,TV,15000,Families,840,1
773,2023-11-19,C001,P106,10,MC005,John Doe,New York,USA,Keyboard,Electronics,TechGear,110,1000,Holiday Special,10/12/23,24/12/23,Email + Social Media,10000,Silver and Gold Tiers,1100,11
774,2023-03-11,C013,P107,6,MC003,Amelia Gupta,Houston,USA,Standing Desk,Accessories,SoundWave,140,1100,Back to School,1/8/23,31/8/23,TV,15000,Families,840,3
775,2023-07-26,C014,P105,4,MC004,Benjamin Larsson,Los Angeles,USA,Smart Watch,Electronics,TechGear,25,200,Black Friday,24/11/23,27/11/23,Multi-channel,25000,All Customers,100,7
776,2023-10-12,C027,P104,7,MC003,Grace Yamamoto,Chicago,USA,Phone Case,Accessories,ProtectPro,10,800,Back to School,1/8/23,31/8/23,TV,15000,Families,70,10
777,2023-03-26,C045,P120,1,MC005,Nora Zimmerman,Houston,USA,Keyboard Mousepad,Accessories,TechGear,50,400,Holiday Special,10/12/23,24/12/23,Email + Social Media,10000,Silver and Gold Tiers,50,3
778,2023-03-12,C006,P104,7,MC002,Noah Chen,Los Angeles,USA,Phone Case,Accessories,ProtectPro,10,800,Summer Clearance,15/6/23,30/6/23,Social Media,7500,Gold Tier,70,3
779,2023-08-09,C024,P120,9,MC002,Samuel Kim,Chicago,USA,Keyboard Mousepad,Accessories,TechGear,50,400,Summer Clearance,15/6/23,30/6/23,Social Media,7500,Gold Tier,450,8
780,2023-12-10,C002,P109,5,MC001,Jane Smith,Los Angeles,USA,Laptop,Electronics,TechGear,20,200,Spring Sale,1/3/23,15/3/23,Email,5000,All Customers,100,12
781,2023-04-20,C014,P109,10,MC001,Benjamin Larsson,Los Angeles,USA,Laptop,Electronics,TechGear,20,200,Spring Sale,1/3/23,15/3/23,Email,5000,All Customers,200,4
782,2023-04-08,C013,P103,1,MC005,Amelia Gupta,Houston,USA,USB-C Cable,Accessories,CableMax,15,1000,Holiday Special,10/12/23,24/12/23,Email + Social Media,10000,Silver and Gold Tiers,15,4
783,2023-04-16,C019,P108,3,MC002,Abigail Nakamura,Chicago,USA,Computer Case,Accessories,ProtectPro,110,500,Summer Clearance,15/6/23,30/6/23,Social Media,7500,Gold Tier,330,4
784,2023-09-07,C024,P115,10,MC004,Samuel Kim,Chicago,USA,Gaming Headset,Electronics,SoundWave,50,200,Black Friday,24/11/23,27/11/23,Multi-channel,25000,All Customers,500,9
785,2023-05-03,C002,P119,9,MC002,Jane Smith,Los Angeles,USA,Adapter,Electronics,CableMax,40,800,Summer Clearance,15/6/23,30/6/23,Social Media,7500,Gold Tier,360,5
786,2023-08-21,C043,P114,2,MC002,Hannah Eriksson,New York,USA,Suitcase,Accessories,ProtectPro,120,1100,Summer Clearance,15/6/23,30/6/23,Social Media,7500,Gold Tier,240,8
787,2023-12-30,C029,P102,8,MC002,Chloe Dubois,Miami,USA,Bluetooth Headphones,Electronics,SoundWave,30,300,Summer Clearance,15/6/23,30/6/23,Social Media,7500,Gold Tier,240,12
788,2023-02-11,C031,P104,5,MC003,Zoe Ramirez,Miami,USA,Phone Case,Accessories,ProtectPro,10,800,Back to School,1/8/23,31/8/23,TV,15000,Families,50,2
789,2023-10-26,C025,P102,5,MC001,Sofia Petrov,Los Angeles,USA,Bluetooth Headphones,Electronics,SoundWave,30,300,Spring Sale,1/3/23,15/3/23,Email,5000,All Customers,150,10
790,2023-06-16,C006,P116,5,MC001,Noah Chen,Los Angeles,USA,Cleanup Kit,Accessories,TechGear,20,1300,Spring Sale,1/3/23,15/3/23,Email,5000,All Customers,100,6
791,2023-01-18,C014,P106,4,MC004,Benjamin Larsson,Los Angeles,USA,Keyboard,Electronics,TechGear,110,1000,Black Friday,24/11/23,27/11/23,Multi-channel,25000,All Customers,440,1
792,2023-11-07,C045,P104,6,MC004,Nora Zimmerman,Houston,USA,Phone Case,Accessories,ProtectPro,10,800,Black Friday,24/11/23,27/11/23,Multi-channel,25000,All Customers,60,11
793,2023-10-24,C001,P103,1,MC005,John Doe,New York,USA,USB-C Cable,Accessories,CableMax,15,1000,Holiday Special,10/12/23,24/12/23,Email + Social Media,10000,Silver and Gold Tiers,15,10
794,2023-10-14,C031,P106,2,MC001,Zoe Ramirez,Miami,USA,Keyboard,Electronics,TechGear,110,1000,Spring Sale,1/3/23,15/3/23,Email,5000,All Customers,220,10
795,2023-03-14,C034,P105,8,MC003,Matthew Gonzalez,Houston,USA,Smart Watch,Electronics,TechGear,25,200,Back to School,1/8/23,31/8/23,TV,15000,Families,200,3
796,2023-02-18,C004,P118,4,MC002,Bob Wilson,Houston,USA,External Microphone,Electronics,TechGear,60,1400,Summer Clearance,15/6/23,30/6/23,Social Media,7500,Gold Tier,240,2
797,2023-11-01,C012,P105,8,MC004,James Choi,Chicago,USA,Smart Watch,Electronics,TechGear,25,200,Black Friday,24/11/23,27/11/23,Multi-channel,25000,All Customers,200,11
798,2023-10-28,C010,P106,1,MC004,William Diaz,New York,USA,Keyboard,Electronics,TechGear,110,1000,Black Friday,24/11/23,27/11/23,Multi-channel,25000,All Customers,110,10
799,2023-11-12,C008,P104,10,MC002,Mason Fitzgerald,Houston,USA,Phone Case,Accessories,ProtectPro,10,800,Summer Clearance,15/6/23,30/6/23,Social Media,7500,Gold Tier,100,11
800,2023-01-06,C015,P118,10,MC003,Harper Singh,Houston,USA,External Microphone,Electronics,TechGear,60,1400,Back to School,1/8/23,31/8/23,TV,15000,Families,600,1
801,2023-06-30,C046,P103,8,MC005,Isaac Nkosi,Houston,USA,USB-C Cable,Accessories,CableMax,15,1000,Holiday Special,10/12/23,24/12/23,Email + Social Media,10000,Silver and Gold Tiers,120,6
802,2023-07-30,C006,P118,3,MC003,Noah Chen,Los Angeles,USA,External Microphone,Electronics,TechGear,60,1400,Back to School,1/8/23,31/8/23,TV,15000,Families,180,7
803,2023-12-25,C048,P115,1,MC005,Dylan Suzuki,New York,USA,Gaming Headset,Electronics,SoundWave,50,200,Holiday Special,10/12/23,24/12/23,Email + Social Media,10000,Silver and Gold Tiers,50,12
804,2023-10-07,C023,P115,5,MC005,Elizabeth Novak,Miami,USA,Gaming Headset,Electronics,SoundWave,50,200,Holiday Special,10/12/23,24/12/23,Email + Social Media,10000,Silver and Gold Tiers,250,10
805,2023-07-22,C004,P105,10,MC002,Bob Wilson,Houston,USA,Smart Watch,Electronics,TechGear,25,200,Summer Clearance,15/6/23,30/6/23,Social Media,7500,Gold Tier,250,7
806,2023-06-22,C011,P120,4,MC005,Charlotte Hoffman,New York,USA,Keyboard Mousepad,Accessories,TechGear,50,400,Holiday Special,10/12/23,24/12/23,Email + Social Media,10000,Silver and Gold Tiers,200,6
807,2023-03-04,C009,P119,2,MC005,Isabella Tanaka,Chicago,USA,Adapter,Electronics,CableMax,40,800,Holiday Special,10/12/23,24/12/23,Email + Social Media,10000,Silver and Gold Tiers,80,3
808,2023-10-25,C003,P116,10,MC003,Alice Johnson,Chicago,USA,Cleanup Kit,Accessories,TechGear,20,1300,Back to School,1/8/23,31/8/23,TV,15000,Families,200,10
809,2023-04-06,C001,P101,2,MC002,John Doe,New York,USA,Wireless Mouse,Electronics,TechGear,20,500,Summer Clearance,15/6/23,30/6/23,Social Media,7500,Gold Tier,40,4
810,2023-10-15,C009,P118,4,MC005,Isabella Tanaka,Chicago,USA,External Microphone,Electronics,TechGear,60,1400,Holiday Special,10/12/23,24/12/23,Email + Social Media,10000,Silver and Gold Tiers,240,10
811,2023-02-12,C005,P120,5,MC005,Emma Brown,Miami,USA,Keyboard Mousepad,Accessories,TechGear,50,400,Holiday Special,10/12/23,24/12/23,Email + Social Media,10000,Silver and Gold Tiers,250,2
812,2023-04-23,C048,P103,9,MC001,Dylan Suzuki,New York,USA,USB-C Cable,Accessories,CableMax,15,1000,Spring Sale,1/3/23,15/3/23,Email,5000,All Customers,135,4
813,2023-03-23,C035,P112,3,MC005,Scarlett Watanabe,Los Angeles,USA,Desk Chair,Accessories,TechGear,40,500,Holiday Special,10/12/23,24/12/23,Email + Social Media,10000,Silver and Gold Tiers,120,3
814,2023-06-08,C017,P103,6,MC003,Evelyn Kovalenko,Houston,USA,USB-C Cable,Accessories,CableMax,15,1000,Back to School,1/8/23,31/8/23,TV,15000,Families,90,6
815,2023-08-27,C041,P119,3,MC001,Audrey Kuznetsov,Miami,USA,Adapter,Electronics,CableMax,40,800,Spring Sale,1/3/23,15/3/23,Email,5000,All Customers,120,8
816,2023-10-19,C032,P117,1,MC002,Christopher Lee,Los Angeles,USA,Bluetooth Speaker,Electronics,SoundWave,140,200,Summer Clearance,15/6/23,30/6/23,Social Media,7500,Gold Tier,140,10
817,2023-04-28,C044,P114,1,MC005,Gabriel Santos,Los Angeles,USA,Suitcase,Accessories,ProtectPro,120,1100,Holiday Special,10/12/23,24/12/23,Email + Social Media,10000,Silver and Gold Tiers,120,4
818,2023-04-14,C021,P105,2,MC004,Emily Schwartz,Los Angeles,USA,Smart Watch,Electronics,TechGear,25,200,Black Friday,24/11/23,27/11/23,Multi-channel,25000,All Customers,50,4
819,2023-05-24,C021,P109,9,MC005,Emily Schwartz,Los Angeles,USA,Laptop,Electronics,TechGear,20,200,Holiday Special,10/12/23,24/12/23,Email + Social Media,10000,Silver and Gold Tiers,180,5
820,2023-12-09,C026,P111,3,MC001,David Okafor,Los Angeles,USA,Backpack,Accessories,ProtectPro,30,1300,Spring Sale,1/3/23,15/3/23,Email,5000,All Customers,90,12
821,2023-04-07,C003,P108,3,MC005,Alice Johnson,Chicago,USA,Computer Case,Accessories,ProtectPro,110,500,Holiday Special,10/12/23,24/12/23,Email + Social Media,10000,Silver and Gold Tiers,330,4
822,2023-06-06,C015,P119,1,MC005,Harper Singh,Houston,USA,Adapter,Electronics,CableMax,40,800,Holiday Special,10/12/23,24/12/23,Email + Social Media,10000,Silver and Gold Tiers,40,6
823,2023-10-21,C016,P111,5,MC002,Lucas Morales,Los Angeles,USA,Backpack,Accessories,ProtectPro,30,1300,Summer Clearance,15/6/23,30/6/23,Social Media,7500,Gold Tier,150,10
824,2023-08-03,C002,P119,5,MC001,Jane Smith,Los Angeles,USA,Adapter,Electronics,CableMax,40,800,Spring Sale,1/3/23,15/3/23,Email,5000,All Customers,200,8
825,2023-09-29,C041,P112,2,MC004,Audrey Kuznetsov,Miami,USA,Desk Chair,Accessories,TechGear,40,500,Black Friday,24/11/23,27/11/23,Multi-channel,25000,All Customers,80,9
826,2023-11-24,C043,P104,10,MC004,Hannah Eriksson,New York,USA,Phone Case,Accessories,ProtectPro,10,800,Black Friday,24/11/23,27/11/23,Multi-channel,25000,All Customers,100,11
827,2023-01-02,C018,P117,9,MC005,Alexander Rossi,New York,USA,Bluetooth Speaker,Electronics,SoundWave,140,200,Holiday Special,10/12/23,24/12/23,Email + Social Media,10000,Silver and Gold Tiers,1260,1
828,2023-08-02,C044,P112,2,MC003,Gabriel Santos,Los Angeles,USA,Desk Chair,Accessories,TechGear,40,500,Back to School,1/8/23,31/8/23,TV,15000,Families,80,8
829,2023-04-15,C038,P119,3,MC002,Thomas Sanchez,Houston,USA,Adapter,Electronics,CableMax,40,800,Summer Clearance,15/6/23,30/6/23,Social Media,7500,Gold Tier,120,4
830,2023-02-11,C034,P114,10,MC005,Matthew Gonzalez,Houston,USA,Suitcase,Accessories,ProtectPro,120,1100,Holiday Special,10/12/23,24/12/23,Email + Social Media,10000,Silver and Gold Tiers,1200,2
831,2023-01-14,C042,P104,2,MC002,Owen Takahashi,New York,USA,Phone Case,Accessories,ProtectPro,10,800,Summer Clearance,15/6/23,30/6/23,Social Media,7500,Gold Tier,20,1
832,2023-03-11,C002,P111,2,MC004,Jane Smith,Los Angeles,USA,Backpack,Accessories,ProtectPro,30,1300,Black Friday,24/11/23,27/11/23,Multi-channel,25000,All Customers,60,3
833,2023-09-24,C034,P101,10,MC005,Matthew Gonzalez,Houston,USA,Wireless Mouse,Electronics,TechGear,20,500,Holiday Special,10/12/23,24/12/23,Email + Social Media,10000,Silver and Gold Tiers,200,9
834,2023-10-31,C006,P107,8,MC004,Noah Chen,Los Angeles,USA,Standing Desk,Accessories,SoundWave,140,1100,Black Friday,24/11/23,27/11/23,Multi-channel,25000,All Customers,1120,10
835,2023-03-12,C049,P102,2,MC001,Mila Popovic,Los Angeles,USA,Bluetooth Headphones,Electronics,SoundWave,30,300,Spring Sale,1/3/23,15/3/23,Email,5000,All Customers,60,3
836,2023-10-03,C033,P120,2,MC004,Lily Sørensen,New York,USA,Keyboard Mousepad,Accessories,TechGear,50,400,Black Friday,24/11/23,27/11/23,Multi-channel,25000,All Customers,100,10
837,2023-01-28,C050,P104,10,MC004,Caleb Reyes,Houston,USA,Phone Case,Accessories,ProtectPro,10,800,Black Friday,24/11/23,27/11/23,Multi-channel,25000,All Customers,100,1
838,2023-02-17,C050,P101,6,MC004,Caleb Reyes,Houston,USA,Wireless Mouse,Electronics,TechGear,20,500,Black Friday,24/11/23,27/11/23,Multi-channel,25000,All Customers,120,2
839,2023-01-18,C049,P106,7,MC002,Mila Popovic,Los Angeles,USA,Keyboard,Electronics,TechGear,110,1000,Summer Clearance,15/6/23,30/6/23,Social Media,7500,Gold Tier,770,1
840,2023-12-31,C035,P116,2,MC002,Scarlett Watanabe,Los Angeles,USA,Cleanup Kit,Accessories,TechGear,20,1300,Summer Clearance,15/6/23,30/6/23,Social Media,7500,Gold Tier,40,12
841,2023-03-18,C050,P101,5,MC001,Caleb Reyes,Houston,USA,Wireless Mouse,Electronics,TechGear,20,500,Spring Sale,1/3/23,15/3/23,Email,5000,All Customers,100,3
842,2023-08-03,C016,P113,7,MC001,Lucas Morales,Los Angeles,USA,Bluetooth Headphones Charger,Electronics,CableMax,150,300,Spring Sale,1/3/23,15/3/23,Email,5000,All Customers,1050,8
843,2023-01-12,C002,P120,1,MC005,Jane Smith,Los Angeles,USA,Keyboard Mousepad,Accessories,TechGear,50,400,Holiday Special,10/12/23,24/12/23,Email + Social Media,10000,Silver and Gold Tiers,50,1
844,2023-01-13,C022,P103,8,MC005,Daniel Fernandez,Chicago,USA,USB-C Cable,Accessories,CableMax,15,1000,Holiday Special,10/12/23,24/12/23,Email + Social Media,10000,Silver and Gold Tiers,120,1
845,2023-04-20,C021,P103,10,MC003,Emily Schwartz,Los Angeles,USA,USB-C Cable,Accessories,CableMax,15,1000,Back to School,1/8/23,31/8/23,TV,15000,Families,150,4
846,2023-07-30,C026,P114,5,MC005,David Okafor,Los Angeles,USA,Suitcase,Accessories,ProtectPro,120,1100,Holiday Special,10/12/23,24/12/23,Email + Social Media,10000,Silver and Gold Tiers,600,7
847,2023-07-31,C038,P105,3,MC004,Thomas Sanchez,Houston,USA,Smart Watch,Electronics,TechGear,25,200,Black Friday,24/11/23,27/11/23,Multi-channel,25000,All Customers,75,7
848,2023-09-03,C046,P120,9,MC001,Isaac Nkosi,Houston,USA,Keyboard Mousepad,Accessories,TechGear,50,400,Spring Sale,1/3/23,15/3/23,Email,5000,All Customers,450,9
849,2023-10-10,C038,P119,10,MC004,Thomas Sanchez,Houston,USA,Adapter,Electronics,CableMax,40,800,Black Friday,24/11/23,27/11/23,Multi-channel,25000,All Customers,400,10
850,2023-02-25,C025,P114,7,MC003,Sofia Petrov,Los Angeles,USA,Suitcase,Accessories,ProtectPro,120,1100,Back to School,1/8/23,31/8/23,TV,15000,Families,840,2
851,2023-01-02,C044,P120,5,MC002,Gabriel Santos,Los Angeles,USA,Keyboard Mousepad,Accessories,TechGear,50,400,Summer Clearance,15/6/23,30/6/23,Social Media,7500,Gold Tier,250,1
852,2023-05-12,C021,P102,6,MC004,Emily Schwartz,Los Angeles,USA,Bluetooth Headphones,Electronics,SoundWave,30,300,Black Friday,24/11/23,27/11/23,Multi-channel,25000,All Customers,180,5
853,2023-07-25,C043,P110,10,MC001,Hannah Eriksson,New York,USA,Briefcase,Accessories,ProtectPro,120,900,Spring Sale,1/3/23,15/3/23,Email,5000,All Customers,1200,7
854,2023-08-17,C045,P113,3,MC002,Nora Zimmerman,Houston,USA,Bluetooth Headphones Charger,Electronics,CableMax,150,300,Summer Clearance,15/6/23,30/6/23,Social Media,7500,Gold Tier,450,8
855,2023-12-09,C050,P112,8,MC005,Caleb Reyes,Houston,USA,Desk Chair,Accessories,TechGear,40,500,Holiday Special,10/12/23,24/12/23,Email + Social Media,10000,Silver and Gold Tiers,320,12
856,2023-09-15,C048,P103,2,MC002,Dylan Suzuki,New York,USA,USB-C Cable,Accessories,CableMax,15,1000,Summer Clearance,15/6/23,30/6/23,Social Media,7500,Gold Tier,30,9
857,2023-06-22,C043,P107,2,MC003,Hannah Eriksson,New York,USA,Standing Desk,Accessories,SoundWave,140,1100,Back to School,1/8/23,31/8/23,TV,15000,Families,280,6
858,2023-09-25,C024,P107,9,MC003,Samuel Kim,Chicago,USA,Standing Desk,Accessories,SoundWave,140,1100,Back to School,1/8/23,31/8/23,TV,15000,Families,1260,9
859,2023-03-03,C026,P104,9,MC002,David Okafor,Los Angeles,USA,Phone Case,Accessories,ProtectPro,10,800,Summer Clearance,15/6/23,30/6/23,Social Media,7500,Gold Tier,90,3
860,2023-03-13,C019,P109,3,MC002,Abigail Nakamura,Chicago,USA,Laptop,Electronics,TechGear,20,200,Summer Clearance,15/6/23,30/6/23,Social Media,7500,Gold Tier,60,3
861,2023-07-06,C010,P115,2,MC002,William Diaz,New York,USA,Gaming Headset,Electronics,SoundWave,50,200,Summer Clearance,15/6/23,30/6/23,Social Media,7500,Gold Tier,100,7
862,2023-11-25,C002,P114,3,MC005,Jane Smith,Los Angeles,USA,Suitcase,Accessories,ProtectPro,120,1100,Holiday Special,10/12/23,24/12/23,Email + Social Media,10000,Silver and Gold Tiers,360,11
863,2023-11-05,C035,P115,6,MC004,Scarlett Watanabe,Los Angeles,USA,Gaming Headset,Electronics,SoundWave,50,200,Black Friday,24/11/23,27/11/23,Multi-channel,25000,All Customers,300,11
864,2023-10-03,C021,P104,3,MC002,Emily Schwartz,Los Angeles,USA,Phone Case,Accessories,ProtectPro,10,800,Summer Clearance,15/6/23,30/6/23,Social Media,7500,Gold Tier,30,10
865,2023-02-09,C002,P111,5,MC002,Jane Smith,Los Angeles,USA,Backpack,Accessories,ProtectPro,30,1300,Summer Clearance,15/6/23,30/6/23,Social Media,7500,Gold Tier,150,2
866,2023-09-24,C017,P102,2,MC001,Evelyn Kovalenko,Houston,USA,Bluetooth Headphones,Electronics,SoundWave,30,300,Spring Sale,1/3/23,15/3/23,Email,5000,All Customers,60,9
867,2023-03-22,C016,P113,7,MC001,Lucas Morales,Los Angeles,USA,Bluetooth Headphones Charger,Electronics,CableMax,150,300,Spring Sale,1/3/23,15/3/23,Email,5000,All Customers,1050,3
868,2023-03-02,C021,P102,3,MC002,Emily Schwartz,Los Angeles,USA,Bluetooth Headphones,Electronics,SoundWave,30,300,Summer Clearance,15/6/23,30/6/23,Social Media,7500,Gold Tier,90,3
869,2023-12-28,C024,P107,1,MC005,Samuel Kim,Chicago,USA,Standing Desk,Accessories,SoundWave,140,1100,Holiday Special,10/12/23,24/12/23,Email + Social Media,10000,Silver and Gold Tiers,140,12
870,2023-10-04,C045,P101,3,MC002,Nora Zimmerman,Houston,USA,Wireless Mouse,Electronics,TechGear,20,500,Summer Clearance,15/6/23,30/6/23,Social Media,7500,Gold Tier,60,10
871,2023-07-11,C025,P101,1,MC005,Sofia Petrov,Los Angeles,USA,Wireless Mouse,Electronics,TechGear,20,500,Holiday Special,10/12/23,24/12/23,Email + Social Media,10000,Silver and Gold Tiers,20,7
872,2023-05-13,C011,P108,8,MC003,Charlotte Hoffman,New York,USA,Computer Case,Accessories,ProtectPro,110,500,Back to School,1/8/23,31/8/23,TV,15000,Families,880,5
873,2023-07-22,C008,P119,9,MC003,Mason Fitzgerald,Houston,USA,Adapter,Electronics,CableMax,40,800,Back to School,1/8/23,31/8/23,TV,15000,Families,360,7
874,2023-03-25,C047,P105,10,MC004,Leah Fontaine,Miami,USA,Smart Watch,Electronics,TechGear,25,200,Black Friday,24/11/23,27/11/23,Multi-channel,25000,All Customers,250,3
875,2023-05-05,C021,P109,3,MC005,Emily Schwartz,Los Angeles,USA,Laptop,Electronics,TechGear,20,200,Holiday Special,10/12/23,24/12/23,Email + Social Media,10000,Silver and Gold Tiers,60,5
876,2023-02-28,C046,P113,8,MC005,Isaac Nkosi,Houston,USA,Bluetooth Headphones Charger,Electronics,CableMax,150,300,Holiday Special,10/12/23,24/12/23,Email + Social Media,10000,Silver and Gold Tiers,1200,2
877,2023-03-15,C041,P112,10,MC002,Audrey Kuznetsov,Miami,USA,Desk Chair,Accessories,TechGear,40,500,Summer Clearance,15/6/23,30/6/23,Social Media,7500,Gold Tier,400,3
878,2023-10-13,C028,P111,10,MC002,Joseph Mendoza,New York,USA,Backpack,Accessories,ProtectPro,30,1300,Summer Clearance,15/6/23,30/6/23,Social Media,7500,Gold Tier,300,10
879,2023-01-31,C001,P103,10,MC005,John Doe,New York,USA,USB-C Cable,Accessories,CableMax,15,1000,Holiday Special,10/12/23,24/12/23,Email + Social Media,10000,Silver and Gold Tiers,150,1
880,2023-09-06,C029,P109,1,MC004,Chloe Dubois,Miami,USA,Laptop,Electronics,TechGear,20,200,Black Friday,24/11/23,27/11/23,Multi-channel,25000,All Customers,20,9
881,2023-11-09,C031,P113,9,MC004,Zoe Ramirez,Miami,USA,Bluetooth Headphones Charger,Electronics,CableMax,150,300,Black Friday,24/11/23,27/11/23,Multi-channel,25000,All Customers,1350,11
882,2023-06-16,C008,P115,1,MC001,Mason Fitzgerald,Houston,USA,Gaming Headset,Electronics,SoundWave,50,200,Spring Sale,1/3/23,15/3/23,Email,5000,All Customers,50,6
883,2023-06-08,C038,P108,4,MC001,Thomas Sanchez,Houston,USA,Computer Case,Accessories,ProtectPro,110,500,Spring Sale,1/3/23,15/3/23,Email,5000,All Customers,440,6
884,2023-01-18,C028,P113,9,MC005,Joseph Mendoza,New York,USA,Bluetooth Headphones Charger,Electronics,CableMax,150,300,Holiday Special,10/12/23,24/12/23,Email + Social Media,10000,Silver and Gold Tiers,1350,1
885,2023-04-25,C027,P110,4,MC003,Grace Yamamoto,Chicago,USA,Briefcase,Accessories,ProtectPro,120,900,Back to School,1/8/23,31/8/23,TV,15000,Families,480,4
886,2023-02-09,C013,P108,3,MC001,Amelia Gupta,Houston,USA,Computer Case,Accessories,ProtectPro,110,500,Spring Sale,1/3/23,15/3/23,Email,5000,All Customers,330,2
887,2023-12-24,C032,P111,9,MC004,Christopher Lee,Los Angeles,USA,Backpack,Accessories,ProtectPro,30,1300,Black Friday,24/11/23,27/11/23,Multi-channel,25000,All Customers,270,12
888,2023-06-21,C029,P106,2,MC004,Chloe Dubois,Miami,USA,Keyboard,Electronics,TechGear,110,1000,Black Friday,24/11/23,27/11/23,Multi-channel,25000,All Customers,220,6
889,2023-01-21,C017,P110,6,MC004,Evelyn Kovalenko,Houston,USA,Briefcase,Accessories,ProtectPro,120,900,Black Friday,24/11/23,27/11/23,Multi-channel,25000,All Customers,720,1
890,2023-03-18,C034,P109,5,MC004,Matthew Gonzalez,Houston,USA,Laptop,Electronics,TechGear,20,200,Black Friday,24/11/23,27/11/23,Multi-channel,25000,All Customers,100,3
891,2023-02-05,C037,P108,7,MC002,Victoria Kozlov,Chicago,USA,Computer Case,Accessories,ProtectPro,110,500,Summer Clearance,15/6/23,30/6/23,Social Media,7500,Gold Tier,770,2
892,2023-02-26,C004,P116,10,MC004,Bob Wilson,Houston,USA,Cleanup Kit,Accessories,TechGear,20,1300,Black Friday,24/11/23,27/11/23,Multi-channel,25000,All Customers,200,2
893,2023-09-07,C022,P108,8,MC002,Daniel Fernandez,Chicago,USA,Computer Case,Accessories,ProtectPro,110,500,Summer Clearance,15/6/23,30/6/23,Social Media,7500,Gold Tier,880,9
894,2023-09-07,C038,P117,10,MC001,Thomas Sanchez,Houston,USA,Bluetooth Speaker,Electronics,SoundWave,140,200,Spring Sale,1/3/23,15/3/23,Email,5000,All Customers,1400,9
895,2023-10-24,C036,P109,7,MC001,Ryan Müller,Los Angeles,USA,Laptop,Electronics,TechGear,20,200,Spring Sale,1/3/23,15/3/23,Email,5000,All Customers,140,10
896,2023-04-21,C046,P111,2,MC002,Isaac Nkosi,Houston,USA,Backpack,Accessories,ProtectPro,30,1300,Summer Clearance,15/6/23,30/6/23,Social Media,7500,Gold Tier,60,4
897,2023-10-11,C017,P112,5,MC005,Evelyn Kovalenko,Houston,USA,Desk Chair,Accessories,TechGear,40,500,Holiday Special,10/12/23,24/12/23,Email + Social Media,10000,Silver and Gold Tiers,200,10
898,2023-03-11,C016,P101,1,MC003,Lucas Morales,Los Angeles,USA,Wireless Mouse,Electronics,TechGear,20,500,Back to School,1/8/23,31/8/23,TV,15000,Families,20,3
899,2023-12-29,C012,P114,6,MC003,James Choi,Chicago,USA,Suitcase,Accessories,ProtectPro,120,1100,Back to School,1/8/23,31/8/23,TV,15000,Families,720,12
900,2023-05-15,C024,P107,8,MC003,Samuel Kim,Chicago,USA,Standing Desk,Accessories,SoundWave,140,1100,Back to School,1/8/23,31/8/23,TV,15000,Families,1120,5
901,2023-04-02,C026,P120,9,MC004,David Okafor,Los Angeles,USA,Keyboard Mousepad,Accessories,TechGear,50,400,Black Friday,24/11/23,27/11/23,Multi-channel,25000,All Customers,450,4
902,2023-03-26,C022,P101,8,MC003,Daniel Fernandez,Chicago,USA,Wireless Mouse,Electronics,TechGear,20,500,Back to School,1/8/23,31/8/23,TV,15000,Families,160,3
903,2023-01-11,C012,P107,1,MC005,James Choi,Chicago,USA,Standing Desk,Accessories,SoundWave,140,1100,Holiday Special,10/12/23,24/12/23,Email + Social Media,10000,Silver and Gold Tiers,140,1
904,2023-05-26,C032,P109,1,MC003,Christopher Lee,Los Angeles,USA,Laptop,Electronics,TechGear,20,200,Back to School,1/8/23,31/8/23,TV,15000,Families,20,5
905,2023-06-19,C032,P111,3,MC003,Christopher Lee,Los Angeles,USA,Backpack,Accessories,ProtectPro,30,1300,Back to School,1/8/23,31/8/23,TV,15000,Families,90,6
906,2023-05-27,C027,P120,6,MC005,Grace Yamamoto,Chicago,USA,Keyboard Mousepad,Accessories,TechGear,50,400,Holiday Special,10/12/23,24/12/23,Email + Social Media,10000,Silver and Gold Tiers,300,5
907,2023-11-21,C013,P109,6,MC004,Amelia Gupta,Houston,USA,Laptop,Electronics,TechGear,20,200,Black Friday,24/11/23,27/11/23,Multi-channel,25000,All Customers,120,11
908,2023-11-01,C009,P119,6,MC002,Isabella Tanaka,Chicago,USA,Adapter,Electronics,CableMax,40,800,Summer Clearance,15/6/23,30/6/23,Social Media,7500,Gold Tier,240,11
909,2023-06-21,C043,P116,9,MC002,Hannah Eriksson,New York,USA,Cleanup Kit,Accessories,TechGear,20,1300,Summer Clearance,15/6/23,30/6/23,Social Media,7500,Gold Tier,180,6
910,2023-08-05,C025,P110,10,MC005,Sofia Petrov,Los Angeles,USA,Briefcase,Accessories,ProtectPro,120,900,Holiday Special,10/12/23,24/12/23,Email + Social Media,10000,Silver and Gold Tiers,1200,8
911,2023-08-31,C011,P116,8,MC002,Charlotte Hoffman,New York,USA,Cleanup Kit,Accessories,TechGear,20,1300,Summer Clearance,15/6/23,30/6/23,Social Media,7500,Gold Tier,160,8
912,2023-12-09,C037,P111,3,MC005,Victoria Kozlov,Chicago,USA,Backpack,Accessories,ProtectPro,30,1300,Holiday Special,10/12/23,24/12/23,Email + Social Media,10000,Silver and Gold Tiers,90,12
913,2023-12-22,C045,P120,3,MC001,Nora Zimmerman,Houston,USA,Keyboard Mousepad,Accessories,TechGear,50,400,Spring Sale,1/3/23,15/3/23,Email,5000,All Customers,150,12
914,2023-04-11,C022,P114,3,MC005,Daniel Fernandez,Chicago,USA,Suitcase,Accessories,ProtectPro,120,1100,Holiday Special,10/12/23,24/12/23,Email + Social Media,10000,Silver and Gold Tiers,360,4
915,2023-01-26,C023,P105,2,MC004,Elizabeth Novak,Miami,USA,Smart Watch,Electronics,TechGear,25,200,Black Friday,24/11/23,27/11/23,Multi-channel,25000,All Customers,50,1
916,2023-08-15,C002,P119,9,MC004,Jane Smith,Los Angeles,USA,Adapter,Electronics,CableMax,40,800,Black Friday,24/11/23,27/11/23,Multi-channel,25000,All Customers,360,8
917,2023-06-26,C022,P116,7,MC001,Daniel Fernandez,Chicago,USA,Cleanup Kit,Accessories,TechGear,20,1300,Spring Sale,1/3/23,15/3/23,Email,5000,All Customers,140,6
918,2023-06-19,C025,P106,10,MC001,Sofia Petrov,Los Angeles,USA,Keyboard,Electronics,TechGear,110,1000,Spring Sale,1/3/23,15/3/23,Email,5000,All Customers,1100,6
919,2023-04-02,C027,P114,5,MC003,Grace Yamamoto,Chicago,USA,Suitcase,Accessories,ProtectPro,120,1100,Back to School,1/8/23,31/8/23,TV,15000,Families,600,4
920,2023-11-30,C043,P103,4,MC002,Hannah Eriksson,New York,USA,USB-C Cable,Accessories,CableMax,15,1000,Summer Clearance,15/6/23,30/6/23,Social Media,7500,Gold Tier,60,11
921,2023-10-11,C047,P120,7,MC002,Leah Fontaine,Miami,USA,Keyboard Mousepad,Accessories,TechGear,50,400,Summer Clearance,15/6/23,30/6/23,Social Media,7500,Gold Tier,350,10
922,2023-12-04,C009,P112,6,MC002,Isabella Tanaka,Chicago,USA,Desk Chair,Accessories,TechGear,40,500,Summer Clearance,15/6/23,30/6/23,Social Media,7500,Gold Tier,240,12
923,2023-08-25,C010,P112,9,MC003,William Diaz,New York,USA,Desk Chair,Accessories,TechGear,40,500,Back to School,1/8/23,31/8/23,TV,15000,Families,360,8
924,2023-06-17,C043,P107,8,MC003,Hannah Eriksson,New York,USA,Standing Desk,Accessories,SoundWave,140,1100,Back to School,1/8/23,31/8/23,TV,15000,Families,1120,6
925,2023-05-16,C005,P109,4,MC003,Emma Brown,Miami,USA,Laptop,Electronics,TechGear,20,200,Back to School,1/8/23,31/8/23,TV,15000,Families,80,5
926,2023-09-12,C028,P110,5,MC004,Joseph Mendoza,New York,USA,Briefcase,Accessories,ProtectPro,120,900,Black Friday,24/11/23,27/11/23,Multi-channel,25000,All Customers,600,9
927,2023-02-11,C008,P108,8,MC003,Mason Fitzgerald,Houston,USA,Computer Case,Accessories,ProtectPro,110,500,Back to School,1/8/23,31/8/23,TV,15000,Families,880,2
928,2023-01-07,C007,P115,7,MC003,Ava Kowalski,Chicago,USA,Gaming Headset,Electronics,SoundWave,50,200,Back to School,1/8/23,31/8/23,TV,15000,Families,350,1
929,2023-03-25,C032,P117,2,MC005,Christopher Lee,Los Angeles,USA,Bluetooth Speaker,Electronics,SoundWave,140,200,Holiday Special,10/12/23,24/12/23,Email + Social Media,10000,Silver and Gold Tiers,280,3
930,2023-05-06,C023,P107,9,MC003,Elizabeth Novak,Miami,USA,Standing Desk,Accessories,SoundWave,140,1100,Back to School,1/8/23,31/8/23,TV,15000,Families,1260,5
931,2023-08-30,C038,P120,2,MC001,Thomas Sanchez,Houston,USA,Keyboard Mousepad,Accessories,TechGear,50,400,Spring Sale,1/3/23,15/3/23,Email,5000,All Customers,100,8
932,2023-12-29,C013,P109,3,MC002,Amelia Gupta,Houston,USA,Laptop,Electronics,TechGear,20,200,Summer Clearance,15/6/23,30/6/23,Social Media,7500,Gold Tier,60,12
933,2023-01-23,C049,P103,4,MC004,Mila Popovic,Los Angeles,USA,USB-C Cable,Accessories,CableMax,15,1000,Black Friday,24/11/23,27/11/23,Multi-channel,25000,All Customers,60,1
934,2023-09-10,C038,P111,2,MC001,Thomas Sanchez,Houston,USA,Backpack,Accessories,ProtectPro,30,1300,Spring Sale,1/3/23,15/3/23,Email,5000,All Customers,60,9
935,2023-02-10,C012,P105,3,MC004,James Choi,Chicago,USA,Smart Watch,Electronics,TechGear,25,200,Black Friday,24/11/23,27/11/23,Multi-channel,25000,All Customers,75,2
936,2023-06-01,C020,P106,7,MC004,Michael Andersen,Houston,USA,Keyboard,Electronics,TechGear,110,1000,Black Friday,24/11/23,27/11/23,Multi-channel,25000,All Customers,770,6
937,2023-03-31,C025,P117,9,MC002,Sofia Petrov,Los Angeles,USA,Bluetooth Speaker,Electronics,SoundWave,140,200,Summer Clearance,15/6/23,30/6/23,Social Media,7500,Gold Tier,1260,3
938,2023-12-10,C036,P109,3,MC001,Ryan Müller,Los Angeles,USA,Laptop,Electronics,TechGear,20,200,Spring Sale,1/3/23,15/3/23,Email,5000,All Customers,60,12
939,2023-05-09,C032,P104,1,MC005,Christopher Lee,Los Angeles,USA,Phone Case,Accessories,ProtectPro,10,800,Holiday Special,10/12/23,24/12/23,Email + Social Media,10000,Silver and Gold Tiers,10,5
940,2023-04-29,C025,P104,6,MC004,Sofia Petrov,Los Angeles,USA,Phone Case,Accessories,ProtectPro,10,800,Black Friday,24/11/23,27/11/23,Multi-channel,25000,All Customers,60,4
941,2023-06-02,C011,P116,2,MC004,Charlotte Hoffman,New York,USA,Cleanup Kit,Accessories,TechGear,20,1300,Black Friday,24/11/23,27/11/23,Multi-channel,25000,All Customers,40,6
942,2023-09-15,C010,P109,5,MC005,William Diaz,New York,USA,Laptop,Electronics,TechGear,20,200,Holiday Special,10/12/23,24/12/23,Email + Social Media,10000,Silver and Gold Tiers,100,9
943,2023-01-21,C002,P115,1,MC003,Jane Smith,Los Angeles,USA,Gaming Headset,Electronics,SoundWave,50,200,Back to School,1/8/23,31/8/23,TV,15000,Families,50,1
944,2023-07-23,C032,P104,8,MC001,Christopher Lee,Los Angeles,USA,Phone Case,Accessories,ProtectPro,10,800,Spring Sale,1/3/23,15/3/23,Email,5000,All Customers,80,7
945,2023-06-26,C006,P101,8,MC001,Noah Chen,Los Angeles,USA,Wireless Mouse,Electronics,TechGear,20,500,Spring Sale,1/3/23,15/3/23,Email,5000,All Customers,160,6
946,2023-07-28,C044,P115,5,MC005,Gabriel Santos,Los Angeles,USA,Gaming Headset,Electronics,SoundWave,50,200,Holiday Special,10/12/23,24/12/23,Email + Social Media,10000,Silver and Gold Tiers,250,7
947,2023-01-26,C026,P107,6,MC002,David Okafor,Los Angeles,USA,Standing Desk,Accessories,SoundWave,140,1100,Summer Clearance,15/6/23,30/6/23,Social Media,7500,Gold Tier,840,1
948,2023-10-29,C028,P106,7,MC004,Joseph Mendoza,New York,USA,Keyboard,Electronics,TechGear,110,1000,Black Friday,24/11/23,27/11/23,Multi-channel,25000,All Customers,770,10
949,2023-02-28,C029,P102,10,MC004,Chloe Dubois,Miami,USA,Bluetooth Headphones,Electronics,SoundWave,30,300,Black Friday,24/11/23,27/11/23,Multi-channel,25000,All Customers,300,2
950,2023-02-22,C034,P111,7,MC001,Matthew Gonzalez,Houston,USA,Backpack,Accessories,ProtectPro,30,1300,Spring Sale,1/3/23,15/3/23,Email,5000,All Customers,210,2
951,2023-05-28,C002,P116,2,MC004,Jane Smith,Los Angeles,USA,Cleanup Kit,Accessories,TechGear,20,1300,Black Friday,24/11/23,27/11/23,Multi-channel,25000,All Customers,40,5
952,2023-07-01,C034,P107,1,MC002,Matthew Gonzalez,Houston,USA,Standing Desk,Accessories,SoundWave,140,1100,Summer Clearance,15/6/23,30/6/23,Social Media,7500,Gold Tier,140,7
953,2023-10-30,C017,P116,10,MC002,Evelyn Kovalenko,Houston,USA,Cleanup Kit,Accessories,TechGear,20,1300,Summer Clearance,15/6/23,30/6/23,Social Media,7500,Gold Tier,200,10
954,2023-07-10,C001,P110,6,MC002,John Doe,New York,USA,Briefcase,Accessories,ProtectPro,120,900,Summer Clearance,15/6/23,30/6/23,Social Media,7500,Gold Tier,720,7
955,2023-12-01,C043,P105,7,MC005,Hannah Eriksson,New York,USA,Smart Watch,Electronics,TechGear,25,200,Holiday Special,10/12/23,24/12/23,Email + Social Media,10000,Silver and Gold Tiers,175,12
956,2023-08-16,C016,P107,6,MC002,Lucas Morales,Los Angeles,USA,Standing Desk,Accessories,SoundWave,140,1100,Summer Clearance,15/6/23,30/6/23,Social Media,7500,Gold Tier,840,8
957,2023-10-02,C048,P116,4,MC005,Dylan Suzuki,New York,USA,Cleanup Kit,Accessories,TechGear,20,1300,Holiday Special,10/12/23,24/12/23,Email + Social Media,10000,Silver and Gold Tiers,80,10
958,2023-10-30,C034,P119,3,MC003,Matthew Gonzalez,Houston,USA,Adapter,Electronics,CableMax,40,800,Back to School,1/8/23,31/8/23,TV,15000,Families,120,10
959,2023-03-27,C038,P107,9,MC001,Thomas Sanchez,Houston,USA,Standing Desk,Accessories,SoundWave,140,1100,Spring Sale,1/3/23,15/3/23,Email,5000,All Customers,1260,3
960,2023-08-16,C034,P108,3,MC004,Matthew Gonzalez,Houston,USA,Computer Case,Accessories,ProtectPro,110,500,Black Friday,24/11/23,27/11/23,Multi-channel,25000,All Customers,330,8
961,2023-08-18,C003,P104,6,MC003,Alice Johnson,Chicago,USA,Phone Case,Accessories,ProtectPro,10,800,Back to School,1/8/23,31/8/23,TV,15000,Families,60,8
962,2023-03-31,C035,P103,3,MC003,Scarlett Watanabe,Los Angeles,USA,USB-C Cable,Accessories,CableMax,15,1000,Back to School,1/8/23,31/8/23,TV,15000,Families,45,3
963,2023-09-04,C035,P101,4,MC004,Scarlett Watanabe,Los Angeles,USA,Wireless Mouse,Electronics,TechGear,20,500,Black Friday,24/11/23,27/11/23,Multi-channel,25000,All Customers,80,9
964,2023-06-29,C030,P105,6,MC004,Andrew Ivanov,Miami,USA,Smart Watch,Electronics,TechGear,25,200,Black Friday,24/11/23,27/11/23,Multi-channel,25000,All Customers,150,6
965,2023-11-15,C001,P114,8,MC002,John Doe,New York,USA,Suitcase,Accessories,ProtectPro,120,1100,Summer Clearance,15/6/23,30/6/23,Social Media,7500,Gold Tier,960,11
966,2023-10-05,C002,P103,3,MC001,Jane Smith,Los Angeles,USA,USB-C Cable,Accessories,CableMax,15,1000,Spring Sale,1/3/23,15/3/23,Email,5000,All Customers,45,10
967,2023-10-04,C048,P106,8,MC001,Dylan Suzuki,New York,USA,Keyboard,Electronics,TechGear,110,1000,Spring Sale,1/3/23,15/3/23,Email,5000,All Customers,880,10
968,2023-02-26,C023,P103,3,MC002,Elizabeth Novak,Miami,USA,USB-C Cable,Accessories,CableMax,15,1000,Summer Clearance,15/6/23,30/6/23,Social Media,7500,Gold Tier,45,2
969,2023-03-03,C031,P118,6,MC001,Zoe Ramirez,Miami,USA,External Microphone,Electronics,TechGear,60,1400,Spring Sale,1/3/23,15/3/23,Email,5000,All Customers,360,3
970,2023-10-07,C023,P108,4,MC003,Elizabeth Novak,Miami,USA,Computer Case,Accessories,ProtectPro,110,500,Back to School,1/8/23,31/8/23,TV,15000,Families,440,10
971,2023-01-07,C019,P120,10,MC005,Abigail Nakamura,Chicago,USA,Keyboard Mousepad,Accessories,TechGear,50,400,Holiday Special,10/12/23,24/12/23,Email + Social Media,10000,Silver and Gold Tiers,500,1
972,2023-08-06,C031,P111,4,MC001,Zoe Ramirez,Miami,USA,Backpack,Accessories,ProtectPro,30,1300,Spring Sale,1/3/23,15/3/23,Email,5000,All Customers,120,8
973,2023-07-16,C015,P114,1,MC002,Harper Singh,Houston,USA,Suitcase,Accessories,ProtectPro,120,1100,Summer Clearance,15/6/23,30/6/23,Social Media,7500,Gold Tier,120,7
974,2023-09-13,C035,P112,10,MC001,Scarlett Watanabe,Los Angeles,USA,Desk Chair,Accessories,TechGear,40,500,Spring Sale,1/3/23,15/3/23,Email,5000,All Customers,400,9
975,2023-09-16,C009,P112,5,MC002,Isabella Tanaka,Chicago,USA,Desk Chair,Accessories,TechGear,40,500,Summer Clearance,15/6/23,30/6/23,Social Media,7500,Gold Tier,200,9
976,2023-06-12,C050,P102,2,MC004,Caleb Reyes,Houston,USA,Bluetooth Headphones,Electronics,SoundWave,30,300,Black Friday,24/11/23,27/11/23,Multi-channel,25000,All Customers,60,6
977,2023-09-25,C018,P113,2,MC003,Alexander Rossi,New York,USA,Bluetooth Headphones Charger,Electronics,CableMax,150,300,Back to School,1/8/23,31/8/23,TV,15000,Families,300,9
978,2023-12-23,C009,P119,8,MC001,Isabella Tanaka,Chicago,USA,Adapter,Electronics,CableMax,40,800,Spring Sale,1/3/23,15/3/23,Email,5000,All Customers,320,12
979,2023-05-18,C024,P105,3,MC005,Samuel Kim,Chicago,USA,Smart Watch,Electronics,TechGear,25,200,Holiday Special,10/12/23,24/12/23,Email + Social Media,10000,Silver and Gold Tiers,75,5
980,2023-07-07,C046,P106,7,MC003,Isaac Nkosi,Houston,USA,Keyboard,Electronics,TechGear,110,1000,Back to School,1/8/23,31/8/23,TV,15000,Families,770,7
981,2023-06-16,C024,P106,3,MC003,Samuel Kim,Chicago,USA,Keyboard,Electronics,TechGear,110,1000,Back to School,1/8/23,31/8/23,TV,15000,Families,330,6
982,2023-10-04,C016,P117,7,MC004,Lucas Morales,Los Angeles,USA,Bluetooth Speaker,Electronics,SoundWave,140,200,Black Friday,24/11/23,27/11/23,Multi-channel,25000,All Customers,980,10
983,2023-06-27,C041,P107,9,MC001,Audrey Kuznetsov,Miami,USA,Standing Desk,Accessories,SoundWave,140,1100,Spring Sale,1/3/23,15/3/23,Email,5000,All Customers,1260,6
984,2023-10-29,C026,P111,8,MC001,David Okafor,Los Angeles,USA,Backpack,Accessories,ProtectPro,30,1300,Spring Sale,1/3/23,15/3/23,Email,5000,All Customers,240,10
985,2023-09-16,C017,P116,4,MC001,Evelyn Kovalenko,Houston,USA,Cleanup Kit,Accessories,TechGear,20,1300,Spring Sale,1/3/23,15/3/23,Email,5000,All Customers,80,9
986,2023-11-01,C020,P105,3,MC003,Michael Andersen,Houston,USA,Smart Watch,Electronics,TechGear,25,200,Back to School,1/8/23,31/8/23,TV,15000,Families,75,11
987,2023-05-01,C003,P106,6,MC001,Alice Johnson,Chicago,USA,Keyboard,Electronics,TechGear,110,1000,Spring Sale,1/3/23,15/3/23,Email,5000,All Customers,660,5
988,2023-08-11,C049,P118,8,MC004,Mila Popovic,Los Angeles,USA,External Microphone,Electronics,TechGear,60,1400,Black Friday,24/11/23,27/11/23,Multi-channel,25000,All Customers,480,8
989,2023-09-18,C033,P103,1,MC001,Lily Sørensen,New York,USA,USB-C Cable,Accessories,CableMax,15,1000,Spring Sale,1/3/23,15/3/23,Email,5000,All Customers,15,9
990,2023-08-08,C021,P107,9,MC003,Emily Schwartz,Los Angeles,USA,Standing Desk,Accessories,SoundWave,140,1100,Back to School,1/8/23,31/8/23,TV,15000,Families,1260,8
991,2023-09-05,C042,P116,2,MC001,Owen Takahashi,New York,USA,Cleanup Kit,Accessories,TechGear,20,1300,Spring Sale,1/3/23,15/3/23,Email,5000,All Customers,40,9
992,2023-01-08,C002,P108,5,MC003,Jane Smith,Los Angeles,USA,Computer Case,Accessories,ProtectPro,110,500,Back to School,1/8/23,31/8/23,TV,15000,Families,550,1
993,2023-04-12,C042,P111,10,MC004,Owen Takahashi,New York,USA,Backpack,Accessories,ProtectPro,30,1300,Black Friday,24/11/23,27/11/23,Multi-channel,25000,All Customers,300,4
994,2023-04-11,C031,P112,8,MC003,Zoe Ramirez,Miami,USA,Desk Chair,Accessories,TechGear,40,500,Back to School,1/8/23,31/8/23,TV,15000,Families,320,4
995,2023-05-01,C020,P120,10,MC001,Michael Andersen,Houston,USA,Keyboard Mousepad,Accessories,TechGear,50,400,Spring Sale,1/3/23,15/3/23,Email,5000,All Customers,500,5
996,2023-03-25,C034,P119,2,MC002,Matthew Gonzalez,Houston,USA,Adapter,Electronics,CableMax,40,800,Summer Clearance,15/6/23,30/6/23,Social Media,7500,Gold Tier,80,3
997,2023-01-24,C014,P113,9,MC001,Benjamin Larsson,Los Angeles,USA,Bluetooth Headphones Charger,Electronics,CableMax,150,300,Spring Sale,1/3/23,15/3/23,Email,5000,All Customers,1350,1
998,2023-11-19,C014,P112,1,MC004,Benjamin Larsson,Los Angeles,USA,Desk Chair,Accessories,TechGear,40,500,Black Friday,24/11/23,27/11/23,Multi-channel,25000,All Customers,40,11
999,2023-12-18,C050,P115,5,MC002,Caleb Reyes,Houston,USA,Gaming Headset,Electronics,SoundWave,50,200,Summer Clearance,15/6/23,30/6/23,Social Media,7500,Gold Tier,250,12
1000,2023-09-20,C013,P106,3,MC005,Amelia Gupta,Houston,USA,Keyboard,Electronics,TechGear,110,1000,Holiday Special,10/12/23,24/12/23,Email + Social Media,10000,Silver and Gold Tiers,330,9
1001,2023-07-06,C028,P115,7,MC004,Joseph Mendoza,New York,USA,Gaming Headset,Electronics,SoundWave,50,200,Black Friday,24/11/23,27/11/23,Multi-channel,25000,All Customers,350,7
1002,2023-09-30,C049,P107,7,MC005,Mila Popovic,Los Angeles,USA,Standing Desk,Accessories,SoundWave,140,1100,Holiday Special,10/12/23,24/12/23,Email + Social Media,10000,Silver and Gold Tiers,980,9
1003,2023-07-03,C034,P106,10,MC004,Matthew Gonzalez,Houston,USA,Keyboard,Electronics,TechGear,110,1000,Black Friday,24/11/23,27/11/23,Multi-channel,25000,All Customers,1100,7
1004,2023-09-07,C048,P106,7,MC003,Dylan Suzuki,New York,USA,Keyboard,Electronics,TechGear,110,1000,Back to School,1/8/23,31/8/23,TV,15000,Families,770,9
1005,2023-03-15,C024,P120,8,MC001,Samuel Kim,Chicago,USA,Keyboard Mousepad,Accessories,TechGear,50,400,Spring Sale,1/3/23,15/3/23,Email,5000,All Customers,400,3
1006,2023-02-24,C014,P115,2,MC003,Benjamin Larsson,Los Angeles,USA,Gaming Headset,Electronics,SoundWave,50,200,Back to School,1/8/23,31/8/23,TV,15000,Families,100,2
1007,2023-03-29,C029,P102,6,MC002,Chloe Dubois,Miami,USA,Bluetooth Headphones,Electronics,SoundWave,30,300,Summer Clearance,15/6/23,30/6/23,Social Media,7500,Gold Tier,180,3
1008,2023-03-04,C010,P107,7,MC003,William Diaz,New York,USA,Standing Desk,Accessories,SoundWave,140,1100,Back to School,1/8/23,31/8/23,TV,15000,Families,980,3
1009,2023-02-04,C039,P109,7,MC005,Penelope Cheng,Los Angeles,USA,Laptop,Electronics,TechGear,20,200,Holiday Special,10/12/23,24/12/23,Email + Social Media,10000,Silver and Gold Tiers,140,2
1010,2023-06-19,C050,P104,3,MC005,Caleb Reyes,Houston,USA,Phone Case,Accessories,ProtectPro,10,800,Holiday Special,10/12/23,24/12/23,Email + Social Media,10000,Silver and Gold Tiers,30,6
1011,2023-12-21,C044,P102,5,MC005,Gabriel Santos,Los Angeles,USA,Bluetooth Headphones,Electronics,SoundWave,30,300,Holiday Special,10/12/23,24/12/23,Email + Social Media,10000,Silver and Gold Tiers,150,12
1012,2023-08-25,C038,P103,10,MC002,Thomas Sanchez,Houston,USA,USB-C Cable,Accessories,CableMax,15,1000,Summer Clearance,15/6/23,30/6/23,Social Media,7500,Gold Tier,150,8
1013,2023-12-09,C047,P120,5,MC003,Leah Fontaine,Miami,USA,Keyboard Mousepad,Accessories,TechGear,50,400,Back to School,1/8/23,31/8/23,TV,15000,Families,250,12
1014,2023-04-09,C037,P117,2,MC005,Victoria Kozlov,Chicago,USA,Bluetooth Speaker,Electronics,SoundWave,140,200,Holiday Special,10/12/23,24/12/23,Email + Social Media,10000,Silver and Gold Tiers,280,4
1015,2023-04-25,C008,P116,6,MC004,Mason Fitzgerald,Houston,USA,Cleanup Kit,Accessories,TechGear,20,1300,Black Friday,24/11/23,27/11/23,Multi-channel,25000,All Customers,120,4
1016,2023-11-14,C027,P106,4,MC005,Grace Yamamoto,Chicago,USA,Keyboard,Electronics,TechGear,110,1000,Holiday Special,10/12/23,24/12/23,Email + Social Media,10000,Silver and Gold Tiers,440,11
1017,2023-11-30,C014,P120,8,MC001,Benjamin Larsson,Los Angeles,USA,Keyboard Mousepad,Accessories,TechGear,50,400,Spring Sale,1/3/23,15/3/23,Email,5000,All Customers,400,11
1018,2023-05-21,C008,P113,10,MC004,Mason Fitzgerald,Houston,USA,Bluetooth Headphones Charger,Electronics,CableMax,150,300,Black Friday,24/11/23,27/11/23,Multi-channel,25000,All Customers,1500,5
1019,2023-03-05,C018,P108,2,MC004,Alexander Rossi,New York,USA,Computer Case,Accessories,ProtectPro,110,500,Black Friday,24/11/23,27/11/23,Multi-channel,25000,All Customers,220,3
1020,2023-03-11,C005,P119,10,MC004,Emma Brown,Miami,USA,Adapter,Electronics,CableMax,40,800,Black Friday,24/11/23,27/11/23,Multi-channel,25000,All Customers,400,3
1021,2023-07-22,C019,P104,5,MC002,Abigail Nakamura,Chicago,USA,Phone Case,Accessories,ProtectPro,10,800,Summer Clearance,15/6/23,30/6/23,Social Media,7500,Gold Tier,50,7
1022,2023-10-07,C011,P119,10,MC004,Charlotte Hoffman,New York,USA,Adapter,Electronics,CableMax,40,800,Black Friday,24/11/23,27/11/23,Multi-channel,25000,All Customers,400,10
1023,2023-10-14,C012,P115,7,MC002,James Choi,Chicago,USA,Gaming Headset,Electronics,SoundWave,50,200,Summer Clearance,15/6/23,30/6/23,Social Media,7500,Gold Tier,350,10
1024,2023-05-19,C018,P106,7,MC005,Alexander Rossi,New York,USA,Keyboard,Electronics,TechGear,110,1000,Holiday Special,10/12/23,24/12/23,Email + Social Media,10000,Silver and Gold Tiers,770,5
1025,2023-12-31,C014,P109,3,MC001,Benjamin Larsson,Los Angeles,USA,Laptop,Electronics,TechGear,20,200,Spring Sale,1/3/23,15/3/23,Email,5000,All Customers,60,12
1026,2023-07-29,C013,P107,4,MC005,Amelia Gupta,Houston,USA,Standing Desk,Accessories,SoundWave,140,1100,Holiday Special,10/12/23,24/12/23,Email + Social Media,10000,Silver and Gold Tiers,560,7
1027,2023-02-16,C009,P118,7,MC003,Isabella Tanaka,Chicago,USA,External Microphone,Electronics,TechGear,60,1400,Back to School,1/8/23,31/8/23,TV,15000,Families,420,2
1028,2023-01-05,C009,P110,4,MC005,Isabella Tanaka,Chicago,USA,Briefcase,Accessories,ProtectPro,120,900,Holiday Special,10/12/23,24/12/23,Email + Social Media,10000,Silver and Gold Tiers,480,1
1029,2023-11-20,C005,P118,3,MC001,Emma Brown,Miami,USA,External Microphone,Electronics,TechGear,60,1400,Spring Sale,1/3/23,15/3/23,Email,5000,All Customers,180,11
1030,2023-08-28,C028,P104,2,MC002,Joseph Mendoza,New York,USA,Phone Case,Accessories,ProtectPro,10,800,Summer Clearance,15/6/23,30/6/23,Social Media,7500,Gold Tier,20,8
1031,2023-05-05,C007,P104,3,MC003,Ava Kowalski,Chicago,USA,Phone Case,Accessories,ProtectPro,10,800,Back to School,1/8/23,31/8/23,TV,15000,Families,30,5
1032,2023-02-03,C022,P117,7,MC003,Daniel Fernandez,Chicago,USA,Bluetooth Speaker,Electronics,SoundWave,140,200,Back to School,1/8/23,31/8/23,TV,15000,Families,980,2
1033,2023-07-08,C009,P120,2,MC001,Isabella Tanaka,Chicago,USA,Keyboard Mousepad,Accessories,TechGear,50,400,Spring Sale,1/3/23,15/3/23,Email,5000,All Customers,100,7
1034,2023-12-08,C031,P118,1,MC004,Zoe Ramirez,Miami,USA,External Microphone,Electronics,TechGear,60,1400,Black Friday,24/11/23,27/11/23,Multi-channel,25000,All Customers,60,12
1035,2023-09-07,C023,P113,3,MC001,Elizabeth Novak,Miami,USA,Bluetooth Headphones Charger,Electronics,CableMax,150,300,Spring Sale,1/3/23,15/3/23,Email,5000,All Customers,450,9
1036,2023-07-22,C032,P105,3,MC003,Christopher Lee,Los Angeles,USA,Smart Watch,Electronics,TechGear,25,200,Back to School,1/8/23,31/8/23,TV,15000,Families,75,7
1037,2023-06-21,C031,P107,8,MC003,Zoe Ramirez,Miami,USA,Standing Desk,Accessories,SoundWave,140,1100,Back to School,1/8/23,31/8/23,TV,15000,Families,1120,6
1038,2023-12-16,C035,P117,4,MC003,Scarlett Watanabe,Los Angeles,USA,Bluetooth Speaker,Electronics,SoundWave,140,200,Back to School,1/8/23,31/8/23,TV,15000,Families,560,12
1039,2023-04-18,C002,P101,4,MC002,Jane Smith,Los Angeles,USA,Wireless Mouse,Electronics,TechGear,20,500,Summer Clearance,15/6/23,30/6/23,Social Media,7500,Gold Tier,80,4
1040,2023-08-15,C040,P113,3,MC003,Jack O'Brien,Miami,USA,Bluetooth Headphones Charger,Electronics,CableMax,150,300,Back to School,1/8/23,31/8/23,TV,15000,Families,450,8
1041,2023-05-12,C013,P118,8,MC005,Amelia Gupta,Houston,USA,External Microphone,Electronics,TechGear,60,1400,Holiday Special,10/12/23,24/12/23,Email + Social Media,10000,Silver and Gold Tiers,480,5
1042,2023-08-05,C013,P115,1,MC003,Amelia Gupta,Houston,USA,Gaming Headset,Electronics,SoundWave,50,200,Back to School,1/8/23,31/8/23,TV,15000,Families,50,8
1043,2023-12-26,C005,P110,10,MC003,Emma Brown,Miami,USA,Briefcase,Accessories,ProtectPro,120,900,Back to School,1/8/23,31/8/23,TV,15000,Families,1200,12
1044,2024-01-01,C002,P112,2,MC003,Jane Smith,Los Angeles,USA,Desk Chair,Accessories,TechGear,40,500,Back to School,1/8/23,31/8/23,TV,15000,Families,80,1
1045,2023-11-23,C033,P114,1,MC002,Lily Sørensen,New York,USA,Suitcase,Accessories,ProtectPro,120,1100,Summer Clearance,15/6/23,30/6/23,Social Media,7500,Gold Tier,120,11
1046,2023-06-21,C013,P118,5,MC004,Amelia Gupta,Houston,USA,External Microphone,Electronics,TechGear,60,1400,Black Friday,24/11/23,27/11/23,Multi-channel,25000,All Customers,300,6
1047,2023-10-25,C020,P108,6,MC005,Michael Andersen,Houston,USA,Computer Case,Accessories,ProtectPro,110,500,Holiday Special,10/12/23,24/12/23,Email + Social Media,10000,Silver and Gold Tiers,660,10
1048,2023-10-14,C010,P118,7,MC002,William Diaz,New York,USA,External Microphone,Electronics,TechGear,60,1400,Summer Clearance,15/6/23,30/6/23,Social Media,7500,Gold Tier,420,10
1049,2023-08-26,C032,P112,6,MC002,Christopher Lee,Los Angeles,USA,Desk Chair,Accessories,TechGear,40,500,Summer Clearance,15/6/23,30/6/23,Social Media,7500,Gold Tier,240,8
1050,2023-02-26,C048,P117,2,MC002,Dylan Suzuki,New York,USA,Bluetooth Speaker,Electronics,SoundWave,140,200,Summer Clearance,15/6/23,30/6/23,Social Media,7500,Gold Tier,280,2
1051,2023-06-22,C046,P118,7,MC004,Isaac Nkosi,Houston,USA,External Microphone,Electronics,TechGear,60,1400,Black Friday,24/11/23,27/11/23,Multi-channel,25000,All Customers,420,6
1052,2023-11-28,C014,P101,2,MC004,Benjamin Larsson,Los Angeles,USA,Wireless Mouse,Electronics,TechGear,20,500,Black Friday,24/11/23,27/11/23,Multi-channel,25000,All Customers,40,11
1053,2023-04-15,C034,P114,2,MC005,Matthew Gonzalez,Houston,USA,Suitcase,Accessories,ProtectPro,120,1100,Holiday Special,10/12/23,24/12/23,Email + Social Media,10000,Silver and Gold Tiers,240,4
1054,2023-09-01,C001,P103,2,MC002,John Doe,New York,USA,USB-C Cable,Accessories,CableMax,15,1000,Summer Clearance,15/6/23,30/6/23,Social Media,7500,Gold Tier,30,9
1055,2023-07-25,C026,P110,7,MC004,David Okafor,Los Angeles,USA,Briefcase,Accessories,ProtectPro,120,900,Black Friday,24/11/23,27/11/23,Multi-channel,25000,All Customers,840,7
1056,2023-01-17,C013,P102,2,MC004,Amelia Gupta,Houston,USA,Bluetooth Headphones,Electronics,SoundWave,30,300,Black Friday,24/11/23,27/11/23,Multi-channel,25000,All Customers,60,1
1057,2023-08-17,C006,P116,1,MC004,Noah Chen,Los Angeles,USA,Cleanup Kit,Accessories,TechGear,20,1300,Black Friday,24/11/23,27/11/23,Multi-channel,25000,All Customers,20,8
1058,2023-11-17,C028,P115,5,MC003,Joseph Mendoza,New York,USA,Gaming Headset,Electronics,SoundWave,50,200,Back to School,1/8/23,31/8/23,TV,15000,Families,250,11
1059,2023-06-07,C037,P107,4,MC005,Victoria Kozlov,Chicago,USA,Standing Desk,Accessories,SoundWave,140,1100,Holiday Special,10/12/23,24/12/23,Email + Social Media,10000,Silver and Gold Tiers,560,6
1060,2023-09-03,C028,P115,3,MC003,Joseph Mendoza,New York,USA,Gaming Headset,Electronics,SoundWave,50,200,Back to School,1/8/23,31/8/23,TV,15000,Families,150,9
1061,2023-10-28,C019,P116,3,MC005,Abigail Nakamura,Chicago,USA,Cleanup Kit,Accessories,TechGear,20,1300,Holiday Special,10/12/23,24/12/23,Email + Social Media,10000,Silver and Gold Tiers,60,10
1062,2023-04-09,C041,P114,9,MC003,Audrey Kuznetsov,Miami,USA,Suitcase,Accessories,ProtectPro,120,1100,Back to School,1/8/23,31/8/23,TV,15000,Families,1080,4
1063,2023-08-16,C026,P113,2,MC004,David Okafor,Los Angeles,USA,Bluetooth Headphones Charger,Electronics,CableMax,150,300,Black Friday,24/11/23,27/11/23,Multi-channel,25000,All Customers,300,8
1064,2023-02-17,C012,P106,5,MC002,James Choi,Chicago,USA,Keyboard,Electronics,TechGear,110,1000,Summer Clearance,15/6/23,30/6/23,Social Media,7500,Gold Tier,550,2
1065,2023-09-11,C019,P102,1,MC004,Abigail Nakamura,Chicago,USA,Bluetooth Headphones,Electronics,SoundWave,30,300,Black Friday,24/11/23,27/11/23,Multi-channel,25000,All Customers,30,9
1066,2023-09-29,C002,P111,4,MC002,Jane Smith,Los Angeles,USA,Backpack,Accessories,ProtectPro,30,1300,Summer Clearance,15/6/23,30/6/23,Social Media,7500,Gold Tier,120,9
1067,2023-07-09,C005,P113,7,MC002,Emma Brown,Miami,USA,Bluetooth Headphones Charger,Electronics,CableMax,150,300,Summer Clearance,15/6/23,30/6/23,Social Media,7500,Gold Tier,1050,7
1068,2023-11-10,C023,P114,9,MC004,Elizabeth Novak,Miami,USA,Suitcase,Accessories,ProtectPro,120,1100,Black Friday,24/11/23,27/11/23,Multi-channel,25000,All Customers,1080,11
1069,2023-12-27,C032,P108,6,MC004,Christopher Lee,Los Angeles,USA,Computer Case,Accessories,ProtectPro,110,500,Black Friday,24/11/23,27/11/23,Multi-channel,25000,All Customers,660,12
1070,2023-08-30,C006,P107,5,MC005,Noah Chen,Los Angeles,USA,Standing Desk,Accessories,SoundWave,140,1100,Holiday Special,10/12/23,24/12/23,Email + Social Media,10000,Silver and Gold Tiers,700,8
1071,2023-10-13,C021,P102,10,MC002,Emily Schwartz,Los Angeles,USA,Bluetooth Headphones,Electronics,SoundWave,30,300,Summer Clearance,15/6/23,30/6/23,Social Media,7500,Gold Tier,300,10
1072,2023-05-29,C042,P117,1,MC004,Owen Takahashi,New York,USA,Bluetooth Speaker,Electronics,SoundWave,140,200,Black Friday,24/11/23,27/11/23,Multi-channel,25000,All Customers,140,5
1073,2023-04-20,C021,P106,6,MC004,Emily Schwartz,Los Angeles,USA,Keyboard,Electronics,TechGear,110,1000,Black Friday,24/11/23,27/11/23,Multi-channel,25000,All Customers,660,4
1074,2023-08-18,C034,P107,5,MC001,Matthew Gonzalez,Houston,USA,Standing Desk,Accessories,SoundWave,140,1100,Spring Sale,1/3/23,15/3/23,Email,5000,All Customers,700,8
1075,2023-08-27,C027,P113,7,MC003,Grace Yamamoto,Chicago,USA,Bluetooth Headphones Charger,Electronics,CableMax,150,300,Back to School,1/8/23,31/8/23,TV,15000,Families,1050,8
1076,2023-03-30,C044,P101,6,MC004,Gabriel Santos,Los Angeles,USA,Wireless Mouse,Electronics,TechGear,20,500,Black Friday,24/11/23,27/11/23,Multi-channel,25000,All Customers,120,3
1077,2023-02-02,C027,P111,10,MC004,Grace Yamamoto,Chicago,USA,Backpack,Accessories,ProtectPro,30,1300,Black Friday,24/11/23,27/11/23,Multi-channel,25000,All Customers,300,2
1078,2023-06-30,C037,P110,5,MC001,Victoria Kozlov,Chicago,USA,Briefcase,Accessories,ProtectPro,120,900,Spring Sale,1/3/23,15/3/23,Email,5000,All Customers,600,6
1079,2023-04-18,C044,P116,6,MC003,Gabriel Santos,Los Angeles,USA,Cleanup Kit,Accessories,TechGear,20,1300,Back to School,1/8/23,31/8/23,TV,15000,Families,120,4
1080,2023-04-28,C020,P117,5,MC003,Michael Andersen,Houston,USA,Bluetooth Speaker,Electronics,SoundWave,140,200,Back to School,1/8/23,31/8/23,TV,15000,Families,700,4
1081,2023-07-12,C045,P113,9,MC004,Nora Zimmerman,Houston,USA,Bluetooth Headphones Charger,Electronics,CableMax,150,300,Black Friday,24/11/23,27/11/23,Multi-channel,25000,All Customers,1350,7
1082,2023-07-31,C032,P119,9,MC001,Christopher Lee,Los Angeles,USA,Adapter,Electronics,CableMax,40,800,Spring Sale,1/3/23,15/3/23,Email,5000,All Customers,360,7
1083,2023-06-13,C048,P111,9,MC002,Dylan Suzuki,New York,USA,Backpack,Accessories,ProtectPro,30,1300,Summer Clearance,15/6/23,30/6/23,Social Media,7500,Gold Tier,270,6
1084,2023-08-31,C045,P115,10,MC001,Nora Zimmerman,Houston,USA,Gaming Headset,Electronics,SoundWave,50,200,Spring Sale,1/3/23,15/3/23,Email,5000,All Customers,500,8
1085,2023-01-05,C006,P119,7,MC003,Noah Chen,Los Angeles,USA,Adapter,Electronics,CableMax,40,800,Back to School,1/8/23,31/8/23,TV,15000,Families,280,1
1086,2023-10-15,C032,P104,3,MC005,Christopher Lee,Los Angeles,USA,Phone Case,Accessories,ProtectPro,10,800,Holiday Special,10/12/23,24/12/23,Email + Social Media,10000,Silver and Gold Tiers,30,10
1087,2023-07-10,C009,P104,9,MC005,Isabella Tanaka,Chicago,USA,Phone Case,Accessories,ProtectPro,10,800,Holiday Special,10/12/23,24/12/23,Email + Social Media,10000,Silver and Gold Tiers,90,7
1088,2023-09-05,C010,P116,1,MC003,William Diaz,New York,USA,Cleanup Kit,Accessories,TechGear,20,1300,Back to School,1/8/23,31/8/23,TV,15000,Families,20,9
1089,2023-05-26,C020,P112,8,MC004,Michael Andersen,Houston,USA,Desk Chair,Accessories,TechGear,40,500,Black Friday,24/11/23,27/11/23,Multi-channel,25000,All Customers,320,5
1090,2023-05-06,C043,P119,1,MC005,Hannah Eriksson,New York,USA,Adapter,Electronics,CableMax,40,800,Holiday Special,10/12/23,24/12/23,Email + Social Media,10000,Silver and Gold Tiers,40,5
1091,2023-12-27,C036,P108,9,MC001,Ryan Müller,Los Angeles,USA,Computer Case,Accessories,ProtectPro,110,500,Spring Sale,1/3/23,15/3/23,Email,5000,All Customers,990,12
1092,2023-02-13,C035,P108,7,MC002,Scarlett Watanabe,Los Angeles,USA,Computer Case,Accessories,ProtectPro,110,500,Summer Clearance,15/6/23,30/6/23,Social Media,7500,Gold Tier,770,2
1093,2023-09-25,C006,P114,5,MC001,Noah Chen,Los Angeles,USA,Suitcase,Accessories,ProtectPro,120,1100,Spring Sale,1/3/23,15/3/23,Email,5000,All Customers,600,9
1094,2023-04-03,C001,P110,5,MC003,John Doe,New York,USA,Briefcase,Accessories,ProtectPro,120,900,Back to School,1/8/23,31/8/23,TV,15000,Families,600,4
1095,2023-10-14,C041,P117,5,MC005,Audrey Kuznetsov,Miami,USA,Bluetooth Speaker,Electronics,SoundWave,140,200,Holiday Special,10/12/23,24/12/23,Email + Social Media,10000,Silver and Gold Tiers,700,10
1096,2023-05-12,C008,P113,5,MC002,Mason Fitzgerald,Houston,USA,Bluetooth Headphones Charger,Electronics,CableMax,150,300,Summer Clearance,15/6/23,30/6/23,Social Media,7500,Gold Tier,750,5
1097,2023-02-08,C045,P107,2,MC005,Nora Zimmerman,Houston,USA,Standing Desk,Accessories,SoundWave,140,1100,Holiday Special,10/12/23,24/12/23,Email + Social Media,10000,Silver and Gold Tiers,280,2
1098,2023-06-30,C040,P117,8,MC004,Jack O'Brien,Miami,USA,Bluetooth Speaker,Electronics,SoundWave,140,200,Black Friday,24/11/23,27/11/23,Multi-channel,25000,All Customers,1120,6
1099,2023-02-03,C001,P115,4,MC002,John Doe,New York,USA,Gaming Headset,Electronics,SoundWave,50,200,Summer Clearance,15/6/23,30/6/23,Social Media,7500,Gold Tier,200,2
1100,2023-05-01,C043,P106,1,MC004,Hannah Eriksson,New York,USA,Keyboard,Electronics,TechGear,110,1000,Black Friday,24/11/23,27/11/23,Multi-channel,25000,All Customers,110,5
1101,2023-10-28,C048,P102,4,MC001,Dylan Suzuki,New York,USA,Bluetooth Headphones,Electronics,SoundWave,30,300,Spring Sale,1/3/23,15/3/23,Email,5000,All Customers,120,10
1102,2023-03-01,C033,P116,3,MC005,Lily Sørensen,New York,USA,Cleanup Kit,Accessories,TechGear,20,1300,Holiday Special,10/12/23,24/12/23,Email + Social Media,10000,Silver and Gold Tiers,60,3
1103,2023-06-17,C003,P101,1,MC005,Alice Johnson,Chicago,USA,Wireless Mouse,Electronics,TechGear,20,500,Holiday Special,10/12/23,24/12/23,Email + Social Media,10000,Silver and Gold Tiers,20,6
1104,2023-04-30,C002,P103,8,MC001,Jane Smith,Los Angeles,USA,USB-C Cable,Accessories,CableMax,15,1000,Spring Sale,1/3/23,15/3/23,Email,5000,All Customers,120,4
1105,2023-04-15,C048,P111,7,MC004,Dylan Suzuki,New York,USA,Backpack,Accessories,ProtectPro,30,1300,Black Friday,24/11/23,27/11/23,Multi-channel,25000,All Customers,210,4
1106,2023-01-13,C040,P113,2,MC005,Jack O'Brien,Miami,USA,Bluetooth Headphones Charger,Electronics,CableMax,150,300,Holiday Special,10/12/23,24/12/23,Email + Social Media,10000,Silver and Gold Tiers,300,1
1107,2023-02-07,C013,P118,8,MC001,Amelia Gupta,Houston,USA,External Microphone,Electronics,TechGear,60,1400,Spring Sale,1/3/23,15/3/23,Email,5000,All Customers,480,2
1108,2023-02-02,C027,P120,10,MC004,Grace Yamamoto,Chicago,USA,Keyboard Mousepad,Accessories,TechGear,50,400,Black Friday,24/11/23,27/11/23,Multi-channel,25000,All Customers,500,2
1109,2023-02-27,C031,P110,1,MC005,Zoe Ramirez,Miami,USA,Briefcase,Accessories,ProtectPro,120,900,Holiday Special,10/12/23,24/12/23,Email + Social Media,10000,Silver and Gold Tiers,120,2
1110,2023-09-08,C042,P108,6,MC001,Owen Takahashi,New York,USA,Computer Case,Accessories,ProtectPro,110,500,Spring Sale,1/3/23,15/3/23,Email,5000,All Customers,660,9
1111,2023-06-20,C014,P108,2,MC001,Benjamin Larsson,Los Angeles,USA,Computer Case,Accessories,ProtectPro,110,500,Spring Sale,1/3/23,15/3/23,Email,5000,All Customers,220,6
1112,2023-02-12,C030,P103,2,MC005,Andrew Ivanov,Miami,USA,USB-C Cable,Accessories,CableMax,15,1000,Holiday Special,10/12/23,24/12/23,Email + Social Media,10000,Silver and Gold Tiers,30,2
1113,2023-05-04,C003,P118,2,MC002,Alice Johnson,Chicago,USA,External Microphone,Electronics,TechGear,60,1400,Summer Clearance,15/6/23,30/6/23,Social Media,7500,Gold Tier,120,5
1114,2023-04-02,C036,P108,9,MC002,Ryan Müller,Los Angeles,USA,Computer Case,Accessories,ProtectPro,110,500,Summer Clearance,15/6/23,30/6/23,Social Media,7500,Gold Tier,990,4
1115,2023-07-02,C027,P118,4,MC001,Grace Yamamoto,Chicago,USA,External Microphone,Electronics,TechGear,60,1400,Spring Sale,1/3/23,15/3/23,Email,5000,All Customers,240,7
1116,2023-09-03,C034,P112,8,MC005,Matthew Gonzalez,Houston,USA,Desk Chair,Accessories,TechGear,40,500,Holiday Special,10/12/23,24/12/23,Email + Social Media,10000,Silver and Gold Tiers,320,9
1117,2023-01-27,C006,P109,3,MC004,Noah Chen,Los Angeles,USA,Laptop,Electronics,TechGear,20,200,Black Friday,24/11/23,27/11/23,Multi-channel,25000,All Customers,60,1
1118,2023-11-01,C006,P104,8,MC002,Noah Chen,Los Angeles,USA,Phone Case,Accessories,ProtectPro,10,800,Summer Clearance,15/6/23,30/6/23,Social Media,7500,Gold Tier,80,11
1119,2023-01-18,C023,P116,1,MC001,Elizabeth Novak,Miami,USA,Cleanup Kit,Accessories,TechGear,20,1300,Spring Sale,1/3/23,15/3/23,Email,5000,All Customers,20,1
1120,2023-04-14,C029,P119,7,MC004,Chloe Dubois,Miami,USA,Adapter,Electronics,CableMax,40,800,Black Friday,24/11/23,27/11/23,Multi-channel,25000,All Customers,280,4
1121,2023-07-18,C049,P107,10,MC005,Mila Popovic,Los Angeles,USA,Standing Desk,Accessories,SoundWave,140,1100,Holiday Special,10/12/23,24/12/23,Email + Social Media,10000,Silver and Gold Tiers,1400,7
1122,2023-01-14,C031,P104,1,MC005,Zoe Ramirez,Miami,USA,Phone Case,Accessories,ProtectPro,10,800,Holiday Special,10/12/23,24/12/23,Email + Social Media,10000,Silver and Gold Tiers,10,1
1123,2023-12-22,C033,P107,4,MC001,Lily Sørensen,New York,USA,Standing Desk,Accessories,SoundWave,140,1100,Spring Sale,1/3/23,15/3/23,Email,5000,All Customers,560,12
1124,2023-09-20,C001,P119,4,MC005,John Doe,New York,USA,Adapter,Electronics,CableMax,40,800,Holiday Special,10/12/23,24/12/23,Email + Social Media,10000,Silver and Gold Tiers,160,9
1125,2023-02-19,C017,P102,9,MC002,Evelyn Kovalenko,Houston,USA,Bluetooth Headphones,Electronics,SoundWave,30,300,Summer Clearance,15/6/23,30/6/23,Social Media,7500,Gold Tier,270,2
1126,2023-12-20,C035,P103,4,MC002,Scarlett Watanabe,Los Angeles,USA,USB-C Cable,Accessories,CableMax,15,1000,Summer Clearance,15/6/23,30/6/23,Social Media,7500,Gold Tier,60,12
1127,2023-06-08,C014,P104,5,MC005,Benjamin Larsson,Los Angeles,USA,Phone Case,Accessories,ProtectPro,10,800,Holiday Special,10/12/23,24/12/23,Email + Social Media,10000,Silver and Gold Tiers,50,6
1128,2023-03-04,C049,P104,9,MC005,Mila Popovic,Los Angeles,USA,Phone Case,Accessories,ProtectPro,10,800,Holiday Special,10/12/23,24/12/23,Email + Social Media,10000,Silver and Gold Tiers,90,3
1129,2023-05-22,C011,P107,5,MC003,Charlotte Hoffman,New York,USA,Standing Desk,Accessories,SoundWave,140,1100,Back to School,1/8/23,31/8/23,TV,15000,Families,700,5
1130,2023-10-27,C034,P109,6,MC001,Matthew Gonzalez,Houston,USA,Laptop,Electronics,TechGear,20,200,Spring Sale,1/3/23,15/3/23,Email,5000,All Customers,120,10
1131,2023-03-20,C004,P107,8,MC004,Bob Wilson,Houston,USA,Standing Desk,Accessories,SoundWave,140,1100,Black Friday,24/11/23,27/11/23,Multi-channel,25000,All Customers,1120,3
1132,2023-09-23,C003,P105,6,MC003,Alice Johnson,Chicago,USA,Smart Watch,Electronics,TechGear,25,200,Back to School,1/8/23,31/8/23,TV,15000,Families,150,9
1133,2023-07-16,C032,P120,3,MC004,Christopher Lee,Los Angeles,USA,Keyboard Mousepad,Accessories,TechGear,50,400,Black Friday,24/11/23,27/11/23,Multi-channel,25000,All Customers,150,7
1134,2023-08-13,C024,P101,7,MC001,Samuel Kim,Chicago,USA,Wireless Mouse,Electronics,TechGear,20,500,Spring Sale,1/3/23,15/3/23,Email,5000,All Customers,140,8
1135,2023-05-12,C002,P116,3,MC004,Jane Smith,Los Angeles,USA,Cleanup Kit,Accessories,TechGear,20,1300,Black Friday,24/11/23,27/11/23,Multi-channel,25000,All Customers,60,5
1136,2023-12-28,C037,P111,7,MC004,Victoria Kozlov,Chicago,USA,Backpack,Accessories,ProtectPro,30,1300,Black Friday,24/11/23,27/11/23,Multi-channel,25000,All Customers,210,12
1137,2023-09-23,C032,P105,4,MC001,Christopher Lee,Los Angeles,USA,Smart Watch,Electronics,TechGear,25,200,Spring Sale,1/3/23,15/3/23,Email,5000,All Customers,100,9
1138,2023-12-06,C032,P109,1,MC003,Christopher Lee,Los Angeles,USA,Laptop,Electronics,TechGear,20,200,Back to School,1/8/23,31/8/23,TV,15000,Families,20,12
1139,2023-04-17,C012,P116,6,MC005,James Choi,Chicago,USA,Cleanup Kit,Accessories,TechGear,20,1300,Holiday Special,10/12/23,24/12/23,Email + Social Media,10000,Silver and Gold Tiers,120,4
1140,2023-02-18,C050,P108,3,MC004,Caleb Reyes,Houston,USA,Computer Case,Accessories,ProtectPro,110,500,Black Friday,24/11/23,27/11/23,Multi-channel,25000,All Customers,330,2
1141,2023-01-30,C015,P107,1,MC001,Harper Singh,Houston,USA,Standing Desk,Accessories,SoundWave,140,1100,Spring Sale,1/3/23,15/3/23,Email,5000,All Customers,140,1
1142,2023-02-09,C021,P102,5,MC001,Emily Schwartz,Los Angeles,USA,Bluetooth Headphones,Electronics,SoundWave,30,300,Spring Sale,1/3/23,15/3/23,Email,5000,All Customers,150,2
1143,2023-11-11,C046,P118,6,MC001,Isaac Nkosi,Houston,USA,External Microphone,Electronics,TechGear,60,1400,Spring Sale,1/3/23,15/3/23,Email,5000,All Customers,360,11
1144,2023-01-02,C024,P109,4,MC005,Samuel Kim,Chicago,USA,Laptop,Electronics,TechGear,20,200,Holiday Special,10/12/23,24/12/23,Email + Social Media,10000,Silver and Gold Tiers,80,1
1145,2023-07-14,C010,P108,7,MC004,William Diaz,New York,USA,Computer Case,Accessories,ProtectPro,110,500,Black Friday,24/11/23,27/11/23,Multi-channel,25000,All Customers,770,7
1146,2023-07-14,C049,P108,2,MC002,Mila Popovic,Los Angeles,USA,Computer Case,Accessories,ProtectPro,110,500,Summer Clearance,15/6/23,30/6/23,Social Media,7500,Gold Tier,220,7
1147,2023-11-18,C007,P111,10,MC004,Ava Kowalski,Chicago,USA,Backpack,Accessories,ProtectPro,30,1300,Black Friday,24/11/23,27/11/23,Multi-channel,25000,All Customers,300,11
1148,2023-03-16,C039,P101,7,MC003,Penelope Cheng,Los Angeles,USA,Wireless Mouse,Electronics,TechGear,20,500,Back to School,1/8/23,31/8/23,TV,15000,Families,140,3
1149,2023-07-15,C007,P119,8,MC003,Ava Kowalski,Chicago,USA,Adapter,Electronics,CableMax,40,800,Back to School,1/8/23,31/8/23,TV,15000,Families,320,7
1150,2023-09-09,C007,P107,9,MC003,Ava Kowalski,Chicago,USA,Standing Desk,Accessories,SoundWave,140,1100,Back to School,1/8/23,31/8/23,TV,15000,Families,1260,9
1151,2023-10-29,C049,P107,2,MC001,Mila Popovic,Los Angeles,USA,Standing Desk,Accessories,SoundWave,140,1100,Spring Sale,1/3/23,15/3/23,Email,5000,All Customers,280,10
1152,2023-10-11,C008,P106,5,MC005,Mason Fitzgerald,Houston,USA,Keyboard,Electronics,TechGear,110,1000,Holiday Special,10/12/23,24/12/23,Email + Social Media,10000,Silver and Gold Tiers,550,10
1153,2023-12-06,C020,P109,4,MC005,Michael Andersen,Houston,USA,Laptop,Electronics,TechGear,20,200,Holiday Special,10/12/23,24/12/23,Email + Social Media,10000,Silver and Gold Tiers,80,12
1154,2023-03-30,C011,P119,8,MC002,Charlotte Hoffman,New York,USA,Adapter,Electronics,CableMax,40,800,Summer Clearance,15/6/23,30/6/23,Social Media,7500,Gold Tier,320,3
1155,2023-04-12,C021,P120,3,MC005,Emily Schwartz,Los Angeles,USA,Keyboard Mousepad,Accessories,TechGear,50,400,Holiday Special,10/12/23,24/12/23,Email + Social Media,10000,Silver and Gold Tiers,150,4
1156,2023-08-30,C033,P104,5,MC004,Lily Sørensen,New York,USA,Phone Case,Accessories,ProtectPro,10,800,Black Friday,24/11/23,27/11/23,Multi-channel,25000,All Customers,50,8
1157,2023-02-21,C012,P110,1,MC001,James Choi,Chicago,USA,Briefcase,Accessories,ProtectPro,120,900,Spring Sale,1/3/23,15/3/23,Email,5000,All Customers,120,2
1158,2023-11-13,C050,P105,8,MC005,Caleb Reyes,Houston,USA,Smart Watch,Electronics,TechGear,25,200,Holiday Special,10/12/23,24/12/23,Email + Social Media,10000,Silver and Gold Tiers,200,11
1159,2023-08-01,C011,P115,8,MC002,Charlotte Hoffman,New York,USA,Gaming Headset,Electronics,SoundWave,50,200,Summer Clearance,15/6/23,30/6/23,Social Media,7500,Gold Tier,400,8
1160,2023-09-24,C038,P118,3,MC001,Thomas Sanchez,Houston,USA,External Microphone,Electronics,TechGear,60,1400,Spring Sale,1/3/23,15/3/23,Email,5000,All Customers,180,9
1161,2023-11-22,C028,P103,3,MC005,Joseph Mendoza,New York,USA,USB-C Cable,Accessories,CableMax,15,1000,Holiday Special,10/12/23,24/12/23,Email + Social Media,10000,Silver and Gold Tiers,45,11
1162,2023-09-10,C045,P116,2,MC002,Nora Zimmerman,Houston,USA,Cleanup Kit,Accessories,TechGear,20,1300,Summer Clearance,15/6/23,30/6/23,Social Media,7500,Gold Tier,40,9
1163,2023-02-21,C021,P110,5,MC001,Emily Schwartz,Los Angeles,USA,Briefcase,Accessories,ProtectPro,120,900,Spring Sale,1/3/23,15/3/23,Email,5000,All Customers,600,2
1164,2023-10-24,C046,P113,1,MC003,Isaac Nkosi,Houston,USA,Bluetooth Headphones Charger,Electronics,CableMax,150,300,Back to School,1/8/23,31/8/23,TV,15000,Families,150,10
1165,2023-11-11,C041,P117,4,MC001,Audrey Kuznetsov,Miami,USA,Bluetooth Speaker,Electronics,SoundWave,140,200,Spring Sale,1/3/23,15/3/23,Email,5000,All Customers,560,11
1166,2023-04-04,C004,P113,7,MC004,Bob Wilson,Houston,USA,Bluetooth Headphones Charger,Electronics,CableMax,150,300,Black Friday,24/11/23,27/11/23,Multi-channel,25000,All Customers,1050,4
1167,2023-02-17,C019,P106,8,MC005,Abigail Nakamura,Chicago,USA,Keyboard,Electronics,TechGear,110,1000,Holiday Special,10/12/23,24/12/23,Email + Social Media,10000,Silver and Gold Tiers,880,2
1168,2023-11-24,C022,P116,5,MC001,Daniel Fernandez,Chicago,USA,Cleanup Kit,Accessories,TechGear,20,1300,Spring Sale,1/3/23,15/3/23,Email,5000,All Customers,100,11
1169,2023-05-30,C012,P111,8,MC005,James Choi,Chicago,USA,Backpack,Accessories,ProtectPro,30,1300,Holiday Special,10/12/23,24/12/23,Email + Social Media,10000,Silver and Gold Tiers,240,5
1170,2023-02-17,C026,P104,9,MC005,David Okafor,Los Angeles,USA,Phone Case,Accessories,ProtectPro,10,800,Holiday Special,10/12/23,24/12/23,Email + Social Media,10000,Silver and Gold Tiers,90,2
1171,2023-02-16,C031,P116,2,MC002,Zoe Ramirez,Miami,USA,Cleanup Kit,Accessories,TechGear,20,1300,Summer Clearance,15/6/23,30/6/23,Social Media,7500,Gold Tier,40,2
1172,2023-08-21,C020,P106,8,MC001,Michael Andersen,Houston,USA,Keyboard,Electronics,TechGear,110,1000,Spring Sale,1/3/23,15/3/23,Email,5000,All Customers,880,8
1173,2023-05-13,C010,P116,4,MC002,William Diaz,New York,USA,Cleanup Kit,Accessories,TechGear,20,1300,Summer Clearance,15/6/23,30/6/23,Social Media,7500,Gold Tier,80,5
1174,2023-08-01,C026,P116,7,MC001,David Okafor,Los Angeles,USA,Cleanup Kit,Accessories,TechGear,20,1300,Spring Sale,1/3/23,15/3/23,Email,5000,All Customers,140,8
1175,2023-12-09,C050,P101,5,MC005,Caleb Reyes,Houston,USA,Wireless Mouse,Electronics,TechGear,20,500,Holiday Special,10/12/23,24/12/23,Email + Social Media,10000,Silver and Gold Tiers,100,12
1176,2023-07-09,C042,P116,10,MC001,Owen Takahashi,New York,USA,Cleanup Kit,Accessories,TechGear,20,1300,Spring Sale,1/3/23,15/3/23,Email,5000,All Customers,200,7
1177,2023-09-30,C016,P114,4,MC004,Lucas Morales,Los Angeles,USA,Suitcase,Accessories,ProtectPro,120,1100,Black Friday,24/11/23,27/11/23,Multi-channel,25000,All Customers,480,9
1178,2024-01-01,C017,P111,8,MC002,Evelyn Kovalenko,Houston,USA,Backpack,Accessories,ProtectPro,30,1300,Summer Clearance,15/6/23,30/6/23,Social Media,7500,Gold Tier,240,1
1179,2023-02-01,C032,P109,7,MC003,Christopher Lee,Los Angeles,USA,Laptop,Electronics,TechGear,20,200,Back to School,1/8/23,31/8/23,TV,15000,Families,140,2
1180,2023-11-25,C008,P117,1,MC003,Mason Fitzgerald,Houston,USA,Bluetooth Speaker,Electronics,SoundWave,140,200,Back to School,1/8/23,31/8/23,TV,15000,Families,140,11
1181,2023-11-25,C034,P109,2,MC003,Matthew Gonzalez,Houston,USA,Laptop,Electronics,TechGear,20,200,Back to School,1/8/23,31/8/23,TV,15000,Families,40,11
1182,2023-01-02,C005,P106,10,MC004,Emma Brown,Miami,USA,Keyboard,Electronics,TechGear,110,1000,Black Friday,24/11/23,27/11/23,Multi-channel,25000,All Customers,1100,1
1183,2023-10-21,C024,P103,8,MC004,Samuel Kim,Chicago,USA,USB-C Cable,Accessories,CableMax,15,1000,Black Friday,24/11/23,27/11/23,Multi-channel,25000,All Customers,120,10
1184,2023-10-05,C043,P102,9,MC002,Hannah Eriksson,New York,USA,Bluetooth Headphones,Electronics,SoundWave,30,300,Summer Clearance,15/6/23,30/6/23,Social Media,7500,Gold Tier,270,10
1185,2023-09-17,C043,P115,10,MC002,Hannah Eriksson,New York,USA,Gaming Headset,Electronics,SoundWave,50,200,Summer Clearance,15/6/23,30/6/23,Social Media,7500,Gold Tier,500,9
1186,2023-03-29,C045,P107,9,MC003,Nora Zimmerman,Houston,USA,Standing Desk,Accessories,SoundWave,140,1100,Back to School,1/8/23,31/8/23,TV,15000,Families,1260,3
1187,2023-02-19,C045,P119,4,MC002,Nora Zimmerman,Houston,USA,Adapter,Electronics,CableMax,40,800,Summer Clearance,15/6/23,30/6/23,Social Media,7500,Gold Tier,160,2
1188,2023-11-28,C034,P113,1,MC001,Matthew Gonzalez,Houston,USA,Bluetooth Headphones Charger,Electronics,CableMax,150,300,Spring Sale,1/3/23,15/3/23,Email,5000,All Customers,150,11
1189,2023-08-27,C040,P103,4,MC002,Jack O'Brien,Miami,USA,USB-C Cable,Accessories,CableMax,15,1000,Summer Clearance,15/6/23,30/6/23,Social Media,7500,Gold Tier,60,8
1190,2023-07-03,C036,P119,8,MC004,Ryan Müller,Los Angeles,USA,Adapter,Electronics,CableMax,40,800,Black Friday,24/11/23,27/11/23,Multi-channel,25000,All Customers,320,7
1191,2023-10-21,C027,P118,4,MC001,Grace Yamamoto,Chicago,USA,External Microphone,Electronics,TechGear,60,1400,Spring Sale,1/3/23,15/3/23,Email,5000,All Customers,240,10
1192,2023-06-13,C041,P106,1,MC003,Audrey Kuznetsov,Miami,USA,Keyboard,Electronics,TechGear,110,1000,Back to School,1/8/23,31/8/23,TV,15000,Families,110,6
1193,2023-06-27,C042,P120,10,MC001,Owen Takahashi,New York,USA,Keyboard Mousepad,Accessories,TechGear,50,400,Spring Sale,1/3/23,15/3/23,Email,5000,All Customers,500,6
1194,2023-03-16,C048,P119,10,MC002,Dylan Suzuki,New York,USA,Adapter,Electronics,CableMax,40,800,Summer Clearance,15/6/23,30/6/23,Social Media,7500,Gold Tier,400,3
1195,2023-06-26,C016,P120,9,MC005,Lucas Morales,Los Angeles,USA,Keyboard Mousepad,Accessories,TechGear,50,400,Holiday Special,10/12/23,24/12/23,Email + Social Media,10000,Silver and Gold Tiers,450,6
1196,2023-03-11,C004,P116,6,MC005,Bob Wilson,Houston,USA,Cleanup Kit,Accessories,TechGear,20,1300,Holiday Special,10/12/23,24/12/23,Email + Social Media,10000,Silver and Gold Tiers,120,3
1197,2023-03-09,C005,P109,1,MC002,Emma Brown,Miami,USA,Laptop,Electronics,TechGear,20,200,Summer Clearance,15/6/23,30/6/23,Social Media,7500,Gold Tier,20,3
1198,2023-10-22,C007,P116,10,MC003,Ava Kowalski,Chicago,USA,Cleanup Kit,Accessories,TechGear,20,1300,Back to School,1/8/23,31/8/23,TV,15000,Families,200,10
1199,2023-12-12,C043,P113,5,MC001,Hannah Eriksson,New York,USA,Bluetooth Headphones Charger,Electronics,CableMax,150,300,Spring Sale,1/3/23,15/3/23,Email,5000,All Customers,750,12
1200,2023-09-04,C019,P114,5,MC001,Abigail Nakamura,Chicago,USA,Suitcase,Accessories,ProtectPro,120,1100,Spring Sale,1/3/23,15/3/23,Email,5000,All Customers,600,9
1201,2023-03-21,C004,P118,2,MC005,Bob Wilson,Houston,USA,External Microphone,Electronics,TechGear,60,1400,Holiday Special,10/12/23,24/12/23,Email + Social Media,10000,Silver and Gold Tiers,120,3
1202,2023-11-02,C006,P115,1,MC003,Noah Chen,Los Angeles,USA,Gaming Headset,Electronics,SoundWave,50,200,Back to School,1/8/23,31/8/23,TV,15000,Families,50,11
1203,2023-06-13,C011,P105,3,MC002,Charlotte Hoffman,New York,USA,Smart Watch,Electronics,TechGear,25,200,Summer Clearance,15/6/23,30/6/23,Social Media,7500,Gold Tier,75,6
1204,2023-02-15,C011,P119,5,MC005,Charlotte Hoffman,New York,USA,Adapter,Electronics,CableMax,40,800,Holiday Special,10/12/23,24/12/23,Email + Social Media,10000,Silver and Gold Tiers,200,2
1205,2023-11-02,C006,P115,10,MC001,Noah Chen,Los Angeles,USA,Gaming Headset,Electronics,SoundWave,50,200,Spring Sale,1/3/23,15/3/23,Email,5000,All Customers,500,11
1206,2023-08-13,C019,P117,4,MC002,Abigail Nakamura,Chicago,USA,Bluetooth Speaker,Electronics,SoundWave,140,200,Summer Clearance,15/6/23,30/6/23,Social Media,7500,Gold Tier,560,8
1207,2023-08-28,C009,P107,5,MC004,Isabella Tanaka,Chicago,USA,Standing Desk,Accessories,SoundWave,140,1100,Black Friday,24/11/23,27/11/23,Multi-channel,25000,All Customers,700,8
1208,2023-08-05,C015,P110,5,MC005,Harper Singh,Houston,USA,Briefcase,Accessories,ProtectPro,120,900,Holiday Special,10/12/23,24/12/23,Email + Social Media,10000,Silver and Gold Tiers,600,8
1209,2023-02-04,C007,P119,1,MC002,Ava Kowalski,Chicago,USA,Adapter,Electronics,CableMax,40,800,Summer Clearance,15/6/23,30/6/23,Social Media,7500,Gold Tier,40,2
1210,2023-01-28,C001,P116,2,MC004,John Doe,New York,USA,Cleanup Kit,Accessories,TechGear,20,1300,Black Friday,24/11/23,27/11/23,Multi-channel,25000,All Customers,40,1
1211,2023-01-30,C021,P105,3,MC001,Emily Schwartz,Los Angeles,USA,Smart Watch,Electronics,TechGear,25,200,Spring Sale,1/3/23,15/3/23,Email,5000,All Customers,75,1
1212,2023-09-03,C027,P118,4,MC001,Grace Yamamoto,Chicago,USA,External Microphone,Electronics,TechGear,60,1400,Spring Sale,1/3/23,15/3/23,Email,5000,All Customers,240,9
1213,2023-03-15,C037,P113,6,MC003,Victoria Kozlov,Chicago,USA,Bluetooth Headphones Charger,Electronics,CableMax,150,300,Back to School,1/8/23,31/8/23,TV,15000,Families,900,3
1214,2023-04-26,C021,P114,3,MC003,Emily Schwartz,Los Angeles,USA,Suitcase,Accessories,ProtectPro,120,1100,Back to School,1/8/23,31/8/23,TV,15000,Families,360,4
1215,2023-08-28,C022,P103,8,MC002,Daniel Fernandez,Chicago,USA,USB-C Cable,Accessories,CableMax,15,1000,Summer Clearance,15/6/23,30/6/23,Social Media,7500,Gold Tier,120,8
1216,2023-04-26,C049,P104,2,MC001,Mila Popovic,Los Angeles,USA,Phone Case,Accessories,ProtectPro,10,800,Spring Sale,1/3/23,15/3/23,Email,5000,All Customers,20,4
1217,2023-08-27,C004,P110,6,MC005,Bob Wilson,Houston,USA,Briefcase,Accessories,ProtectPro,120,900,Holiday Special,10/12/23,24/12/23,Email + Social Media,10000,Silver and Gold Tiers,720,8
1218,2023-04-08,C028,P105,6,MC004,Joseph Mendoza,New York,USA,Smart Watch,Electronics,TechGear,25,200,Black Friday,24/11/23,27/11/23,Multi-channel,25000,All Customers,150,4
1219,2023-03-04,C014,P118,5,MC002,Benjamin Larsson,Los Angeles,USA,External Microphone,Electronics,TechGear,60,1400,Summer Clearance,15/6/23,30/6/23,Social Media,7500,Gold Tier,300,3
1220,2023-07-15,C036,P102,4,MC003,Ryan Müller,Los Angeles,USA,Bluetooth Headphones,Electronics,SoundWave,30,300,Back to School,1/8/23,31/8/23,TV,15000,Families,120,7
1221,2023-12-28,C005,P109,4,MC005,Emma Brown,Miami,USA,Laptop,Electronics,TechGear,20,200,Holiday Special,10/12/23,24/12/23,Email + Social Media,10000,Silver and Gold Tiers,80,12
1222,2023-11-17,C045,P115,6,MC001,Nora Zimmerman,Houston,USA,Gaming Headset,Electronics,SoundWave,50,200,Spring Sale,1/3/23,15/3/23,Email,5000,All Customers,300,11
1223,2023-03-25,C025,P108,7,MC002,Sofia Petrov,Los Angeles,USA,Computer Case,Accessories,ProtectPro,110,500,Summer Clearance,15/6/23,30/6/23,Social Media,7500,Gold Tier,770,3
1224,2023-06-22,C049,P120,9,MC005,Mila Popovic,Los Angeles,USA,Keyboard Mousepad,Accessories,TechGear,50,400,Holiday Special,10/12/23,24/12/23,Email + Social Media,10000,Silver and Gold Tiers,450,6
1225,2023-11-04,C016,P118,1,MC001,Lucas Morales,Los Angeles,USA,External Microphone,Electronics,TechGear,60,1400,Spring Sale,1/3/23,15/3/23,Email,5000,All Customers,60,11
1226,2023-03-19,C047,P115,6,MC005,Leah Fontaine,Miami,USA,Gaming Headset,Electronics,SoundWave,50,200,Holiday Special,10/12/23,24/12/23,Email + Social Media,10000,Silver and Gold Tiers,300,3
1227,2023-08-09,C012,P112,8,MC001,James Choi,Chicago,USA,Desk Chair,Accessories,TechGear,40,500,Spring Sale,1/3/23,15/3/23,Email,5000,All Customers,320,8
1228,2023-03-25,C022,P108,9,MC002,Daniel Fernandez,Chicago,USA,Computer Case,Accessories,ProtectPro,110,500,Summer Clearance,15/6/23,30/6/23,Social Media,7500,Gold Tier,990,3
1229,2023-09-19,C029,P107,9,MC001,Chloe Dubois,Miami,USA,Standing Desk,Accessories,SoundWave,140,1100,Spring Sale,1/3/23,15/3/23,Email,5000,All Customers,1260,9
1230,2023-08-22,C046,P106,10,MC005,Isaac Nkosi,Houston,USA,Keyboard,Electronics,TechGear,110,1000,Holiday Special,10/12/23,24/12/23,Email + Social Media,10000,Silver and Gold Tiers,1100,8
1231,2023-03-08,C013,P111,3,MC001,Amelia Gupta,Houston,USA,Backpack,Accessories,ProtectPro,30,1300,Spring Sale,1/3/23,15/3/23,Email,5000,All Customers,90,3
1232,2023-03-17,C007,P117,1,MC004,Ava Kowalski,Chicago,USA,Bluetooth Speaker,Electronics,SoundWave,140,200,Black Friday,24/11/23,27/11/23,Multi-channel,25000,All Customers,140,3
1233,2023-03-12,C038,P105,2,MC002,Thomas Sanchez,Houston,USA,Smart Watch,Electronics,TechGear,25,200,Summer Clearance,15/6/23,30/6/23,Social Media,7500,Gold Tier,50,3
1234,2023-08-13,C018,P110,1,MC001,Alexander Rossi,New York,USA,Briefcase,Accessories,ProtectPro,120,900,Spring Sale,1/3/23,15/3/23,Email,5000,All Customers,120,8
1235,2023-07-27,C029,P108,7,MC003,Chloe Dubois,Miami,USA,Computer Case,Accessories,ProtectPro,110,500,Back to School,1/8/23,31/8/23,TV,15000,Families,770,7
1236,2023-04-19,C018,P102,7,MC005,Alexander Rossi,New York,USA,Bluetooth Headphones,Electronics,SoundWave,30,300,Holiday Special,10/12/23,24/12/23,Email + Social Media,10000,Silver and Gold Tiers,210,4
1237,2023-07-27,C024,P118,7,MC002,Samuel Kim,Chicago,USA,External Microphone,Electronics,TechGear,60,1400,Summer Clearance,15/6/23,30/6/23,Social Media,7500,Gold Tier,420,7
1238,2023-06-10,C022,P107,10,MC005,Daniel Fernandez,Chicago,USA,Standing Desk,Accessories,SoundWave,140,1100,Holiday Special,10/12/23,24/12/23,Email + Social Media,10000,Silver and Gold Tiers,1400,6
1239,2023-08-14,C021,P120,3,MC002,Emily Schwartz,Los Angeles,USA,Keyboard Mousepad,Accessories,TechGear,50,400,Summer Clearance,15/6/23,30/6/23,Social Media,7500,Gold Tier,150,8
1240,2023-07-13,C041,P119,3,MC001,Audrey Kuznetsov,Miami,USA,Adapter,Electronics,CableMax,40,800,Spring Sale,1/3/23,15/3/23,Email,5000,All Customers,120,7
1241,2023-07-22,C037,P118,4,MC001,Victoria Kozlov,Chicago,USA,External Microphone,Electronics,TechGear,60,1400,Spring Sale,1/3/23,15/3/23,Email,5000,All Customers,240,7
1242,2023-11-02,C028,P105,10,MC005,Joseph Mendoza,New York,USA,Smart Watch,Electronics,TechGear,25,200,Holiday Special,10/12/23,24/12/23,Email + Social Media,10000,Silver and Gold Tiers,250,11
1243,2023-11-12,C050,P106,2,MC001,Caleb Reyes,Houston,USA,Keyboard,Electronics,TechGear,110,1000,Spring Sale,1/3/23,15/3/23,Email,5000,All Customers,220,11
1244,2023-02-18,C042,P115,10,MC002,Owen Takahashi,New York,USA,Gaming Headset,Electronics,SoundWave,50,200,Summer Clearance,15/6/23,30/6/23,Social Media,7500,Gold Tier,500,2
1245,2023-11-05,C020,P105,9,MC005,Michael Andersen,Houston,USA,Smart Watch,Electronics,TechGear,25,200,Holiday Special,10/12/23,24/12/23,Email + Social Media,10000,Silver and Gold Tiers,225,11
1246,2023-01-10,C039,P111,8,MC004,Penelope Cheng,Los Angeles,USA,Backpack,Accessories,ProtectPro,30,1300,Black Friday,24/11/23,27/11/23,Multi-channel,25000,All Customers,240,1
1247,2023-04-22,C027,P120,8,MC003,Grace Yamamoto,Chicago,USA,Keyboard Mousepad,Accessories,TechGear,50,400,Back to School,1/8/23,31/8/23,TV,15000,Families,400,4
1248,2023-01-03,C038,P107,5,MC005,Thomas Sanchez,Houston,USA,Standing Desk,Accessories,SoundWave,140,1100,Holiday Special,10/12/23,24/12/23,Email + Social Media,10000,Silver and Gold Tiers,700,1
1249,2023-07-27,C033,P104,3,MC002,Lily Sørensen,New York,USA,Phone Case,Accessories,ProtectPro,10,800,Summer Clearance,15/6/23,30/6/23,Social Media,7500,Gold Tier,30,7
1250,2023-11-26,C038,P120,10,MC002,Thomas Sanchez,Houston,USA,Keyboard Mousepad,Accessories,TechGear,50,400,Summer Clearance,15/6/23,30/6/23,Social Media,7500,Gold Tier,500,11
1251,2023-07-17,C024,P114,6,MC001,Samuel Kim,Chicago,USA,Suitcase,Accessories,ProtectPro,120,1100,Spring Sale,1/3/23,15/3/23,Email,5000,All Customers,720,7
1252,2023-03-09,C001,P118,1,MC001,John Doe,New York,USA,External Microphone,Electronics,TechGear,60,1400,Spring Sale,1/3/23,15/3/23,Email,5000,All Customers,60,3
1253,2023-07-13,C030,P101,1,MC004,Andrew Ivanov,Miami,USA,Wireless Mouse,Electronics,TechGear,20,500,Black Friday,24/11/23,27/11/23,Multi-channel,25000,All Customers,20,7
1254,2023-04-06,C048,P107,2,MC003,Dylan Suzuki,New York,USA,Standing Desk,Accessories,SoundWave,140,1100,Back to School,1/8/23,31/8/23,TV,15000,Families,280,4
1255,2023-04-29,C043,P111,3,MC002,Hannah Eriksson,New York,USA,Backpack,Accessories,ProtectPro,30,1300,Summer Clearance,15/6/23,30/6/23,Social Media,7500,Gold Tier,90,4
1256,2023-04-22,C004,P118,8,MC002,Bob Wilson,Houston,USA,External Microphone,Electronics,TechGear,60,1400,Summer Clearance,15/6/23,30/6/23,Social Media,7500,Gold Tier,480,4
1257,2023-11-28,C029,P109,9,MC004,Chloe Dubois,Miami,USA,Laptop,Electronics,TechGear,20,200,Black Friday,24/11/23,27/11/23,Multi-channel,25000,All Customers,180,11
1258,2023-08-12,C037,P104,9,MC003,Victoria Kozlov,Chicago,USA,Phone Case,Accessories,ProtectPro,10,800,Back to School,1/8/23,31/8/23,TV,15000,Families,90,8
1259,2023-09-16,C001,P102,4,MC001,John Doe,New York,USA,Bluetooth Headphones,Electronics,SoundWave,30,300,Spring Sale,1/3/23,15/3/23,Email,5000,All Customers,120,9
1260,2023-08-17,C040,P111,8,MC003,Jack O'Brien,Miami,USA,Backpack,Accessories,ProtectPro,30,1300,Back to School,1/8/23,31/8/23,TV,15000,Families,240,8
1261,2023-09-25,C038,P103,5,MC001,Thomas Sanchez,Houston,USA,USB-C Cable,Accessories,CableMax,15,1000,Spring Sale,1/3/23,15/3/23,Email,5000,All Customers,75,9
1262,2023-06-24,C024,P106,7,MC004,Samuel Kim,Chicago,USA,Keyboard,Electronics,TechGear,110,1000,Black Friday,24/11/23,27/11/23,Multi-channel,25000,All Customers,770,6
1263,2023-04-17,C011,P114,2,MC003,Charlotte Hoffman,New York,USA,Suitcase,Accessories,ProtectPro,120,1100,Back to School,1/8/23,31/8/23,TV,15000,Families,240,4
1264,2023-02-04,C041,P116,4,MC004,Audrey Kuznetsov,Miami,USA,Cleanup Kit,Accessories,TechGear,20,1300,Black Friday,24/11/23,27/11/23,Multi-channel,25000,All Customers,80,2
1265,2023-09-07,C018,P103,3,MC002,Alexander Rossi,New York,USA,USB-C Cable,Accessories,CableMax,15,1000,Summer Clearance,15/6/23,30/6/23,Social Media,7500,Gold Tier,45,9
1266,2023-10-08,C044,P108,2,MC003,Gabriel Santos,Los Angeles,USA,Computer Case,Accessories,ProtectPro,110,500,Back to School,1/8/23,31/8/23,TV,15000,Families,220,10
1267,2023-09-12,C028,P112,6,MC002,Joseph Mendoza,New York,USA,Desk Chair,Accessories,TechGear,40,500,Summer Clearance,15/6/23,30/6/23,Social Media,7500,Gold Tier,240,9
1268,2023-07-20,C040,P108,6,MC005,Jack O'Brien,Miami,USA,Computer Case,Accessories,ProtectPro,110,500,Holiday Special,10/12/23,24/12/23,Email + Social Media,10000,Silver and Gold Tiers,660,7
1269,2023-05-18,C005,P110,8,MC001,Emma Brown,Miami,USA,Briefcase,Accessories,ProtectPro,120,900,Spring Sale,1/3/23,15/3/23,Email,5000,All Customers,960,5
1270,2023-05-11,C007,P107,6,MC002,Ava Kowalski,Chicago,USA,Standing Desk,Accessories,SoundWave,140,1100,Summer Clearance,15/6/23,30/6/23,Social Media,7500,Gold Tier,840,5
1271,2023-02-24,C011,P112,5,MC001,Charlotte Hoffman,New York,USA,Desk Chair,Accessories,TechGear,40,500,Spring Sale,1/3/23,15/3/23,Email,5000,All Customers,200,2
1272,2023-01-17,C023,P108,9,MC002,Elizabeth Novak,Miami,USA,Computer Case,Accessories,ProtectPro,110,500,Summer Clearance,15/6/23,30/6/23,Social Media,7500,Gold Tier,990,1
1273,2023-10-08,C011,P120,10,MC001,Charlotte Hoffman,New York,USA,Keyboard Mousepad,Accessories,TechGear,50,400,Spring Sale,1/3/23,15/3/23,Email,5000,All Customers,500,10
1274,2023-03-25,C038,P115,4,MC001,Thomas Sanchez,Houston,USA,Gaming Headset,Electronics,SoundWave,50,200,Spring Sale,1/3/23,15/3/23,Email,5000,All Customers,200,3
1275,2023-02-09,C024,P116,5,MC004,Samuel Kim,Chicago,USA,Cleanup Kit,Accessories,TechGear,20,1300,Black Friday,24/11/23,27/11/23,Multi-channel,25000,All Customers,100,2
1276,2023-09-05,C045,P107,5,MC005,Nora Zimmerman,Houston,USA,Standing Desk,Accessories,SoundWave,140,1100,Holiday Special,10/12/23,24/12/23,Email + Social Media,10000,Silver and Gold Tiers,700,9
1277,2023-06-15,C037,P106,8,MC005,Victoria Kozlov,Chicago,USA,Keyboard,Electronics,TechGear,110,1000,Holiday Special,10/12/23,24/12/23,Email + Social Media,10000,Silver and Gold Tiers,880,6
1278,2023-11-09,C018,P106,3,MC005,Alexander Rossi,New York,USA,Keyboard,Electronics,TechGear,110,1000,Holiday Special,10/12/23,24/12/23,Email + Social Media,10000,Silver and Gold Tiers,330,11
1279,2023-06-30,C044,P109,1,MC005,Gabriel Santos,Los Angeles,USA,Laptop,Electronics,TechGear,20,200,Holiday Special,10/12/23,24/12/23,Email + Social Media,10000,Silver and Gold Tiers,20,6
1280,2023-06-06,C027,P106,7,MC003,Grace Yamamoto,Chicago,USA,Keyboard,Electronics,TechGear,110,1000,Back to School,1/8/23,31/8/23,TV,15000,Families,770,6
1281,2023-07-18,C026,P111,5,MC001,David Okafor,Los Angeles,USA,Backpack,Accessories,ProtectPro,30,1300,Spring Sale,1/3/23,15/3/23,Email,5000,All Customers,150,7
1282,2023-03-13,C001,P105,5,MC003,John Doe,New York,USA,Smart Watch,Electronics,TechGear,25,200,Back to School,1/8/23,31/8/23,TV,15000,Families,125,3
1283,2023-07-15,C004,P112,4,MC004,Bob Wilson,Houston,USA,Desk Chair,Accessories,TechGear,40,500,Black Friday,24/11/23,27/11/23,Multi-channel,25000,All Customers,160,7
1284,2023-01-04,C004,P120,3,MC001,Bob Wilson,Houston,USA,Keyboard Mousepad,Accessories,TechGear,50,400,Spring Sale,1/3/23,15/3/23,Email,5000,All Customers,150,1
1285,2023-11-16,C036,P102,7,MC004,Ryan Müller,Los Angeles,USA,Bluetooth Headphones,Electronics,SoundWave,30,300,Black Friday,24/11/23,27/11/23,Multi-channel,25000,All Customers,210,11
1286,2023-12-10,C004,P101,4,MC004,Bob Wilson,Houston,USA,Wireless Mouse,Electronics,TechGear,20,500,Black Friday,24/11/23,27/11/23,Multi-channel,25000,All Customers,80,12
1287,2023-10-19,C007,P115,10,MC004,Ava Kowalski,Chicago,USA,Gaming Headset,Electronics,SoundWave,50,200,Black Friday,24/11/23,27/11/23,Multi-channel,25000,All Customers,500,10
1288,2023-10-09,C048,P117,5,MC003,Dylan Suzuki,New York,USA,Bluetooth Speaker,Electronics,SoundWave,140,200,Back to School,1/8/23,31/8/23,TV,15000,Families,700,10
1289,2023-06-24,C031,P109,8,MC004,Zoe Ramirez,Miami,USA,Laptop,Electronics,TechGear,20,200,Black Friday,24/11/23,27/11/23,Multi-channel,25000,All Customers,160,6
1290,2023-12-21,C018,P120,9,MC005,Alexander Rossi,New York,USA,Keyboard Mousepad,Accessories,TechGear,50,400,Holiday Special,10/12/23,24/12/23,Email + Social Media,10000,Silver and Gold Tiers,450,12
1291,2023-06-21,C023,P120,2,MC003,Elizabeth Novak,Miami,USA,Keyboard Mousepad,Accessories,TechGear,50,400,Back to School,1/8/23,31/8/23,TV,15000,Families,100,6
1292,2023-11-20,C007,P111,6,MC005,Ava Kowalski,Chicago,USA,Backpack,Accessories,ProtectPro,30,1300,Holiday Special,10/12/23,24/12/23,Email + Social Media,10000,Silver and Gold Tiers,180,11
1293,2023-07-29,C048,P106,8,MC005,Dylan Suzuki,New York,USA,Keyboard,Electronics,TechGear,110,1000,Holiday Special,10/12/23,24/12/23,Email + Social Media,10000,Silver and Gold Tiers,880,7
1294,2023-06-06,C007,P112,7,MC002,Ava Kowalski,Chicago,USA,Desk Chair,Accessories,TechGear,40,500,Summer Clearance,15/6/23,30/6/23,Social Media,7500,Gold Tier,280,6
1295,2023-12-01,C025,P114,4,MC002,Sofia Petrov,Los Angeles,USA,Suitcase,Accessories,ProtectPro,120,1100,Summer Clearance,15/6/23,30/6/23,Social Media,7500,Gold Tier,480,12
1296,2023-11-16,C009,P120,5,MC002,Isabella Tanaka,Chicago,USA,Keyboard Mousepad,Accessories,TechGear,50,400,Summer Clearance,15/6/23,30/6/23,Social Media,7500,Gold Tier,250,11
1297,2023-03-15,C042,P111,2,MC004,Owen Takahashi,New York,USA,Backpack,Accessories,ProtectPro,30,1300,Black Friday,24/11/23,27/11/23,Multi-channel,25000,All Customers,60,3
1298,2023-11-17,C021,P104,2,MC002,Emily Schwartz,Los Angeles,USA,Phone Case,Accessories,ProtectPro,10,800,Summer Clearance,15/6/23,30/6/23,Social Media,7500,Gold Tier,20,11
1299,2023-06-24,C039,P108,9,MC004,Penelope Cheng,Los Angeles,USA,Computer Case,Accessories,ProtectPro,110,500,Black Friday,24/11/23,27/11/23,Multi-channel,25000,All Customers,990,6
1300,2023-12-30,C049,P115,6,MC003,Mila Popovic,Los Angeles,USA,Gaming Headset,Electronics,SoundWave,50,200,Back to School,1/8/23,31/8/23,TV,15000,Families,300,12
1301,2023-05-15,C001,P115,4,MC003,John Doe,New York,USA,Gaming Headset,Electronics,SoundWave,50,200,Back to School,1/8/23,31/8/23,TV,15000,Families,200,5
1302,2023-11-18,C024,P103,4,MC004,Samuel Kim,Chicago,USA,USB-C Cable,Accessories,CableMax,15,1000,Black Friday,24/11/23,27/11/23,Multi-channel,25000,All Customers,60,11
1303,2023-05-19,C004,P106,3,MC001,Bob Wilson,Houston,USA,Keyboard,Electronics,TechGear,110,1000,Spring Sale,1/3/23,15/3/23,Email,5000,All Customers,330,5
1304,2023-07-29,C022,P112,2,MC002,Daniel Fernandez,Chicago,USA,Desk Chair,Accessories,TechGear,40,500,Summer Clearance,15/6/23,30/6/23,Social Media,7500,Gold Tier,80,7
1305,2023-06-18,C026,P102,5,MC002,David Okafor,Los Angeles,USA,Bluetooth Headphones,Electronics,SoundWave,30,300,Summer Clearance,15/6/23,30/6/23,Social Media,7500,Gold Tier,150,6
1306,2023-10-17,C006,P102,4,MC005,Noah Chen,Los Angeles,USA,Bluetooth Headphones,Electronics,SoundWave,30,300,Holiday Special,10/12/23,24/12/23,Email + Social Media,10000,Silver and Gold Tiers,120,10
1307,2023-12-19,C037,P120,6,MC001,Victoria Kozlov,Chicago,USA,Keyboard Mousepad,Accessories,TechGear,50,400,Spring Sale,1/3/23,15/3/23,Email,5000,All Customers,300,12
1308,2023-08-12,C043,P110,2,MC003,Hannah Eriksson,New York,USA,Briefcase,Accessories,ProtectPro,120,900,Back to School,1/8/23,31/8/23,TV,15000,Families,240,8
1309,2023-03-01,C003,P108,9,MC003,Alice Johnson,Chicago,USA,Computer Case,Accessories,ProtectPro,110,500,Back to School,1/8/23,31/8/23,TV,15000,Families,990,3
1310,2023-11-28,C029,P102,3,MC001,Chloe Dubois,Miami,USA,Bluetooth Headphones,Electronics,SoundWave,30,300,Spring Sale,1/3/23,15/3/23,Email,5000,All Customers,90,11
1311,2023-01-09,C033,P111,2,MC002,Lily Sørensen,New York,USA,Backpack,Accessories,ProtectPro,30,1300,Summer Clearance,15/6/23,30/6/23,Social Media,7500,Gold Tier,60,1
1312,2023-07-07,C001,P113,3,MC001,John Doe,New York,USA,Bluetooth Headphones Charger,Electronics,CableMax,150,300,Spring Sale,1/3/23,15/3/23,Email,5000,All Customers,450,7
1313,2023-04-04,C039,P101,5,MC001,Penelope Cheng,Los Angeles,USA,Wireless Mouse,Electronics,TechGear,20,500,Spring Sale,1/3/23,15/3/23,Email,5000,All Customers,100,4
1314,2023-05-19,C016,P115,4,MC004,Lucas Morales,Los Angeles,USA,Gaming Headset,Electronics,SoundWave,50,200,Black Friday,24/11/23,27/11/23,Multi-channel,25000,All Customers,200,5
1315,2023-06-04,C025,P106,4,MC002,Sofia Petrov,Los Angeles,USA,Keyboard,Electronics,TechGear,110,1000,Summer Clearance,15/6/23,30/6/23,Social Media,7500,Gold Tier,440,6
1316,2023-02-07,C049,P116,5,MC004,Mila Popovic,Los Angeles,USA,Cleanup Kit,Accessories,TechGear,20,1300,Black Friday,24/11/23,27/11/23,Multi-channel,25000,All Customers,100,2
1317,2023-10-26,C005,P119,7,MC005,Emma Brown,Miami,USA,Adapter,Electronics,CableMax,40,800,Holiday Special,10/12/23,24/12/23,Email + Social Media,10000,Silver and Gold Tiers,280,10
1318,2023-08-31,C002,P120,9,MC002,Jane Smith,Los Angeles,USA,Keyboard Mousepad,Accessories,TechGear,50,400,Summer Clearance,15/6/23,30/6/23,Social Media,7500,Gold Tier,450,8
1319,2023-07-29,C031,P118,9,MC005,Zoe Ramirez,Miami,USA,External Microphone,Electronics,TechGear,60,1400,Holiday Special,10/12/23,24/12/23,Email + Social Media,10000,Silver and Gold Tiers,540,7
1320,2023-10-15,C036,P120,10,MC002,Ryan Müller,Los Angeles,USA,Keyboard Mousepad,Accessories,TechGear,50,400,Summer Clearance,15/6/23,30/6/23,Social Media,7500,Gold Tier,500,10
1321,2023-06-28,C010,P119,1,MC003,William Diaz,New York,USA,Adapter,Electronics,CableMax,40,800,Back to School,1/8/23,31/8/23,TV,15000,Families,40,6
1322,2023-04-16,C004,P102,7,MC004,Bob Wilson,Houston,USA,Bluetooth Headphones,Electronics,SoundWave,30,300,Black Friday,24/11/23,27/11/23,Multi-channel,25000,All Customers,210,4
1323,2023-04-25,C050,P110,7,MC003,Caleb Reyes,Houston,USA,Briefcase,Accessories,ProtectPro,120,900,Back to School,1/8/23,31/8/23,TV,15000,Families,840,4
1324,2023-03-12,C038,P116,6,MC002,Thomas Sanchez,Houston,USA,Cleanup Kit,Accessories,TechGear,20,1300,Summer Clearance,15/6/23,30/6/23,Social Media,7500,Gold Tier,120,3
1325,2023-11-09,C044,P112,3,MC003,Gabriel Santos,Los Angeles,USA,Desk Chair,Accessories,TechGear,40,500,Back to School,1/8/23,31/8/23,TV,15000,Families,120,11
1326,2023-01-16,C049,P102,9,MC001,Mila Popovic,Los Angeles,USA,Bluetooth Headphones,Electronics,SoundWave,30,300,Spring Sale,1/3/23,15/3/23,Email,5000,All Customers,270,1
1327,2023-01-06,C017,P108,3,MC002,Evelyn Kovalenko,Houston,USA,Computer Case,Accessories,ProtectPro,110,500,Summer Clearance,15/6/23,30/6/23,Social Media,7500,Gold Tier,330,1
1328,2023-08-09,C027,P104,7,MC001,Grace Yamamoto,Chicago,USA,Phone Case,Accessories,ProtectPro,10,800,Spring Sale,1/3/23,15/3/23,Email,5000,All Customers,70,8
1329,2023-05-26,C026,P102,5,MC001,David Okafor,Los Angeles,USA,Bluetooth Headphones,Electronics,SoundWave,30,300,Spring Sale,1/3/23,15/3/23,Email,5000,All Customers,150,5
1330,2023-12-11,C033,P110,5,MC001,Lily Sørensen,New York,USA,Briefcase,Accessories,ProtectPro,120,900,Spring Sale,1/3/23,15/3/23,Email,5000,All Customers,600,12
1331,2023-03-25,C049,P106,8,MC004,Mila Popovic,Los Angeles,USA,Keyboard,Electronics,TechGear,110,1000,Black Friday,24/11/23,27/11/23,Multi-channel,25000,All Customers,880,3
1332,2023-06-17,C009,P111,7,MC001,Isabella Tanaka,Chicago,USA,Backpack,Accessories,ProtectPro,30,1300,Spring Sale,1/3/23,15/3/23,Email,5000,All Customers,210,6
1333,2023-04-16,C042,P117,6,MC001,Owen Takahashi,New York,USA,Bluetooth Speaker,Electronics,SoundWave,140,200,Spring Sale,1/3/23,15/3/23,Email,5000,All Customers,840,4
1334,2023-01-08,C030,P115,4,MC005,Andrew Ivanov,Miami,USA,Gaming Headset,Electronics,SoundWave,50,200,Holiday Special,10/12/23,24/12/23,Email + Social Media,10000,Silver and Gold Tiers,200,1
1335,2023-12-29,C004,P116,4,MC002,Bob Wilson,Houston,USA,Cleanup Kit,Accessories,TechGear,20,1300,Summer Clearance,15/6/23,30/6/23,Social Media,7500,Gold Tier,80,12
1336,2023-07-19,C007,P106,5,MC005,Ava Kowalski,Chicago,USA,Keyboard,Electronics,TechGear,110,1000,Holiday Special,10/12/23,24/12/23,Email + Social Media,10000,Silver and Gold Tiers,550,7
1337,2023-05-09,C036,P112,7,MC002,Ryan Müller,Los Angeles,USA,Desk Chair,Accessories,TechGear,40,500,Summer Clearance,15/6/23,30/6/23,Social Media,7500,Gold Tier,280,5
1338,2023-11-17,C024,P110,7,MC001,Samuel Kim,Chicago,USA,Briefcase,Accessories,ProtectPro,120,900,Spring Sale,1/3/23,15/3/23,Email,5000,All Customers,840,11
1339,2023-04-18,C012,P107,6,MC005,James Choi,Chicago,USA,Standing Desk,Accessories,SoundWave,140,1100,Holiday Special,10/12/23,24/12/23,Email + Social Media,10000,Silver and Gold Tiers,840,4
1340,2023-09-28,C032,P115,2,MC002,Christopher Lee,Los Angeles,USA,Gaming Headset,Electronics,SoundWave,50,200,Summer Clearance,15/6/23,30/6/23,Social Media,7500,Gold Tier,100,9
1341,2023-05-06,C043,P117,7,MC005,Hannah Eriksson,New York,USA,Bluetooth Speaker,Electronics,SoundWave,140,200,Holiday Special,10/12/23,24/12/23,Email + Social Media,10000,Silver and Gold Tiers,980,5
1342,2023-08-29,C020,P115,8,MC004,Michael Andersen,Houston,USA,Gaming Headset,Electronics,SoundWave,50,200,Black Friday,24/11/23,27/11/23,Multi-channel,25000,All Customers,400,8
1343,2023-01-06,C018,P101,3,MC001,Alexander Rossi,New York,USA,Wireless Mouse,Electronics,TechGear,20,500,Spring Sale,1/3/23,15/3/23,Email,5000,All Customers,60,1
1344,2023-11-05,C016,P110,5,MC003,Lucas Morales,Los Angeles,USA,Briefcase,Accessories,ProtectPro,120,900,Back to School,1/8/23,31/8/23,TV,15000,Families,600,11
1345,2023-07-17,C014,P113,5,MC004,Benjamin Larsson,Los Angeles,USA,Bluetooth Headphones Charger,Electronics,CableMax,150,300,Black Friday,24/11/23,27/11/23,Multi-channel,25000,All Customers,750,7
1346,2023-12-27,C007,P112,10,MC003,Ava Kowalski,Chicago,USA,Desk Chair,Accessories,TechGear,40,500,Back to School,1/8/23,31/8/23,TV,15000,Families,400,12
1347,2023-09-30,C009,P118,8,MC002,Isabella Tanaka,Chicago,USA,External Microphone,Electronics,TechGear,60,1400,Summer Clearance,15/6/23,30/6/23,Social Media,7500,Gold Tier,480,9
1348,2023-07-18,C014,P118,2,MC005,Benjamin Larsson,Los Angeles,USA,External Microphone,Electronics,TechGear,60,1400,Holiday Special,10/12/23,24/12/23,Email + Social Media,10000,Silver and Gold Tiers,120,7
1349,2023-02-21,C014,P110,4,MC005,Benjamin Larsson,Los Angeles,USA,Briefcase,Accessories,ProtectPro,120,900,Holiday Special,10/12/23,24/12/23,Email + Social Media,10000,Silver and Gold Tiers,480,2
1350,2023-09-14,C016,P119,5,MC004,Lucas Morales,Los Angeles,USA,Adapter,Electronics,CableMax,40,800,Black Friday,24/11/23,27/11/23,Multi-channel,25000,All Customers,200,9
1351,2023-01-08,C018,P103,1,MC001,Alexander Rossi,New York,USA,USB-C Cable,Accessories,CableMax,15,1000,Spring Sale,1/3/23,15/3/23,Email,5000,All Customers,15,1
1352,2023-03-16,C048,P101,2,MC004,Dylan Suzuki,New York,USA,Wireless Mouse,Electronics,TechGear,20,500,Black Friday,24/11/23,27/11/23,Multi-channel,25000,All Customers,40,3
1353,2023-04-08,C045,P115,1,MC001,Nora Zimmerman,Houston,USA,Gaming Headset,Electronics,SoundWave,50,200,Spring Sale,1/3/23,15/3/23,Email,5000,All Customers,50,4
1354,2023-12-28,C027,P114,6,MC001,Grace Yamamoto,Chicago,USA,Suitcase,Accessories,ProtectPro,120,1100,Spring Sale,1/3/23,15/3/23,Email,5000,All Customers,720,12
1355,2023-11-06,C033,P115,2,MC003,Lily Sørensen,New York,USA,Gaming Headset,Electronics,SoundWave,50,200,Back to School,1/8/23,31/8/23,TV,15000,Families,100,11
1356,2023-12-29,C039,P108,6,MC004,Penelope Cheng,Los Angeles,USA,Computer Case,Accessories,ProtectPro,110,500,Black Friday,24/11/23,27/11/23,Multi-channel,25000,All Customers,660,12
1357,2023-03-19,C019,P108,5,MC002,Abigail Nakamura,Chicago,USA,Computer Case,Accessories,ProtectPro,110,500,Summer Clearance,15/6/23,30/6/23,Social Media,7500,Gold Tier,550,3
1358,2023-07-12,C018,P109,7,MC002,Alexander Rossi,New York,USA,Laptop,Electronics,TechGear,20,200,Summer Clearance,15/6/23,30/6/23,Social Media,7500,Gold Tier,140,7
1359,2023-07-09,C029,P109,3,MC005,Chloe Dubois,Miami,USA,Laptop,Electronics,TechGear,20,200,Holiday Special,10/12/23,24/12/23,Email + Social Media,10000,Silver and Gold Tiers,60,7
1360,2023-08-09,C030,P102,5,MC003,Andrew Ivanov,Miami,USA,Bluetooth Headphones,Electronics,SoundWave,30,300,Back to School,1/8/23,31/8/23,TV,15000,Families,150,8
1361,2023-03-22,C034,P109,10,MC003,Matthew Gonzalez,Houston,USA,Laptop,Electronics,TechGear,20,200,Back to School,1/8/23,31/8/23,TV,15000,Families,200,3
1362,2023-05-26,C033,P104,10,MC002,Lily Sørensen,New York,USA,Phone Case,Accessories,ProtectPro,10,800,Summer Clearance,15/6/23,30/6/23,Social Media,7500,Gold Tier,100,5
1363,2023-08-12,C006,P110,7,MC004,Noah Chen,Los Angeles,USA,Briefcase,Accessories,ProtectPro,120,900,Black Friday,24/11/23,27/11/23,Multi-channel,25000,All Customers,840,8
1364,2023-06-25,C036,P110,9,MC002,Ryan Müller,Los Angeles,USA,Briefcase,Accessories,ProtectPro,120,900,Summer Clearance,15/6/23,30/6/23,Social Media,7500,Gold Tier,1080,6
1365,2023-07-10,C023,P116,7,MC004,Elizabeth Novak,Miami,USA,Cleanup Kit,Accessories,TechGear,20,1300,Black Friday,24/11/23,27/11/23,Multi-channel,25000,All Customers,140,7
1366,2023-09-30,C006,P115,3,MC002,Noah Chen,Los Angeles,USA,Gaming Headset,Electronics,SoundWave,50,200,Summer Clearance,15/6/23,30/6/23,Social Media,7500,Gold Tier,150,9
1367,2023-05-05,C019,P104,7,MC002,Abigail Nakamura,Chicago,USA,Phone Case,Accessories,ProtectPro,10,800,Summer Clearance,15/6/23,30/6/23,Social Media,7500,Gold Tier,70,5
1368,2023-05-14,C043,P112,5,MC002,Hannah Eriksson,New York,USA,Desk Chair,Accessories,TechGear,40,500,Summer Clearance,15/6/23,30/6/23,Social Media,7500,Gold Tier,200,5
1369,2023-05-07,C022,P106,7,MC003,Daniel Fernandez,Chicago,USA,Keyboard,Electronics,TechGear,110,1000,Back to School,1/8/23,31/8/23,TV,15000,Families,770,5
1370,2023-11-07,C046,P110,8,MC002,Isaac Nkosi,Houston,USA,Briefcase,Accessories,ProtectPro,120,900,Summer Clearance,15/6/23,30/6/23,Social Media,7500,Gold Tier,960,11
1371,2023-10-16,C030,P114,6,MC003,Andrew Ivanov,Miami,USA,Suitcase,Accessories,ProtectPro,120,1100,Back to School,1/8/23,31/8/23,TV,15000,Families,720,10
1372,2023-11-15,C044,P111,2,MC001,Gabriel Santos,Los Angeles,USA,Backpack,Accessories,ProtectPro,30,1300,Spring Sale,1/3/23,15/3/23,Email,5000,All Customers,60,11
1373,2023-06-03,C005,P114,8,MC002,Emma Brown,Miami,USA,Suitcase,Accessories,ProtectPro,120,1100,Summer Clearance,15/6/23,30/6/23,Social Media,7500,Gold Tier,960,6
1374,2023-01-29,C015,P120,9,MC004,Harper Singh,Houston,USA,Keyboard Mousepad,Accessories,TechGear,50,400,Black Friday,24/11/23,27/11/23,Multi-channel,25000,All Customers,450,1
1375,2023-04-03,C039,P118,5,MC003,Penelope Cheng,Los Angeles,USA,External Microphone,Electronics,TechGear,60,1400,Back to School,1/8/23,31/8/23,TV,15000,Families,300,4
1376,2023-10-20,C008,P105,10,MC004,Mason Fitzgerald,Houston,USA,Smart Watch,Electronics,TechGear,25,200,Black Friday,24/11/23,27/11/23,Multi-channel,25000,All Customers,250,10
1377,2023-08-25,C045,P115,9,MC001,Nora Zimmerman,Houston,USA,Gaming Headset,Electronics,SoundWave,50,200,Spring Sale,1/3/23,15/3/23,Email,5000,All Customers,450,8
1378,2023-10-08,C012,P116,6,MC004,James Choi,Chicago,USA,Cleanup Kit,Accessories,TechGear,20,1300,Black Friday,24/11/23,27/11/23,Multi-channel,25000,All Customers,120,10
1379,2023-11-13,C036,P104,4,MC004,Ryan Müller,Los Angeles,USA,Phone Case,Accessories,ProtectPro,10,800,Black Friday,24/11/23,27/11/23,Multi-channel,25000,All Customers,40,11
1380,2023-07-16,C040,P112,4,MC002,Jack O'Brien,Miami,USA,Desk Chair,Accessories,TechGear,40,500,Summer Clearance,15/6/23,30/6/23,Social Media,7500,Gold Tier,160,7
1381,2023-12-25,C021,P115,4,MC003,Emily Schwartz,Los Angeles,USA,Gaming Headset,Electronics,SoundWave,50,200,Back to School,1/8/23,31/8/23,TV,15000,Families,200,12
1382,2023-10-30,C004,P106,6,MC004,Bob Wilson,Houston,USA,Keyboard,Electronics,TechGear,110,1000,Black Friday,24/11/23,27/11/23,Multi-channel,25000,All Customers,660,10
1383,2023-10-16,C009,P105,5,MC002,Isabella Tanaka,Chicago,USA,Smart Watch,Electronics,TechGear,25,200,Summer Clearance,15/6/23,30/6/23,Social Media,7500,Gold Tier,125,10
1384,2023-07-15,C001,P101,1,MC003,John Doe,New York,USA,Wireless Mouse,Electronics,TechGear,20,500,Back to School,1/8/23,31/8/23,TV,15000,Families,20,7
1385,2023-12-16,C013,P110,3,MC003,Amelia Gupta,Houston,USA,Briefcase,Accessories,ProtectPro,120,900,Back to School,1/8/23,31/8/23,TV,15000,Families,360,12
1386,2023-02-19,C030,P114,4,MC004,Andrew Ivanov,Miami,USA,Suitcase,Accessories,ProtectPro,120,1100,Black Friday,24/11/23,27/11/23,Multi-channel,25000,All Customers,480,2
1387,2023-03-10,C033,P113,6,MC003,Lily Sørensen,New York,USA,Bluetooth Headphones Charger,Electronics,CableMax,150,300,Back to School,1/8/23,31/8/23,TV,15000,Families,900,3
1388,2023-02-03,C012,P118,4,MC005,James Choi,Chicago,USA,External Microphone,Electronics,TechGear,60,1400,Holiday Special,10/12/23,24/12/23,Email + Social Media,10000,Silver and Gold Tiers,240,2
1389,2023-05-26,C024,P103,8,MC001,Samuel Kim,Chicago,USA,USB-C Cable,Accessories,CableMax,15,1000,Spring Sale,1/3/23,15/3/23,Email,5000,All Customers,120,5
1390,2023-10-12,C028,P111,9,MC003,Joseph Mendoza,New York,USA,Backpack,Accessories,ProtectPro,30,1300,Back to School,1/8/23,31/8/23,TV,15000,Families,270,10
1391,2023-07-14,C030,P110,4,MC002,Andrew Ivanov,Miami,USA,Briefcase,Accessories,ProtectPro,120,900,Summer Clearance,15/6/23,30/6/23,Social Media,7500,Gold Tier,480,7
1392,2023-04-27,C023,P105,10,MC002,Elizabeth Novak,Miami,USA,Smart Watch,Electronics,TechGear,25,200,Summer Clearance,15/6/23,30/6/23,Social Media,7500,Gold Tier,250,4
1393,2023-09-11,C024,P112,1,MC003,Samuel Kim,Chicago,USA,Desk Chair,Accessories,TechGear,40,500,Back to School,1/8/23,31/8/23,TV,15000,Families,40,9
1394,2023-07-14,C047,P119,7,MC003,Leah Fontaine,Miami,USA,Adapter,Electronics,CableMax,40,800,Back to School,1/8/23,31/8/23,TV,15000,Families,280,7
1395,2023-11-29,C028,P102,2,MC003,Joseph Mendoza,New York,USA,Bluetooth Headphones,Electronics,SoundWave,30,300,Back to School,1/8/23,31/8/23,TV,15000,Families,60,11
1396,2023-09-29,C020,P106,6,MC002,Michael Andersen,Houston,USA,Keyboard,Electronics,TechGear,110,1000,Summer Clearance,15/6/23,30/6/23,Social Media,7500,Gold Tier,660,9
1397,2023-10-09,C005,P102,10,MC001,Emma Brown,Miami,USA,Bluetooth Headphones,Electronics,SoundWave,30,300,Spring Sale,1/3/23,15/3/23,Email,5000,All Customers,300,10
1398,2023-08-17,C044,P120,1,MC003,Gabriel Santos,Los Angeles,USA,Keyboard Mousepad,Accessories,TechGear,50,400,Back to School,1/8/23,31/8/23,TV,15000,Families,50,8
1399,2023-06-14,C038,P111,7,MC003,Thomas Sanchez,Houston,USA,Backpack,Accessories,ProtectPro,30,1300,Back to School,1/8/23,31/8/23,TV,15000,Families,210,6
1400,2023-07-30,C024,P118,4,MC003,Samuel Kim,Chicago,USA,External Microphone,Electronics,TechGear,60,1400,Back to School,1/8/23,31/8/23,TV,15000,Families,240,7
1401,2023-01-08,C037,P114,4,MC003,Victoria Kozlov,Chicago,USA,Suitcase,Accessories,ProtectPro,120,1100,Back to School,1/8/23,31/8/23,TV,15000,Families,480,1
1402,2023-04-18,C025,P119,3,MC002,Sofia Petrov,Los Angeles,USA,Adapter,Electronics,CableMax,40,800,Summer Clearance,15/6/23,30/6/23,Social Media,7500,Gold Tier,120,4
1403,2023-08-12,C028,P107,3,MC005,Joseph Mendoza,New York,USA,Standing Desk,Accessories,SoundWave,140,1100,Holiday Special,10/12/23,24/12/23,Email + Social Media,10000,Silver and Gold Tiers,420,8
1404,2023-05-05,C029,P113,8,MC001,Chloe Dubois,Miami,USA,Bluetooth Headphones Charger,Electronics,CableMax,150,300,Spring Sale,1/3/23,15/3/23,Email,5000,All Customers,1200,5
1405,2023-01-06,C024,P116,10,MC004,Samuel Kim,Chicago,USA,Cleanup Kit,Accessories,TechGear,20,1300,Black Friday,24/11/23,27/11/23,Multi-channel,25000,All Customers,200,1
1406,2023-03-06,C039,P103,7,MC004,Penelope Cheng,Los Angeles,USA,USB-C Cable,Accessories,CableMax,15,1000,Black Friday,24/11/23,27/11/23,Multi-channel,25000,All Customers,105,3
1407,2023-06-12,C020,P106,3,MC001,Michael Andersen,Houston,USA,Keyboard,Electronics,TechGear,110,1000,Spring Sale,1/3/23,15/3/23,Email,5000,All Customers,330,6
1408,2023-08-03,C038,P112,10,MC001,Thomas Sanchez,Houston,USA,Desk Chair,Accessories,TechGear,40,500,Spring Sale,1/3/23,15/3/23,Email,5000,All Customers,400,8
1409,2023-06-25,C026,P101,4,MC003,David Okafor,Los Angeles,USA,Wireless Mouse,Electronics,TechGear,20,500,Back to School,1/8/23,31/8/23,TV,15000,Families,80,6
1410,2023-10-07,C028,P110,4,MC002,Joseph Mendoza,New York,USA,Briefcase,Accessories,ProtectPro,120,900,Summer Clearance,15/6/23,30/6/23,Social Media,7500,Gold Tier,480,10
1411,2023-01-04,C023,P110,3,MC005,Elizabeth Novak,Miami,USA,Briefcase,Accessories,ProtectPro,120,900,Holiday Special,10/12/23,24/12/23,Email + Social Media,10000,Silver and Gold Tiers,360,1
1412,2023-09-05,C045,P107,9,MC001,Nora Zimmerman,Houston,USA,Standing Desk,Accessories,SoundWave,140,1100,Spring Sale,1/3/23,15/3/23,Email,5000,All Customers,1260,9
1413,2023-10-12,C040,P102,6,MC001,Jack O'Brien,Miami,USA,Bluetooth Headphones,Electronics,SoundWave,30,300,Spring Sale,1/3/23,15/3/23,Email,5000,All Customers,180,10
1414,2023-01-10,C019,P117,8,MC003,Abigail Nakamura,Chicago,USA,Bluetooth Speaker,Electronics,SoundWave,140,200,Back to School,1/8/23,31/8/23,TV,15000,Families,1120,1
1415,2023-06-04,C015,P115,10,MC002,Harper Singh,Houston,USA,Gaming Headset,Electronics,SoundWave,50,200,Summer Clearance,15/6/23,30/6/23,Social Media,7500,Gold Tier,500,6
1416,2023-04-25,C049,P108,8,MC005,Mila Popovic,Los Angeles,USA,Computer Case,Accessories,ProtectPro,110,500,Holiday Special,10/12/23,24/12/23,Email + Social Media,10000,Silver and Gold Tiers,880,4
1417,2024-01-01,C001,P105,4,MC005,John Doe,New York,USA,Smart Watch,Electronics,TechGear,25,200,Holiday Special,10/12/23,24/12/23,Email + Social Media,10000,Silver and Gold Tiers,100,1
1418,2023-03-20,C040,P103,9,MC005,Jack O'Brien,Miami,USA,USB-C Cable,Accessories,CableMax,15,1000,Holiday Special,10/12/23,24/12/23,Email + Social Media,10000,Silver and Gold Tiers,135,3
1419,2023-04-11,C020,P108,6,MC003,Michael Andersen,Houston,USA,Computer Case,Accessories,ProtectPro,110,500,Back to School,1/8/23,31/8/23,TV,15000,Families,660,4
1420,2023-05-03,C004,P112,1,MC004,Bob Wilson,Houston,USA,Desk Chair,Accessories,TechGear,40,500,Black Friday,24/11/23,27/11/23,Multi-channel,25000,All Customers,40,5
1421,2023-01-02,C016,P118,7,MC005,Lucas Morales,Los Angeles,USA,External Microphone,Electronics,TechGear,60,1400,Holiday Special,10/12/23,24/12/23,Email + Social Media,10000,Silver and Gold Tiers,420,1
1422,2023-10-25,C050,P119,6,MC002,Caleb Reyes,Houston,USA,Adapter,Electronics,CableMax,40,800,Summer Clearance,15/6/23,30/6/23,Social Media,7500,Gold Tier,240,10
1423,2023-10-27,C003,P119,3,MC002,Alice Johnson,Chicago,USA,Adapter,Electronics,CableMax,40,800,Summer Clearance,15/6/23,30/6/23,Social Media,7500,Gold Tier,120,10
1424,2023-04-21,C047,P111,3,MC004,Leah Fontaine,Miami,USA,Backpack,Accessories,ProtectPro,30,1300,Black Friday,24/11/23,27/11/23,Multi-channel,25000,All Customers,90,4
1425,2023-03-04,C038,P103,6,MC005,Thomas Sanchez,Houston,USA,USB-C Cable,Accessories,CableMax,15,1000,Holiday Special,10/12/23,24/12/23,Email + Social Media,10000,Silver and Gold Tiers,90,3
1426,2023-12-16,C021,P111,4,MC005,Emily Schwartz,Los Angeles,USA,Backpack,Accessories,ProtectPro,30,1300,Holiday Special,10/12/23,24/12/23,Email + Social Media,10000,Silver and Gold Tiers,120,12
1427,2023-08-15,C025,P105,4,MC004,Sofia Petrov,Los Angeles,USA,Smart Watch,Electronics,TechGear,25,200,Black Friday,24/11/23,27/11/23,Multi-channel,25000,All Customers,100,8
1428,2023-03-28,C003,P112,9,MC004,Alice Johnson,Chicago,USA,Desk Chair,Accessories,TechGear,40,500,Black Friday,24/11/23,27/11/23,Multi-channel,25000,All Customers,360,3
1429,2023-12-22,C012,P119,5,MC004,James Choi,Chicago,USA,Adapter,Electronics,CableMax,40,800,Black Friday,24/11/23,27/11/23,Multi-channel,25000,All Customers,200,12
1430,2023-03-05,C002,P107,9,MC003,Jane Smith,Los Angeles,USA,Standing Desk,Accessories,SoundWave,140,1100,Back to School,1/8/23,31/8/23,TV,15000,Families,1260,3
1431,2023-06-25,C030,P101,9,MC003,Andrew Ivanov,Miami,USA,Wireless Mouse,Electronics,TechGear,20,500,Back to School,1/8/23,31/8/23,TV,15000,Families,180,6
1432,2023-08-29,C030,P119,4,MC004,Andrew Ivanov,Miami,USA,Adapter,Electronics,CableMax,40,800,Black Friday,24/11/23,27/11/23,Multi-channel,25000,All Customers,160,8
1433,2023-10-09,C048,P108,9,MC004,Dylan Suzuki,New York,USA,Computer Case,Accessories,ProtectPro,110,500,Black Friday,24/11/23,27/11/23,Multi-channel,25000,All Customers,990,10
1434,2023-04-23,C011,P104,2,MC001,Charlotte Hoffman,New York,USA,Phone Case,Accessories,ProtectPro,10,800,Spring Sale,1/3/23,15/3/23,Email,5000,All Customers,20,4
1435,2023-06-12,C043,P103,7,MC001,Hannah Eriksson,New York,USA,USB-C Cable,Accessories,CableMax,15,1000,Spring Sale,1/3/23,15/3/23,Email,5000,All Customers,105,6
1436,2023-10-10,C034,P119,7,MC001,Matthew Gonzalez,Houston,USA,Adapter,Electronics,CableMax,40,800,Spring Sale,1/3/23,15/3/23,Email,5000,All Customers,280,10
1437,2023-02-01,C019,P110,6,MC003,Abigail Nakamura,Chicago,USA,Briefcase,Accessories,ProtectPro,120,900,Back to School,1/8/23,31/8/23,TV,15000,Families,720,2
1438,2023-03-28,C043,P109,5,MC003,Hannah Eriksson,New York,USA,Laptop,Electronics,TechGear,20,200,Back to School,1/8/23,31/8/23,TV,15000,Families,100,3
1439,2023-12-22,C046,P102,4,MC004,Isaac Nkosi,Houston,USA,Bluetooth Headphones,Electronics,SoundWave,30,300,Black Friday,24/11/23,27/11/23,Multi-channel,25000,All Customers,120,12
1440,2023-01-19,C002,P118,7,MC001,Jane Smith,Los Angeles,USA,External Microphone,Electronics,TechGear,60,1400,Spring Sale,1/3/23,15/3/23,Email,5000,All Customers,420,1
1441,2023-10-03,C035,P107,2,MC005,Scarlett Watanabe,Los Angeles,USA,Standing Desk,Accessories,SoundWave,140,1100,Holiday Special,10/12/23,24/12/23,Email + Social Media,10000,Silver and Gold Tiers,280,10
1442,2023-05-03,C020,P106,3,MC005,Michael Andersen,Houston,USA,Keyboard,Electronics,TechGear,110,1000,Holiday Special,10/12/23,24/12/23,Email + Social Media,10000,Silver and Gold Tiers,330,5
1443,2023-09-16,C050,P106,3,MC005,Caleb Reyes,Houston,USA,Keyboard,Electronics,TechGear,110,1000,Holiday Special,10/12/23,24/12/23,Email + Social Media,10000,Silver and Gold Tiers,330,9
1444,2023-07-14,C015,P103,10,MC001,Harper Singh,Houston,USA,USB-C Cable,Accessories,CableMax,15,1000,Spring Sale,1/3/23,15/3/23,Email,5000,All Customers,150,7
1445,2023-10-20,C042,P101,8,MC002,Owen Takahashi,New York,USA,Wireless Mouse,Electronics,TechGear,20,500,Summer Clearance,15/6/23,30/6/23,Social Media,7500,Gold Tier,160,10
1446,2023-12-12,C025,P106,8,MC002,Sofia Petrov,Los Angeles,USA,Keyboard,Electronics,TechGear,110,1000,Summer Clearance,15/6/23,30/6/23,Social Media,7500,Gold Tier,880,12
1447,2023-02-09,C039,P102,6,MC004,Penelope Cheng,Los Angeles,USA,Bluetooth Headphones,Electronics,SoundWave,30,300,Black Friday,24/11/23,27/11/23,Multi-channel,25000,All Customers,180,2
1448,2023-02-04,C038,P109,3,MC001,Thomas Sanchez,Houston,USA,Laptop,Electronics,TechGear,20,200,Spring Sale,1/3/23,15/3/23,Email,5000,All Customers,60,2
1449,2023-11-22,C028,P115,8,MC002,Joseph Mendoza,New York,USA,Gaming Headset,Electronics,SoundWave,50,200,Summer Clearance,15/6/23,30/6/23,Social Media,7500,Gold Tier,400,11
1450,2023-10-27,C044,P108,1,MC002,Gabriel Santos,Los Angeles,USA,Computer Case,Accessories,ProtectPro,110,500,Summer Clearance,15/6/23,30/6/23,Social Media,7500,Gold Tier,110,10
1451,2023-06-13,C011,P120,1,MC001,Charlotte Hoffman,New York,USA,Keyboard Mousepad,Accessories,TechGear,50,400,Spring Sale,1/3/23,15/3/23,Email,5000,All Customers,50,6
1452,2024-01-01,C035,P117,2,MC001,Scarlett Watanabe,Los Angeles,USA,Bluetooth Speaker,Electronics,SoundWave,140,200,Spring Sale,1/3/23,15/3/23,Email,5000,All Customers,280,1
1453,2023-09-13,C020,P101,5,MC003,Michael Andersen,Houston,USA,Wireless Mouse,Electronics,TechGear,20,500,Back to School,1/8/23,31/8/23,TV,15000,Families,100,9
1454,2023-03-01,C039,P113,8,MC001,Penelope Cheng,Los Angeles,USA,Bluetooth Headphones Charger,Electronics,CableMax,150,300,Spring Sale,1/3/23,15/3/23,Email,5000,All Customers,1200,3
1455,2023-12-17,C024,P119,1,MC005,Samuel Kim,Chicago,USA,Adapter,Electronics,CableMax,40,800,Holiday Special,10/12/23,24/12/23,Email + Social Media,10000,Silver and Gold Tiers,40,12
1456,2023-10-04,C049,P107,2,MC002,Mila Popovic,Los Angeles,USA,Standing Desk,Accessories,SoundWave,140,1100,Summer Clearance,15/6/23,30/6/23,Social Media,7500,Gold Tier,280,10
1457,2023-09-07,C008,P101,4,MC004,Mason Fitzgerald,Houston,USA,Wireless Mouse,Electronics,TechGear,20,500,Black Friday,24/11/23,27/11/23,Multi-channel,25000,All Customers,80,9
1458,2023-04-20,C041,P112,5,MC002,Audrey Kuznetsov,Miami,USA,Desk Chair,Accessories,TechGear,40,500,Summer Clearance,15/6/23,30/6/23,Social Media,7500,Gold Tier,200,4
1459,2023-11-15,C048,P107,7,MC003,Dylan Suzuki,New York,USA,Standing Desk,Accessories,SoundWave,140,1100,Back to School,1/8/23,31/8/23,TV,15000,Families,980,11
1460,2023-12-23,C017,P106,8,MC002,Evelyn Kovalenko,Houston,USA,Keyboard,Electronics,TechGear,110,1000,Summer Clearance,15/6/23,30/6/23,Social Media,7500,Gold Tier,880,12
1461,2023-06-28,C037,P118,10,MC003,Victoria Kozlov,Chicago,USA,External Microphone,Electronics,TechGear,60,1400,Back to School,1/8/23,31/8/23,TV,15000,Families,600,6
1462,2023-11-24,C044,P110,1,MC005,Gabriel Santos,Los Angeles,USA,Briefcase,Accessories,ProtectPro,120,900,Holiday Special,10/12/23,24/12/23,Email + Social Media,10000,Silver and Gold Tiers,120,11
1463,2023-03-24,C014,P120,8,MC003,Benjamin Larsson,Los Angeles,USA,Keyboard Mousepad,Accessories,TechGear,50,400,Back to School,1/8/23,31/8/23,TV,15000,Families,400,3
1464,2023-05-11,C017,P107,3,MC001,Evelyn Kovalenko,Houston,USA,Standing Desk,Accessories,SoundWave,140,1100,Spring Sale,1/3/23,15/3/23,Email,5000,All Customers,420,5
1465,2023-05-13,C037,P120,1,MC001,Victoria Kozlov,Chicago,USA,Keyboard Mousepad,Accessories,TechGear,50,400,Spring Sale,1/3/23,15/3/23,Email,5000,All Customers,50,5
1466,2023-07-27,C025,P107,3,MC003,Sofia Petrov,Los Angeles,USA,Standing Desk,Accessories,SoundWave,140,1100,Back to School,1/8/23,31/8/23,TV,15000,Families,420,7
1467,2023-03-08,C045,P109,5,MC003,Nora Zimmerman,Houston,USA,Laptop,Electronics,TechGear,20,200,Back to School,1/8/23,31/8/23,TV,15000,Families,100,3
1468,2023-09-14,C002,P119,8,MC005,Jane Smith,Los Angeles,USA,Adapter,Electronics,CableMax,40,800,Holiday Special,10/12/23,24/12/23,Email + Social Media,10000,Silver and Gold Tiers,320,9
1469,2023-01-29,C027,P102,9,MC002,Grace Yamamoto,Chicago,USA,Bluetooth Headphones,Electronics,SoundWave,30,300,Summer Clearance,15/6/23,30/6/23,Social Media,7500,Gold Tier,270,1
1470,2023-05-23,C010,P112,2,MC004,William Diaz,New York,USA,Desk Chair,Accessories,TechGear,40,500,Black Friday,24/11/23,27/11/23,Multi-channel,25000,All Customers,80,5
1471,2023-06-18,C002,P107,4,MC005,Jane Smith,Los Angeles,USA,Standing Desk,Accessories,SoundWave,140,1100,Holiday Special,10/12/23,24/12/23,Email + Social Media,10000,Silver and Gold Tiers,560,6
1472,2023-02-06,C006,P107,6,MC004,Noah Chen,Los Angeles,USA,Standing Desk,Accessories,SoundWave,140,1100,Black Friday,24/11/23,27/11/23,Multi-channel,25000,All Customers,840,2
1473,2023-08-27,C009,P119,10,MC004,Isabella Tanaka,Chicago,USA,Adapter,Electronics,CableMax,40,800,Black Friday,24/11/23,27/11/23,Multi-channel,25000,All Customers,400,8
1474,2023-11-18,C003,P116,5,MC001,Alice Johnson,Chicago,USA,Cleanup Kit,Accessories,TechGear,20,1300,Spring Sale,1/3/23,15/3/23,Email,5000,All Customers,100,11
1475,2023-07-02,C045,P115,5,MC001,Nora Zimmerman,Houston,USA,Gaming Headset,Electronics,SoundWave,50,200,Spring Sale,1/3/23,15/3/23,Email,5000,All Customers,250,7
1476,2023-08-13,C030,P105,3,MC005,Andrew Ivanov,Miami,USA,Smart Watch,Electronics,TechGear,25,200,Holiday Special,10/12/23,24/12/23,Email + Social Media,10000,Silver and Gold Tiers,75,8
1477,2023-07-24,C028,P104,4,MC001,Joseph Mendoza,New York,USA,Phone Case,Accessories,ProtectPro,10,800,Spring Sale,1/3/23,15/3/23,Email,5000,All Customers,40,7
1478,2023-07-11,C050,P102,6,MC003,Caleb Reyes,Houston,USA,Bluetooth Headphones,Electronics,SoundWave,30,300,Back to School,1/8/23,31/8/23,TV,15000,Families,180,7
1479,2023-04-02,C004,P118,8,MC004,Bob Wilson,Houston,USA,External Microphone,Electronics,TechGear,60,1400,Black Friday,24/11/23,27/11/23,Multi-channel,25000,All Customers,480,4
1480,2023-07-29,C003,P102,8,MC002,Alice Johnson,Chicago,USA,Bluetooth Headphones,Electronics,SoundWave,30,300,Summer Clearance,15/6/23,30/6/23,Social Media,7500,Gold Tier,240,7
1481,2023-02-19,C013,P119,2,MC003,Amelia Gupta,Houston,USA,Adapter,Electronics,CableMax,40,800,Back to School,1/8/23,31/8/23,TV,15000,Families,80,2
1482,2023-11-06,C011,P105,8,MC005,Charlotte Hoffman,New York,USA,Smart Watch,Electronics,TechGear,25,200,Holiday Special,10/12/23,24/12/23,Email + Social Media,10000,Silver and Gold Tiers,200,11
1483,2023-07-21,C013,P119,7,MC001,Amelia Gupta,Houston,USA,Adapter,Electronics,CableMax,40,800,Spring Sale,1/3/23,15/3/23,Email,5000,All Customers,280,7
1484,2023-08-07,C035,P111,3,MC004,Scarlett Watanabe,Los Angeles,USA,Backpack,Accessories,ProtectPro,30,1300,Black Friday,24/11/23,27/11/23,Multi-channel,25000,All Customers,90,8
1485,2023-03-25,C010,P110,6,MC003,William Diaz,New York,USA,Briefcase,Accessories,ProtectPro,120,900,Back to School,1/8/23,31/8/23,TV,15000,Families,720,3
1486,2023-05-28,C025,P116,4,MC002,Sofia Petrov,Los Angeles,USA,Cleanup Kit,Accessories,TechGear,20,1300,Summer Clearance,15/6/23,30/6/23,Social Media,7500,Gold Tier,80,5
1487,2023-01-01,C015,P110,7,MC002,Harper Singh,Houston,USA,Briefcase,Accessories,ProtectPro,120,900,Summer Clearance,15/6/23,30/6/23,Social Media,7500,Gold Tier,840,1
1488,2023-05-19,C018,P119,7,MC004,Alexander Rossi,New York,USA,Adapter,Electronics,CableMax,40,800,Black Friday,24/11/23,27/11/23,Multi-channel,25000,All Customers,280,5
1489,2023-12-09,C016,P119,9,MC002,Lucas Morales,Los Angeles,USA,Adapter,Electronics,CableMax,40,800,Summer Clearance,15/6/23,30/6/23,Social Media,7500,Gold Tier,360,12
1490,2023-01-01,C037,P111,4,MC002,Victoria Kozlov,Chicago,USA,Backpack,Accessories,ProtectPro,30,1300,Summer Clearance,15/6/23,30/6/23,Social Media,7500,Gold Tier,120,1
1491,2023-04-30,C047,P108,6,MC005,Leah Fontaine,Miami,USA,Computer Case,Accessories,ProtectPro,110,500,Holiday Special,10/12/23,24/12/23,Email + Social Media,10000,Silver and Gold Tiers,660,4
1492,2023-09-15,C020,P110,9,MC001,Michael Andersen,Houston,USA,Briefcase,Accessories,ProtectPro,120,900,Spring Sale,1/3/23,15/3/23,Email,5000,All Customers,1080,9
1493,2023-07-20,C016,P110,1,MC004,Lucas Morales,Los Angeles,USA,Briefcase,Accessories,ProtectPro,120,900,Black Friday,24/11/23,27/11/23,Multi-channel,25000,All Customers,120,7
1494,2023-05-27,C022,P116,7,MC003,Daniel Fernandez,Chicago,USA,Cleanup Kit,Accessories,TechGear,20,1300,Back to School,1/8/23,31/8/23,TV,15000,Families,140,5
1495,2023-01-09,C049,P119,5,MC004,Mila Popovic,Los Angeles,USA,Adapter,Electronics,CableMax,40,800,Black Friday,24/11/23,27/11/23,Multi-channel,25000,All Customers,200,1
1496,2023-02-18,C010,P111,6,MC001,William Diaz,New York,USA,Backpack,Accessories,ProtectPro,30,1300,Spring Sale,1/3/23,15/3/23,Email,5000,All Customers,180,2
1497,2023-04-23,C031,P119,10,MC001,Zoe Ramirez,Miami,USA,Adapter,Electronics,CableMax,40,800,Spring Sale,1/3/23,15/3/23,Email,5000,All Customers,400,4
1498,2023-08-28,C012,P114,2,MC002,James Choi,Chicago,USA,Suitcase,Accessories,ProtectPro,120,1100,Summer Clearance,15/6/23,30/6/23,Social Media,7500,Gold Tier,240,8
1499,2023-06-11,C017,P116,1,MC001,Evelyn Kovalenko,Houston,USA,Cleanup Kit,Accessories,TechGear,20,1300,Spring Sale,1/3/23,15/3/23,Email,5000,All Customers,20,6
1500,2023-06-25,C040,P109,8,MC005,Jack O'Brien,Miami,USA,Laptop,Electronics,TechGear,20,200,Holiday Special,10/12/23,24/12/23,Email + Social Media,10000,Silver and Gold Tiers,160,6
1501,2023-08-12,C021,P116,2,MC003,Emily Schwartz,Los Angeles,USA,Cleanup Kit,Accessories,TechGear,20,1300,Back to School,1/8/23,31/8/23,TV,15000,Families,40,8
1502,2023-08-18,C020,P106,1,MC004,Michael Andersen,Houston,USA,Keyboard,Electronics,TechGear,110,1000,Black Friday,24/11/23,27/11/23,Multi-channel,25000,All Customers,110,8
1503,2023-11-15,C014,P116,8,MC001,Benjamin Larsson,Los Angeles,USA,Cleanup Kit,Accessories,TechGear,20,1300,Spring Sale,1/3/23,15/3/23,Email,5000,All Customers,160,11
1504,2023-11-17,C037,P108,8,MC002,Victoria Kozlov,Chicago,USA,Computer Case,Accessories,ProtectPro,110,500,Summer Clearance,15/6/23,30/6/23,Social Media,7500,Gold Tier,880,11
1505,2023-02-14,C022,P107,10,MC004,Daniel Fernandez,Chicago,USA,Standing Desk,Accessories,SoundWave,140,1100,Black Friday,24/11/23,27/11/23,Multi-channel,25000,All Customers,1400,2
1506,2023-07-20,C012,P110,3,MC001,James Choi,Chicago,USA,Briefcase,Accessories,ProtectPro,120,900,Spring Sale,1/3/23,15/3/23,Email,5000,All Customers,360,7
1507,2023-02-10,C026,P104,6,MC002,David Okafor,Los Angeles,USA,Phone Case,Accessories,ProtectPro,10,800,Summer Clearance,15/6/23,30/6/23,Social Media,7500,Gold Tier,60,2
1508,2023-10-22,C001,P107,8,MC001,John Doe,New York,USA,Standing Desk,Accessories,SoundWave,140,1100,Spring Sale,1/3/23,15/3/23,Email,5000,All Customers,1120,10
1509,2023-05-04,C039,P102,6,MC005,Penelope Cheng,Los Angeles,USA,Bluetooth Headphones,Electronics,SoundWave,30,300,Holiday Special,10/12/23,24/12/23,Email + Social Media,10000,Silver and Gold Tiers,180,5
1510,2023-05-16,C007,P111,9,MC004,Ava Kowalski,Chicago,USA,Backpack,Accessories,ProtectPro,30,1300,Black Friday,24/11/23,27/11/23,Multi-channel,25000,All Customers,270,5
1511,2023-02-14,C048,P116,3,MC004,Dylan Suzuki,New York,USA,Cleanup Kit,Accessories,TechGear,20,1300,Black Friday,24/11/23,27/11/23,Multi-channel,25000,All Customers,60,2
1512,2023-05-14,C010,P103,4,MC001,William Diaz,New York,USA,USB-C Cable,Accessories,CableMax,15,1000,Spring Sale,1/3/23,15/3/23,Email,5000,All Customers,60,5
1513,2023-06-17,C035,P106,3,MC002,Scarlett Watanabe,Los Angeles,USA,Keyboard,Electronics,TechGear,110,1000,Summer Clearance,15/6/23,30/6/23,Social Media,7500,Gold Tier,330,6
1514,2023-11-10,C030,P105,6,MC001,Andrew Ivanov,Miami,USA,Smart Watch,Electronics,TechGear,25,200,Spring Sale,1/3/23,15/3/23,Email,5000,All Customers,150,11
1515,2023-01-25,C048,P102,6,MC001,Dylan Suzuki,New York,USA,Bluetooth Headphones,Electronics,SoundWave,30,300,Spring Sale,1/3/23,15/3/23,Email,5000,All Customers,180,1
1516,2023-12-22,C030,P106,10,MC004,Andrew Ivanov,Miami,USA,Keyboard,Electronics,TechGear,110,1000,Black Friday,24/11/23,27/11/23,Multi-channel,25000,All Customers,1100,12
1517,2023-07-25,C040,P107,9,MC002,Jack O'Brien,Miami,USA,Standing Desk,Accessories,SoundWave,140,1100,Summer Clearance,15/6/23,30/6/23,Social Media,7500,Gold Tier,1260,7
1518,2023-02-11,C013,P103,2,MC005,Amelia Gupta,Houston,USA,USB-C Cable,Accessories,CableMax,15,1000,Holiday Special,10/12/23,24/12/23,Email + Social Media,10000,Silver and Gold Tiers,30,2
1519,2023-09-20,C029,P111,5,MC005,Chloe Dubois,Miami,USA,Backpack,Accessories,ProtectPro,30,1300,Holiday Special,10/12/23,24/12/23,Email + Social Media,10000,Silver and Gold Tiers,150,9
1520,2023-02-21,C018,P104,6,MC001,Alexander Rossi,New York,USA,Phone Case,Accessories,ProtectPro,10,800,Spring Sale,1/3/23,15/3/23,Email,5000,All Customers,60,2
1521,2023-09-01,C029,P119,7,MC002,Chloe Dubois,Miami,USA,Adapter,Electronics,CableMax,40,800,Summer Clearance,15/6/23,30/6/23,Social Media,7500,Gold Tier,280,9
1522,2023-06-24,C033,P108,6,MC005,Lily Sørensen,New York,USA,Computer Case,Accessories,ProtectPro,110,500,Holiday Special,10/12/23,24/12/23,Email + Social Media,10000,Silver and Gold Tiers,660,6
1523,2023-11-21,C040,P119,7,MC002,Jack O'Brien,Miami,USA,Adapter,Electronics,CableMax,40,800,Summer Clearance,15/6/23,30/6/23,Social Media,7500,Gold Tier,280,11
1524,2023-01-07,C001,P108,9,MC004,John Doe,New York,USA,Computer Case,Accessories,ProtectPro,110,500,Black Friday,24/11/23,27/11/23,Multi-channel,25000,All Customers,990,1
1525,2023-07-23,C040,P106,9,MC004,Jack O'Brien,Miami,USA,Keyboard,Electronics,TechGear,110,1000,Black Friday,24/11/23,27/11/23,Multi-channel,25000,All Customers,990,7
1526,2023-11-03,C040,P110,6,MC001,Jack O'Brien,Miami,USA,Briefcase,Accessories,ProtectPro,120,900,Spring Sale,1/3/23,15/3/23,Email,5000,All Customers,720,11
1527,2023-06-03,C011,P103,9,MC002,Charlotte Hoffman,New York,USA,USB-C Cable,Accessories,CableMax,15,1000,Summer Clearance,15/6/23,30/6/23,Social Media,7500,Gold Tier,135,6
1528,2023-01-20,C021,P106,2,MC002,Emily Schwartz,Los Angeles,USA,Keyboard,Electronics,TechGear,110,1000,Summer Clearance,15/6/23,30/6/23,Social Media,7500,Gold Tier,220,1
1529,2023-08-13,C001,P105,7,MC003,John Doe,New York,USA,Smart Watch,Electronics,TechGear,25,200,Back to School,1/8/23,31/8/23,TV,15000,Families,175,8
1530,2023-04-02,C028,P104,2,MC005,Joseph Mendoza,New York,USA,Phone Case,Accessories,ProtectPro,10,800,Holiday Special,10/12/23,24/12/23,Email + Social Media,10000,Silver and Gold Tiers,20,4
1531,2023-09-22,C034,P107,6,MC002,Matthew Gonzalez,Houston,USA,Standing Desk,Accessories,SoundWave,140,1100,Summer Clearance,15/6/23,30/6/23,Social Media,7500,Gold Tier,840,9
1532,2023-04-07,C045,P115,10,MC004,Nora Zimmerman,Houston,USA,Gaming Headset,Electronics,SoundWave,50,200,Black Friday,24/11/23,27/11/23,Multi-channel,25000,All Customers,500,4
1533,2023-06-17,C024,P111,5,MC001,Samuel Kim,Chicago,USA,Backpack,Accessories,ProtectPro,30,1300,Spring Sale,1/3/23,15/3/23,Email,5000,All Customers,150,6
1534,2023-03-27,C015,P106,2,MC002,Harper Singh,Houston,USA,Keyboard,Electronics,TechGear,110,1000,Summer Clearance,15/6/23,30/6/23,Social Media,7500,Gold Tier,220,3
1535,2023-04-05,C003,P116,2,MC005,Alice Johnson,Chicago,USA,Cleanup Kit,Accessories,TechGear,20,1300,Holiday Special,10/12/23,24/12/23,Email + Social Media,10000,Silver and Gold Tiers,40,4
1536,2023-03-31,C033,P107,7,MC002,Lily Sørensen,New York,USA,Standing Desk,Accessories,SoundWave,140,1100,Summer Clearance,15/6/23,30/6/23,Social Media,7500,Gold Tier,980,3
1537,2023-10-27,C030,P107,10,MC004,Andrew Ivanov,Miami,USA,Standing Desk,Accessories,SoundWave,140,1100,Black Friday,24/11/23,27/11/23,Multi-channel,25000,All Customers,1400,10
1538,2023-03-27,C014,P118,5,MC001,Benjamin Larsson,Los Angeles,USA,External Microphone,Electronics,TechGear,60,1400,Spring Sale,1/3/23,15/3/23,Email,5000,All Customers,300,3
1539,2023-08-22,C033,P101,9,MC002,Lily Sørensen,New York,USA,Wireless Mouse,Electronics,TechGear,20,500,Summer Clearance,15/6/23,30/6/23,Social Media,7500,Gold Tier,180,8
1540,2023-07-07,C038,P120,10,MC001,Thomas Sanchez,Houston,USA,Keyboard Mousepad,Accessories,TechGear,50,400,Spring Sale,1/3/23,15/3/23,Email,5000,All Customers,500,7
1541,2023-11-10,C042,P114,3,MC003,Owen Takahashi,New York,USA,Suitcase,Accessories,ProtectPro,120,1100,Back to School,1/8/23,31/8/23,TV,15000,Families,360,11
1542,2023-10-23,C013,P107,6,MC002,Amelia Gupta,Houston,USA,Standing Desk,Accessories,SoundWave,140,1100,Summer Clearance,15/6/23,30/6/23,Social Media,7500,Gold Tier,840,10
1543,2023-12-11,C001,P108,6,MC005,John Doe,New York,USA,Computer Case,Accessories,ProtectPro,110,500,Holiday Special,10/12/23,24/12/23,Email + Social Media,10000,Silver and Gold Tiers,660,12
1544,2023-08-15,C004,P109,1,MC005,Bob Wilson,Houston,USA,Laptop,Electronics,TechGear,20,200,Holiday Special,10/12/23,24/12/23,Email + Social Media,10000,Silver and Gold Tiers,20,8
1545,2023-01-26,C043,P105,2,MC001,Hannah Eriksson,New York,USA,Smart Watch,Electronics,TechGear,25,200,Spring Sale,1/3/23,15/3/23,Email,5000,All Customers,50,1
1546,2023-01-29,C013,P103,1,MC001,Amelia Gupta,Houston,USA,USB-C Cable,Accessories,CableMax,15,1000,Spring Sale,1/3/23,15/3/23,Email,5000,All Customers,15,1
1547,2023-02-15,C010,P103,9,MC003,William Diaz,New York,USA,USB-C Cable,Accessories,CableMax,15,1000,Back to School,1/8/23,31/8/23,TV,15000,Families,135,2
1548,2023-11-21,C020,P103,3,MC005,Michael Andersen,Houston,USA,USB-C Cable,Accessories,CableMax,15,1000,Holiday Special,10/12/23,24/12/23,Email + Social Media,10000,Silver and Gold Tiers,45,11
1549,2023-06-11,C044,P107,5,MC003,Gabriel Santos,Los Angeles,USA,Standing Desk,Accessories,SoundWave,140,1100,Back to School,1/8/23,31/8/23,TV,15000,Families,700,6
1550,2023-08-11,C028,P117,7,MC001,Joseph Mendoza,New York,USA,Bluetooth Speaker,Electronics,SoundWave,140,200,Spring Sale,1/3/23,15/3/23,Email,5000,All Customers,980,8
1551,2023-05-31,C025,P107,7,MC002,Sofia Petrov,Los Angeles,USA,Standing Desk,Accessories,SoundWave,140,1100,Summer Clearance,15/6/23,30/6/23,Social Media,7500,Gold Tier,980,5
1552,2023-08-13,C038,P107,9,MC003,Thomas Sanchez,Houston,USA,Standing Desk,Accessories,SoundWave,140,1100,Back to School,1/8/23,31/8/23,TV,15000,Families,1260,8
1553,2023-10-06,C012,P107,6,MC003,James Choi,Chicago,USA,Standing Desk,Accessories,SoundWave,140,1100,Back to School,1/8/23,31/8/23,TV,15000,Families,840,10
1554,2023-02-20,C006,P114,8,MC001,Noah Chen,Los Angeles,USA,Suitcase,Accessories,ProtectPro,120,1100,Spring Sale,1/3/23,15/3/23,Email,5000,All Customers,960,2
1555,2023-07-11,C030,P116,7,MC001,Andrew Ivanov,Miami,USA,Cleanup Kit,Accessories,TechGear,20,1300,Spring Sale,1/3/23,15/3/23,Email,5000,All Customers,140,7
1556,2023-11-11,C006,P114,9,MC002,Noah Chen,Los Angeles,USA,Suitcase,Accessories,ProtectPro,120,1100,Summer Clearance,15/6/23,30/6/23,Social Media,7500,Gold Tier,1080,11
1557,2023-10-31,C020,P113,2,MC003,Michael Andersen,Houston,USA,Bluetooth Headphones Charger,Electronics,CableMax,150,300,Back to School,1/8/23,31/8/23,TV,15000,Families,300,10
1558,2023-02-03,C040,P106,4,MC003,Jack O'Brien,Miami,USA,Keyboard,Electronics,TechGear,110,1000,Back to School,1/8/23,31/8/23,TV,15000,Families,440,2
1559,2023-04-05,C030,P108,5,MC001,Andrew Ivanov,Miami,USA,Computer Case,Accessories,ProtectPro,110,500,Spring Sale,1/3/23,15/3/23,Email,5000,All Customers,550,4
1560,2023-10-27,C013,P102,6,MC001,Amelia Gupta,Houston,USA,Bluetooth Headphones,Electronics,SoundWave,30,300,Spring Sale,1/3/23,15/3/23,Email,5000,All Customers,180,10
1561,2023-11-05,C036,P111,10,MC004,Ryan Müller,Los Angeles,USA,Backpack,Accessories,ProtectPro,30,1300,Black Friday,24/11/23,27/11/23,Multi-channel,25000,All Customers,300,11
1562,2023-12-10,C015,P111,2,MC002,Harper Singh,Houston,USA,Backpack,Accessories,ProtectPro,30,1300,Summer Clearance,15/6/23,30/6/23,Social Media,7500,Gold Tier,60,12
1563,2023-05-07,C017,P111,4,MC002,Evelyn Kovalenko,Houston,USA,Backpack,Accessories,ProtectPro,30,1300,Summer Clearance,15/6/23,30/6/23,Social Media,7500,Gold Tier,120,5
1564,2023-05-19,C042,P101,4,MC002,Owen Takahashi,New York,USA,Wireless Mouse,Electronics,TechGear,20,500,Summer Clearance,15/6/23,30/6/23,Social Media,7500,Gold Tier,80,5
1565,2023-09-19,C031,P120,4,MC005,Zoe Ramirez,Miami,USA,Keyboard Mousepad,Accessories,TechGear,50,400,Holiday Special,10/12/23,24/12/23,Email + Social Media,10000,Silver and Gold Tiers,200,9
1566,2023-04-09,C016,P103,7,MC005,Lucas Morales,Los Angeles,USA,USB-C Cable,Accessories,CableMax,15,1000,Holiday Special,10/12/23,24/12/23,Email + Social Media,10000,Silver and Gold Tiers,105,4
1567,2023-07-17,C034,P115,7,MC002,Matthew Gonzalez,Houston,USA,Gaming Headset,Electronics,SoundWave,50,200,Summer Clearance,15/6/23,30/6/23,Social Media,7500,Gold Tier,350,7
1568,2023-07-09,C021,P111,2,MC005,Emily Schwartz,Los Angeles,USA,Backpack,Accessories,ProtectPro,30,1300,Holiday Special,10/12/23,24/12/23,Email + Social Media,10000,Silver and Gold Tiers,60,7
1569,2023-08-25,C026,P108,7,MC001,David Okafor,Los Angeles,USA,Computer Case,Accessories,ProtectPro,110,500,Spring Sale,1/3/23,15/3/23,Email,5000,All Customers,770,8
1570,2023-07-10,C025,P119,1,MC002,Sofia Petrov,Los Angeles,USA,Adapter,Electronics,CableMax,40,800,Summer Clearance,15/6/23,30/6/23,Social Media,7500,Gold Tier,40,7
1571,2023-04-19,C049,P104,9,MC001,Mila Popovic,Los Angeles,USA,Phone Case,Accessories,ProtectPro,10,800,Spring Sale,1/3/23,15/3/23,Email,5000,All Customers,90,4
1572,2023-01-26,C036,P115,3,MC005,Ryan Müller,Los Angeles,USA,Gaming Headset,Electronics,SoundWave,50,200,Holiday Special,10/12/23,24/12/23,Email + Social Media,10000,Silver and Gold Tiers,150,1
1573,2023-10-19,C044,P117,5,MC003,Gabriel Santos,Los Angeles,USA,Bluetooth Speaker,Electronics,SoundWave,140,200,Back to School,1/8/23,31/8/23,TV,15000,Families,700,10
1574,2023-01-07,C048,P103,1,MC002,Dylan Suzuki,New York,USA,USB-C Cable,Accessories,CableMax,15,1000,Summer Clearance,15/6/23,30/6/23,Social Media,7500,Gold Tier,15,1
1575,2023-06-19,C040,P101,9,MC002,Jack O'Brien,Miami,USA,Wireless Mouse,Electronics,TechGear,20,500,Summer Clearance,15/6/23,30/6/23,Social Media,7500,Gold Tier,180,6
1576,2023-08-09,C014,P118,7,MC002,Benjamin Larsson,Los Angeles,USA,External Microphone,Electronics,TechGear,60,1400,Summer Clearance,15/6/23,30/6/23,Social Media,7500,Gold Tier,420,8
1577,2023-11-17,C031,P113,9,MC005,Zoe Ramirez,Miami,USA,Bluetooth Headphones Charger,Electronics,CableMax,150,300,Holiday Special,10/12/23,24/12/23,Email + Social Media,10000,Silver and Gold Tiers,1350,11
1578,2023-05-03,C030,P117,5,MC005,Andrew Ivanov,Miami,USA,Bluetooth Speaker,Electronics,SoundWave,140,200,Holiday Special,10/12/23,24/12/23,Email + Social Media,10000,Silver and Gold Tiers,700,5
1579,2023-06-04,C048,P111,10,MC005,Dylan Suzuki,New York,USA,Backpack,Accessories,ProtectPro,30,1300,Holiday Special,10/12/23,24/12/23,Email + Social Media,10000,Silver and Gold Tiers,300,6
1580,2023-06-15,C042,P102,3,MC005,Owen Takahashi,New York,USA,Bluetooth Headphones,Electronics,SoundWave,30,300,Holiday Special,10/12/23,24/12/23,Email + Social Media,10000,Silver and Gold Tiers,90,6
1581,2023-12-29,C036,P105,3,MC005,Ryan Müller,Los Angeles,USA,Smart Watch,Electronics,TechGear,25,200,Holiday Special,10/12/23,24/12/23,Email + Social Media,10000,Silver and Gold Tiers,75,12
1582,2023-07-29,C007,P120,10,MC005,Ava Kowalski,Chicago,USA,Keyboard Mousepad,Accessories,TechGear,50,400,Holiday Special,10/12/23,24/12/23,Email + Social Media,10000,Silver and Gold Tiers,500,7
1583,2023-05-22,C008,P109,6,MC004,Mason Fitzgerald,Houston,USA,Laptop,Electronics,TechGear,20,200,Black Friday,24/11/23,27/11/23,Multi-channel,25000,All Customers,120,5
1584,2024-01-01,C050,P107,4,MC003,Caleb Reyes,Houston,USA,Standing Desk,Accessories,SoundWave,140,1100,Back to School,1/8/23,31/8/23,TV,15000,Families,560,1
1585,2023-10-18,C003,P107,9,MC005,Alice Johnson,Chicago,USA,Standing Desk,Accessories,SoundWave,140,1100,Holiday Special,10/12/23,24/12/23,Email + Social Media,10000,Silver and Gold Tiers,1260,10
1586,2023-05-10,C029,P119,6,MC002,Chloe Dubois,Miami,USA,Adapter,Electronics,CableMax,40,800,Summer Clearance,15/6/23,30/6/23,Social Media,7500,Gold Tier,240,5
1587,2023-01-14,C045,P115,1,MC002,Nora Zimmerman,Houston,USA,Gaming Headset,Electronics,SoundWave,50,200,Summer Clearance,15/6/23,30/6/23,Social Media,7500,Gold Tier,50,1
1588,2023-09-13,C015,P111,9,MC001,Harper Singh,Houston,USA,Backpack,Accessories,ProtectPro,30,1300,Spring Sale,1/3/23,15/3/23,Email,5000,All Customers,270,9
1589,2023-01-29,C019,P115,1,MC004,Abigail Nakamura,Chicago,USA,Gaming Headset,Electronics,SoundWave,50,200,Black Friday,24/11/23,27/11/23,Multi-channel,25000,All Customers,50,1
1590,2023-11-01,C016,P117,9,MC004,Lucas Morales,Los Angeles,USA,Bluetooth Speaker,Electronics,SoundWave,140,200,Black Friday,24/11/23,27/11/23,Multi-channel,25000,All Customers,1260,11
1591,2023-11-14,C009,P110,4,MC003,Isabella Tanaka,Chicago,USA,Briefcase,Accessories,ProtectPro,120,900,Back to School,1/8/23,31/8/23,TV,15000,Families,480,11
1592,2023-10-26,C044,P103,10,MC001,Gabriel Santos,Los Angeles,USA,USB-C Cable,Accessories,CableMax,15,1000,Spring Sale,1/3/23,15/3/23,Email,5000,All Customers,150,10
1593,2023-10-13,C033,P110,9,MC003,Lily Sørensen,New York,USA,Briefcase,Accessories,ProtectPro,120,900,Back to School,1/8/23,31/8/23,TV,15000,Families,1080,10
1594,2023-08-06,C035,P102,9,MC004,Scarlett Watanabe,Los Angeles,USA,Bluetooth Headphones,Electronics,SoundWave,30,300,Black Friday,24/11/23,27/11/23,Multi-channel,25000,All Customers,270,8
1595,2023-12-07,C033,P110,4,MC004,Lily Sørensen,New York,USA,Briefcase,Accessories,ProtectPro,120,900,Black Friday,24/11/23,27/11/23,Multi-channel,25000,All Customers,480,12
1596,2023-03-23,C036,P116,7,MC003,Ryan Müller,Los Angeles,USA,Cleanup Kit,Accessories,TechGear,20,1300,Back to School,1/8/23,31/8/23,TV,15000,Families,140,3
1597,2023-09-20,C041,P114,9,MC004,Audrey Kuznetsov,Miami,USA,Suitcase,Accessories,ProtectPro,120,1100,Black Friday,24/11/23,27/11/23,Multi-channel,25000,All Customers,1080,9
1598,2023-05-09,C042,P117,5,MC003,Owen Takahashi,New York,USA,Bluetooth Speaker,Electronics,SoundWave,140,200,Back to School,1/8/23,31/8/23,TV,15000,Families,700,5
1599,2023-06-28,C010,P119,1,MC004,William Diaz,New York,USA,Adapter,Electronics,CableMax,40,800,Black Friday,24/11/23,27/11/23,Multi-channel,25000,All Customers,40,6
1600,2023-11-10,C017,P106,6,MC003,Evelyn Kovalenko,Houston,USA,Keyboard,Electronics,TechGear,110,1000,Back to School,1/8/23,31/8/23,TV,15000,Families,660,11
1601,2023-05-16,C042,P113,10,MC003,Owen Takahashi,New York,USA,Bluetooth Headphones Charger,Electronics,CableMax,150,300,Back to School,1/8/23,31/8/23,TV,15000,Families,1500,5
1602,2023-01-31,C012,P104,8,MC005,James Choi,Chicago,USA,Phone Case,Accessories,ProtectPro,10,800,Holiday Special,10/12/23,24/12/23,Email + Social Media,10000,Silver and Gold Tiers,80,1
1603,2023-03-12,C046,P102,5,MC004,Isaac Nkosi,Houston,USA,Bluetooth Headphones,Electronics,SoundWave,30,300,Black Friday,24/11/23,27/11/23,Multi-channel,25000,All Customers,150,3
1604,2023-03-16,C016,P110,10,MC003,Lucas Morales,Los Angeles,USA,Briefcase,Accessories,ProtectPro,120,900,Back to School,1/8/23,31/8/23,TV,15000,Families,1200,3
1605,2023-10-31,C009,P109,9,MC001,Isabella Tanaka,Chicago,USA,Laptop,Electronics,TechGear,20,200,Spring Sale,1/3/23,15/3/23,Email,5000,All Customers,180,10
1606,2023-01-18,C039,P110,8,MC001,Penelope Cheng,Los Angeles,USA,Briefcase,Accessories,ProtectPro,120,900,Spring Sale,1/3/23,15/3/23,Email,5000,All Customers,960,1
1607,2023-01-28,C001,P105,7,MC005,John Doe,New York,USA,Smart Watch,Electronics,TechGear,25,200,Holiday Special,10/12/23,24/12/23,Email + Social Media,10000,Silver and Gold Tiers,175,1
1608,2023-01-06,C047,P103,2,MC002,Leah Fontaine,Miami,USA,USB-C Cable,Accessories,CableMax,15,1000,Summer Clearance,15/6/23,30/6/23,Social Media,7500,Gold Tier,30,1
1609,2023-09-05,C015,P108,10,MC004,Harper Singh,Houston,USA,Computer Case,Accessories,ProtectPro,110,500,Black Friday,24/11/23,27/11/23,Multi-channel,25000,All Customers,1100,9
1610,2023-12-24,C010,P103,6,MC005,William Diaz,New York,USA,USB-C Cable,Accessories,CableMax,15,1000,Holiday Special,10/12/23,24/12/23,Email + Social Media,10000,Silver and Gold Tiers,90,12
1611,2023-02-10,C032,P115,2,MC001,Christopher Lee,Los Angeles,USA,Gaming Headset,Electronics,SoundWave,50,200,Spring Sale,1/3/23,15/3/23,Email,5000,All Customers,100,2
1612,2023-08-11,C046,P107,7,MC002,Isaac Nkosi,Houston,USA,Standing Desk,Accessories,SoundWave,140,1100,Summer Clearance,15/6/23,30/6/23,Social Media,7500,Gold Tier,980,8
1613,2023-05-29,C033,P103,8,MC005,Lily Sørensen,New York,USA,USB-C Cable,Accessories,CableMax,15,1000,Holiday Special,10/12/23,24/12/23,Email + Social Media,10000,Silver and Gold Tiers,120,5
1614,2023-05-01,C034,P118,1,MC005,Matthew Gonzalez,Houston,USA,External Microphone,Electronics,TechGear,60,1400,Holiday Special,10/12/23,24/12/23,Email + Social Media,10000,Silver and Gold Tiers,60,5
1615,2023-12-05,C011,P102,1,MC005,Charlotte Hoffman,New York,USA,Bluetooth Headphones,Electronics,SoundWave,30,300,Holiday Special,10/12/23,24/12/23,Email + Social Media,10000,Silver and Gold Tiers,30,12
1616,2023-12-08,C050,P107,9,MC002,Caleb Reyes,Houston,USA,Standing Desk,Accessories,SoundWave,140,1100,Summer Clearance,15/6/23,30/6/23,Social Media,7500,Gold Tier,1260,12
1617,2023-04-27,C005,P106,5,MC005,Emma Brown,Miami,USA,Keyboard,Electronics,TechGear,110,1000,Holiday Special,10/12/23,24/12/23,Email + Social Media,10000,Silver and Gold Tiers,550,4
1618,2023-09-09,C028,P112,7,MC005,Joseph Mendoza,New York,USA,Desk Chair,Accessories,TechGear,40,500,Holiday Special,10/12/23,24/12/23,Email + Social Media,10000,Silver and Gold Tiers,280,9
1619,2023-10-18,C033,P108,8,MC001,Lily Sørensen,New York,USA,Computer Case,Accessories,ProtectPro,110,500,Spring Sale,1/3/23,15/3/23,Email,5000,All Customers,880,10
1620,2023-12-25,C042,P113,3,MC003,Owen Takahashi,New York,USA,Bluetooth Headphones Charger,Electronics,CableMax,150,300,Back to School,1/8/23,31/8/23,TV,15000,Families,450,12
1621,2023-09-26,C038,P112,5,MC003,Thomas Sanchez,Houston,USA,Desk Chair,Accessories,TechGear,40,500,Back to School,1/8/23,31/8/23,TV,15000,Families,200,9
1622,2023-03-29,C030,P111,4,MC003,Andrew Ivanov,Miami,USA,Backpack,Accessories,ProtectPro,30,1300,Back to School,1/8/23,31/8/23,TV,15000,Families,120,3
1623,2023-07-06,C021,P110,8,MC004,Emily Schwartz,Los Angeles,USA,Briefcase,Accessories,ProtectPro,120,900,Black Friday,24/11/23,27/11/23,Multi-channel,25000,All Customers,960,7
1624,2023-09-06,C037,P112,5,MC005,Victoria Kozlov,Chicago,USA,Desk Chair,Accessories,TechGear,40,500,Holiday Special,10/12/23,24/12/23,Email + Social Media,10000,Silver and Gold Tiers,200,9
1625,2023-12-01,C011,P102,5,MC005,Charlotte Hoffman,New York,USA,Bluetooth Headphones,Electronics,SoundWave,30,300,Holiday Special,10/12/23,24/12/23,Email + Social Media,10000,Silver and Gold Tiers,150,12
1626,2023-12-18,C020,P116,10,MC004,Michael Andersen,Houston,USA,Cleanup Kit,Accessories,TechGear,20,1300,Black Friday,24/11/23,27/11/23,Multi-channel,25000,All Customers,200,12
1627,2023-01-21,C011,P108,4,MC005,Charlotte Hoffman,New York,USA,Computer Case,Accessories,ProtectPro,110,500,Holiday Special,10/12/23,24/12/23,Email + Social Media,10000,Silver and Gold Tiers,440,1
1628,2023-04-13,C027,P112,5,MC002,Grace Yamamoto,Chicago,USA,Desk Chair,Accessories,TechGear,40,500,Summer Clearance,15/6/23,30/6/23,Social Media,7500,Gold Tier,200,4
1629,2023-04-01,C024,P112,4,MC002,Samuel Kim,Chicago,USA,Desk Chair,Accessories,TechGear,40,500,Summer Clearance,15/6/23,30/6/23,Social Media,7500,Gold Tier,160,4
1630,2023-10-05,C034,P118,1,MC004,Matthew Gonzalez,Houston,USA,External Microphone,Electronics,TechGear,60,1400,Black Friday,24/11/23,27/11/23,Multi-channel,25000,All Customers,60,10
1631,2023-01-22,C043,P101,3,MC005,Hannah Eriksson,New York,USA,Wireless Mouse,Electronics,TechGear,20,500,Holiday Special,10/12/23,24/12/23,Email + Social Media,10000,Silver and Gold Tiers,60,1
1632,2023-08-23,C044,P105,3,MC001,Gabriel Santos,Los Angeles,USA,Smart Watch,Electronics,TechGear,25,200,Spring Sale,1/3/23,15/3/23,Email,5000,All Customers,75,8
1633,2023-04-17,C027,P118,5,MC002,Grace Yamamoto,Chicago,USA,External Microphone,Electronics,TechGear,60,1400,Summer Clearance,15/6/23,30/6/23,Social Media,7500,Gold Tier,300,4
1634,2023-01-24,C049,P104,1,MC001,Mila Popovic,Los Angeles,USA,Phone Case,Accessories,ProtectPro,10,800,Spring Sale,1/3/23,15/3/23,Email,5000,All Customers,10,1
1635,2023-03-07,C036,P112,6,MC003,Ryan Müller,Los Angeles,USA,Desk Chair,Accessories,TechGear,40,500,Back to School,1/8/23,31/8/23,TV,15000,Families,240,3
1636,2023-11-11,C041,P101,8,MC005,Audrey Kuznetsov,Miami,USA,Wireless Mouse,Electronics,TechGear,20,500,Holiday Special,10/12/23,24/12/23,Email + Social Media,10000,Silver and Gold Tiers,160,11
1637,2023-06-30,C018,P102,6,MC002,Alexander Rossi,New York,USA,Bluetooth Headphones,Electronics,SoundWave,30,300,Summer Clearance,15/6/23,30/6/23,Social Media,7500,Gold Tier,180,6
1638,2023-12-28,C021,P107,9,MC002,Emily Schwartz,Los Angeles,USA,Standing Desk,Accessories,SoundWave,140,1100,Summer Clearance,15/6/23,30/6/23,Social Media,7500,Gold Tier,1260,12
1639,2023-04-06,C025,P114,1,MC003,Sofia Petrov,Los Angeles,USA,Suitcase,Accessories,ProtectPro,120,1100,Back to School,1/8/23,31/8/23,TV,15000,Families,120,4
1640,2023-05-19,C015,P110,6,MC004,Harper Singh,Houston,USA,Briefcase,Accessories,ProtectPro,120,900,Black Friday,24/11/23,27/11/23,Multi-channel,25000,All Customers,720,5
1641,2023-09-16,C021,P103,3,MC004,Emily Schwartz,Los Angeles,USA,USB-C Cable,Accessories,CableMax,15,1000,Black Friday,24/11/23,27/11/23,Multi-channel,25000,All Customers,45,9
1642,2023-09-09,C002,P108,4,MC001,Jane Smith,Los Angeles,USA,Computer Case,Accessories,ProtectPro,110,500,Spring Sale,1/3/23,15/3/23,Email,5000,All Customers,440,9
1643,2023-06-25,C007,P107,4,MC001,Ava Kowalski,Chicago,USA,Standing Desk,Accessories,SoundWave,140,1100,Spring Sale,1/3/23,15/3/23,Email,5000,All Customers,560,6
1644,2023-08-25,C028,P107,9,MC002,Joseph Mendoza,New York,USA,Standing Desk,Accessories,SoundWave,140,1100,Summer Clearance,15/6/23,30/6/23,Social Media,7500,Gold Tier,1260,8
1645,2023-08-28,C034,P108,9,MC004,Matthew Gonzalez,Houston,USA,Computer Case,Accessories,ProtectPro,110,500,Black Friday,24/11/23,27/11/23,Multi-channel,25000,All Customers,990,8
1646,2023-09-30,C033,P118,3,MC002,Lily Sørensen,New York,USA,External Microphone,Electronics,TechGear,60,1400,Summer Clearance,15/6/23,30/6/23,Social Media,7500,Gold Tier,180,9
1647,2023-06-05,C019,P119,8,MC004,Abigail Nakamura,Chicago,USA,Adapter,Electronics,CableMax,40,800,Black Friday,24/11/23,27/11/23,Multi-channel,25000,All Customers,320,6
1648,2023-09-30,C032,P114,6,MC005,Christopher Lee,Los Angeles,USA,Suitcase,Accessories,ProtectPro,120,1100,Holiday Special,10/12/23,24/12/23,Email + Social Media,10000,Silver and Gold Tiers,720,9
1649,2023-01-05,C006,P115,4,MC003,Noah Chen,Los Angeles,USA,Gaming Headset,Electronics,SoundWave,50,200,Back to School,1/8/23,31/8/23,TV,15000,Families,200,1
1650,2023-11-14,C032,P107,9,MC004,Christopher Lee,Los Angeles,USA,Standing Desk,Accessories,SoundWave,140,1100,Black Friday,24/11/23,27/11/23,Multi-channel,25000,All Customers,1260,11
1651,2023-12-18,C046,P119,4,MC005,Isaac Nkosi,Houston,USA,Adapter,Electronics,CableMax,40,800,Holiday Special,10/12/23,24/12/23,Email + Social Media,10000,Silver and Gold Tiers,160,12
1652,2023-01-25,C007,P117,8,MC004,Ava Kowalski,Chicago,USA,Bluetooth Speaker,Electronics,SoundWave,140,200,Black Friday,24/11/23,27/11/23,Multi-channel,25000,All Customers,1120,1
1653,2023-05-01,C003,P104,9,MC003,Alice Johnson,Chicago,USA,Phone Case,Accessories,ProtectPro,10,800,Back to School,1/8/23,31/8/23,TV,15000,Families,90,5
1654,2023-02-24,C024,P114,9,MC005,Samuel Kim,Chicago,USA,Suitcase,Accessories,ProtectPro,120,1100,Holiday Special,10/12/23,24/12/23,Email + Social Media,10000,Silver and Gold Tiers,1080,2
1655,2023-02-04,C017,P113,3,MC005,Evelyn Kovalenko,Houston,USA,Bluetooth Headphones Charger,Electronics,CableMax,150,300,Holiday Special,10/12/23,24/12/23,Email + Social Media,10000,Silver and Gold Tiers,450,2
1656,2023-02-05,C015,P106,2,MC003,Harper Singh,Houston,USA,Keyboard,Electronics,TechGear,110,1000,Back to School,1/8/23,31/8/23,TV,15000,Families,220,2
1657,2023-07-21,C034,P107,1,MC003,Matthew Gonzalez,Houston,USA,Standing Desk,Accessories,SoundWave,140,1100,Back to School,1/8/23,31/8/23,TV,15000,Families,140,7
1658,2023-08-11,C011,P103,3,MC005,Charlotte Hoffman,New York,USA,USB-C Cable,Accessories,CableMax,15,1000,Holiday Special,10/12/23,24/12/23,Email + Social Media,10000,Silver and Gold Tiers,45,8
1659,2023-07-25,C010,P108,1,MC003,William Diaz,New York,USA,Computer Case,Accessories,ProtectPro,110,500,Back to School,1/8/23,31/8/23,TV,15000,Families,110,7
1660,2023-01-28,C015,P106,3,MC001,Harper Singh,Houston,USA,Keyboard,Electronics,TechGear,110,1000,Spring Sale,1/3/23,15/3/23,Email,5000,All Customers,330,1
1661,2023-03-13,C029,P119,2,MC001,Chloe Dubois,Miami,USA,Adapter,Electronics,CableMax,40,800,Spring Sale,1/3/23,15/3/23,Email,5000,All Customers,80,3
1662,2023-11-13,C013,P109,10,MC005,Amelia Gupta,Houston,USA,Laptop,Electronics,TechGear,20,200,Holiday Special,10/12/23,24/12/23,Email + Social Media,10000,Silver and Gold Tiers,200,11
1663,2023-05-01,C048,P117,6,MC004,Dylan Suzuki,New York,USA,Bluetooth Speaker,Electronics,SoundWave,140,200,Black Friday,24/11/23,27/11/23,Multi-channel,25000,All Customers,840,5
1664,2023-03-29,C033,P113,5,MC001,Lily Sørensen,New York,USA,Bluetooth Headphones Charger,Electronics,CableMax,150,300,Spring Sale,1/3/23,15/3/23,Email,5000,All Customers,750,3
1665,2023-06-07,C006,P104,7,MC003,Noah Chen,Los Angeles,USA,Phone Case,Accessories,ProtectPro,10,800,Back to School,1/8/23,31/8/23,TV,15000,Families,70,6
1666,2023-01-18,C014,P104,4,MC001,Benjamin Larsson,Los Angeles,USA,Phone Case,Accessories,ProtectPro,10,800,Spring Sale,1/3/23,15/3/23,Email,5000,All Customers,40,1
1667,2023-03-11,C007,P105,8,MC002,Ava Kowalski,Chicago,USA,Smart Watch,Electronics,TechGear,25,200,Summer Clearance,15/6/23,30/6/23,Social Media,7500,Gold Tier,200,3
1668,2023-09-19,C023,P107,9,MC001,Elizabeth Novak,Miami,USA,Standing Desk,Accessories,SoundWave,140,1100,Spring Sale,1/3/23,15/3/23,Email,5000,All Customers,1260,9
1669,2023-09-14,C038,P117,1,MC004,Thomas Sanchez,Houston,USA,Bluetooth Speaker,Electronics,SoundWave,140,200,Black Friday,24/11/23,27/11/23,Multi-channel,25000,All Customers,140,9
1670,2023-06-20,C032,P102,4,MC001,Christopher Lee,Los Angeles,USA,Bluetooth Headphones,Electronics,SoundWave,30,300,Spring Sale,1/3/23,15/3/23,Email,5000,All Customers,120,6
1671,2023-07-04,C011,P111,6,MC004,Charlotte Hoffman,New York,USA,Backpack,Accessories,ProtectPro,30,1300,Black Friday,24/11/23,27/11/23,Multi-channel,25000,All Customers,180,7
1672,2023-04-05,C026,P113,8,MC001,David Okafor,Los Angeles,USA,Bluetooth Headphones Charger,Electronics,CableMax,150,300,Spring Sale,1/3/23,15/3/23,Email,5000,All Customers,1200,4
1673,2023-02-13,C004,P101,3,MC001,Bob Wilson,Houston,USA,Wireless Mouse,Electronics,TechGear,20,500,Spring Sale,1/3/23,15/3/23,Email,5000,All Customers,60,2
1674,2023-11-11,C045,P104,8,MC002,Nora Zimmerman,Houston,USA,Phone Case,Accessories,ProtectPro,10,800,Summer Clearance,15/6/23,30/6/23,Social Media,7500,Gold Tier,80,11
1675,2023-09-04,C002,P118,9,MC001,Jane Smith,Los Angeles,USA,External Microphone,Electronics,TechGear,60,1400,Spring Sale,1/3/23,15/3/23,Email,5000,All Customers,540,9
1676,2023-11-26,C017,P102,1,MC005,Evelyn Kovalenko,Houston,USA,Bluetooth Headphones,Electronics,SoundWave,30,300,Holiday Special,10/12/23,24/12/23,Email + Social Media,10000,Silver and Gold Tiers,30,11
1677,2023-01-17,C008,P115,1,MC004,Mason Fitzgerald,Houston,USA,Gaming Headset,Electronics,SoundWave,50,200,Black Friday,24/11/23,27/11/23,Multi-channel,25000,All Customers,50,1
1678,2023-05-17,C033,P107,3,MC003,Lily Sørensen,New York,USA,Standing Desk,Accessories,SoundWave,140,1100,Back to School,1/8/23,31/8/23,TV,15000,Families,420,5
1679,2023-05-13,C020,P102,6,MC004,Michael Andersen,Houston,USA,Bluetooth Headphones,Electronics,SoundWave,30,300,Black Friday,24/11/23,27/11/23,Multi-channel,25000,All Customers,180,5
1680,2023-03-10,C048,P114,4,MC002,Dylan Suzuki,New York,USA,Suitcase,Accessories,ProtectPro,120,1100,Summer Clearance,15/6/23,30/6/23,Social Media,7500,Gold Tier,480,3
1681,2023-02-20,C036,P109,4,MC004,Ryan Müller,Los Angeles,USA,Laptop,Electronics,TechGear,20,200,Black Friday,24/11/23,27/11/23,Multi-channel,25000,All Customers,80,2
1682,2023-02-20,C020,P104,10,MC004,Michael Andersen,Houston,USA,Phone Case,Accessories,ProtectPro,10,800,Black Friday,24/11/23,27/11/23,Multi-channel,25000,All Customers,100,2
1683,2023-07-29,C032,P105,6,MC004,Christopher Lee,Los Angeles,USA,Smart Watch,Electronics,TechGear,25,200,Black Friday,24/11/23,27/11/23,Multi-channel,25000,All Customers,150,7
1684,2023-05-29,C021,P104,3,MC003,Emily Schwartz,Los Angeles,USA,Phone Case,Accessories,ProtectPro,10,800,Back to School,1/8/23,31/8/23,TV,15000,Families,30,5
1685,2023-02-23,C025,P107,7,MC003,Sofia Petrov,Los Angeles,USA,Standing Desk,Accessories,SoundWave,140,1100,Back to School,1/8/23,31/8/23,TV,15000,Families,980,2
1686,2023-12-29,C034,P101,9,MC004,Matthew Gonzalez,Houston,USA,Wireless Mouse,Electronics,TechGear,20,500,Black Friday,24/11/23,27/11/23,Multi-channel,25000,All Customers,180,12
1687,2023-09-22,C025,P103,7,MC002,Sofia Petrov,Los Angeles,USA,USB-C Cable,Accessories,CableMax,15,1000,Summer Clearance,15/6/23,30/6/23,Social Media,7500,Gold Tier,105,9
1688,2023-06-30,C022,P111,5,MC004,Daniel Fernandez,Chicago,USA,Backpack,Accessories,ProtectPro,30,1300,Black Friday,24/11/23,27/11/23,Multi-channel,25000,All Customers,150,6
1689,2023-02-17,C026,P102,9,MC001,David Okafor,Los Angeles,USA,Bluetooth Headphones,Electronics,SoundWave,30,300,Spring Sale,1/3/23,15/3/23,Email,5000,All Customers,270,2
1690,2023-11-05,C004,P118,7,MC005,Bob Wilson,Houston,USA,External Microphone,Electronics,TechGear,60,1400,Holiday Special,10/12/23,24/12/23,Email + Social Media,10000,Silver and Gold Tiers,420,11
1691,2023-01-19,C047,P106,8,MC001,Leah Fontaine,Miami,USA,Keyboard,Electronics,TechGear,110,1000,Spring Sale,1/3/23,15/3/23,Email,5000,All Customers,880,1
1692,2023-11-17,C044,P111,3,MC003,Gabriel Santos,Los Angeles,USA,Backpack,Accessories,ProtectPro,30,1300,Back to School,1/8/23,31/8/23,TV,15000,Families,90,11
1693,2023-04-12,C029,P117,5,MC002,Chloe Dubois,Miami,USA,Bluetooth Speaker,Electronics,SoundWave,140,200,Summer Clearance,15/6/23,30/6/23,Social Media,7500,Gold Tier,700,4
1694,2023-02-02,C037,P107,9,MC005,Victoria Kozlov,Chicago,USA,Standing Desk,Accessories,SoundWave,140,1100,Holiday Special,10/12/23,24/12/23,Email + Social Media,10000,Silver and Gold Tiers,1260,2
1695,2023-12-07,C030,P112,4,MC002,Andrew Ivanov,Miami,USA,Desk Chair,Accessories,TechGear,40,500,Summer Clearance,15/6/23,30/6/23,Social Media,7500,Gold Tier,160,12
1696,2023-05-03,C022,P106,3,MC005,Daniel Fernandez,Chicago,USA,Keyboard,Electronics,TechGear,110,1000,Holiday Special,10/12/23,24/12/23,Email + Social Media,10000,Silver and Gold Tiers,330,5
1697,2023-11-19,C005,P103,3,MC002,Emma Brown,Miami,USA,USB-C Cable,Accessories,CableMax,15,1000,Summer Clearance,15/6/23,30/6/23,Social Media,7500,Gold Tier,45,11
1698,2023-06-07,C025,P110,9,MC005,Sofia Petrov,Los Angeles,USA,Briefcase,Accessories,ProtectPro,120,900,Holiday Special,10/12/23,24/12/23,Email + Social Media,10000,Silver and Gold Tiers,1080,6
1699,2023-06-22,C017,P114,6,MC005,Evelyn Kovalenko,Houston,USA,Suitcase,Accessories,ProtectPro,120,1100,Holiday Special,10/12/23,24/12/23,Email + Social Media,10000,Silver and Gold Tiers,720,6
1700,2023-05-01,C039,P110,8,MC002,Penelope Cheng,Los Angeles,USA,Briefcase,Accessories,ProtectPro,120,900,Summer Clearance,15/6/23,30/6/23,Social Media,7500,Gold Tier,960,5
1701,2023-04-10,C010,P110,6,MC005,William Diaz,New York,USA,Briefcase,Accessories,ProtectPro,120,900,Holiday Special,10/12/23,24/12/23,Email + Social Media,10000,Silver and Gold Tiers,720,4
1702,2023-06-17,C009,P116,10,MC003,Isabella Tanaka,Chicago,USA,Cleanup Kit,Accessories,TechGear,20,1300,Back to School,1/8/23,31/8/23,TV,15000,Families,200,6
1703,2023-12-12,C017,P120,9,MC005,Evelyn Kovalenko,Houston,USA,Keyboard Mousepad,Accessories,TechGear,50,400,Holiday Special,10/12/23,24/12/23,Email + Social Media,10000,Silver and Gold Tiers,450,12
1704,2023-08-08,C012,P108,9,MC005,James Choi,Chicago,USA,Computer Case,Accessories,ProtectPro,110,500,Holiday Special,10/12/23,24/12/23,Email + Social Media,10000,Silver and Gold Tiers,990,8
1705,2023-01-31,C020,P117,3,MC001,Michael Andersen,Houston,USA,Bluetooth Speaker,Electronics,SoundWave,140,200,Spring Sale,1/3/23,15/3/23,Email,5000,All Customers,420,1
1706,2023-03-15,C017,P106,3,MC004,Evelyn Kovalenko,Houston,USA,Keyboard,Electronics,TechGear,110,1000,Black Friday,24/11/23,27/11/23,Multi-channel,25000,All Customers,330,3
1707,2023-02-27,C048,P118,8,MC003,Dylan Suzuki,New York,USA,External Microphone,Electronics,TechGear,60,1400,Back to School,1/8/23,31/8/23,TV,15000,Families,480,2
1708,2023-03-30,C026,P102,10,MC005,David Okafor,Los Angeles,USA,Bluetooth Headphones,Electronics,SoundWave,30,300,Holiday Special,10/12/23,24/12/23,Email + Social Media,10000,Silver and Gold Tiers,300,3
1709,2023-04-10,C040,P118,3,MC002,Jack O'Brien,Miami,USA,External Microphone,Electronics,TechGear,60,1400,Summer Clearance,15/6/23,30/6/23,Social Media,7500,Gold Tier,180,4
1710,2023-03-10,C022,P101,3,MC004,Daniel Fernandez,Chicago,USA,Wireless Mouse,Electronics,TechGear,20,500,Black Friday,24/11/23,27/11/23,Multi-channel,25000,All Customers,60,3
1711,2023-03-01,C038,P120,3,MC005,Thomas Sanchez,Houston,USA,Keyboard Mousepad,Accessories,TechGear,50,400,Holiday Special,10/12/23,24/12/23,Email + Social Media,10000,Silver and Gold Tiers,150,3
1712,2023-06-01,C040,P109,7,MC001,Jack O'Brien,Miami,USA,Laptop,Electronics,TechGear,20,200,Spring Sale,1/3/23,15/3/23,Email,5000,All Customers,140,6
1713,2023-12-29,C023,P117,3,MC003,Elizabeth Novak,Miami,USA,Bluetooth Speaker,Electronics,SoundWave,140,200,Back to School,1/8/23,31/8/23,TV,15000,Families,420,12
1714,2023-08-25,C035,P108,3,MC005,Scarlett Watanabe,Los Angeles,USA,Computer Case,Accessories,ProtectPro,110,500,Holiday Special,10/12/23,24/12/23,Email + Social Media,10000,Silver and Gold Tiers,330,8
1715,2023-11-16,C013,P105,10,MC003,Amelia Gupta,Houston,USA,Smart Watch,Electronics,TechGear,25,200,Back to School,1/8/23,31/8/23,TV,15000,Families,250,11
1716,2023-02-24,C015,P105,10,MC005,Harper Singh,Houston,USA,Smart Watch,Electronics,TechGear,25,200,Holiday Special,10/12/23,24/12/23,Email + Social Media,10000,Silver and Gold Tiers,250,2
1717,2023-09-24,C028,P101,5,MC005,Joseph Mendoza,New York,USA,Wireless Mouse,Electronics,TechGear,20,500,Holiday Special,10/12/23,24/12/23,Email + Social Media,10000,Silver and Gold Tiers,100,9
1718,2023-04-25,C017,P113,10,MC004,Evelyn Kovalenko,Houston,USA,Bluetooth Headphones Charger,Electronics,CableMax,150,300,Black Friday,24/11/23,27/11/23,Multi-channel,25000,All Customers,1500,4
1719,2023-08-04,C037,P109,2,MC003,Victoria Kozlov,Chicago,USA,Laptop,Electronics,TechGear,20,200,Back to School,1/8/23,31/8/23,TV,15000,Families,40,8
1720,2023-10-11,C024,P104,6,MC005,Samuel Kim,Chicago,USA,Phone Case,Accessories,ProtectPro,10,800,Holiday Special,10/12/23,24/12/23,Email + Social Media,10000,Silver and Gold Tiers,60,10
1721,2023-10-07,C033,P102,5,MC005,Lily Sørensen,New York,USA,Bluetooth Headphones,Electronics,SoundWave,30,300,Holiday Special,10/12/23,24/12/23,Email + Social Media,10000,Silver and Gold Tiers,150,10
1722,2023-05-12,C046,P111,8,MC005,Isaac Nkosi,Houston,USA,Backpack,Accessories,ProtectPro,30,1300,Holiday Special,10/12/23,24/12/23,Email + Social Media,10000,Silver and Gold Tiers,240,5
1723,2023-03-03,C003,P119,3,MC003,Alice Johnson,Chicago,USA,Adapter,Electronics,CableMax,40,800,Back to School,1/8/23,31/8/23,TV,15000,Families,120,3
1724,2023-07-15,C030,P116,6,MC001,Andrew Ivanov,Miami,USA,Cleanup Kit,Accessories,TechGear,20,1300,Spring Sale,1/3/23,15/3/23,Email,5000,All Customers,120,7
1725,2023-05-14,C039,P110,1,MC003,Penelope Cheng,Los Angeles,USA,Briefcase,Accessories,ProtectPro,120,900,Back to School,1/8/23,31/8/23,TV,15000,Families,120,5
1726,2023-11-30,C038,P118,3,MC001,Thomas Sanchez,Houston,USA,External Microphone,Electronics,TechGear,60,1400,Spring Sale,1/3/23,15/3/23,Email,5000,All Customers,180,11
1727,2023-04-11,C009,P115,1,MC005,Isabella Tanaka,Chicago,USA,Gaming Headset,Electronics,SoundWave,50,200,Holiday Special,10/12/23,24/12/23,Email + Social Media,10000,Silver and Gold Tiers,50,4
1728,2023-02-14,C035,P114,3,MC005,Scarlett Watanabe,Los Angeles,USA,Suitcase,Accessories,ProtectPro,120,1100,Holiday Special,10/12/23,24/12/23,Email + Social Media,10000,Silver and Gold Tiers,360,2
1729,2023-10-22,C029,P104,9,MC003,Chloe Dubois,Miami,USA,Phone Case,Accessories,ProtectPro,10,800,Back to School,1/8/23,31/8/23,TV,15000,Families,90,10
1730,2023-05-10,C029,P120,10,MC005,Chloe Dubois,Miami,USA,Keyboard Mousepad,Accessories,TechGear,50,400,Holiday Special,10/12/23,24/12/23,Email + Social Media,10000,Silver and Gold Tiers,500,5
1731,2023-11-14,C038,P102,5,MC005,Thomas Sanchez,Houston,USA,Bluetooth Headphones,Electronics,SoundWave,30,300,Holiday Special,10/12/23,24/12/23,Email + Social Media,10000,Silver and Gold Tiers,150,11
1732,2023-03-05,C028,P117,8,MC005,Joseph Mendoza,New York,USA,Bluetooth Speaker,Electronics,SoundWave,140,200,Holiday Special,10/12/23,24/12/23,Email + Social Media,10000,Silver and Gold Tiers,1120,3
1733,2023-10-06,C003,P112,1,MC004,Alice Johnson,Chicago,USA,Desk Chair,Accessories,TechGear,40,500,Black Friday,24/11/23,27/11/23,Multi-channel,25000,All Customers,40,10
1734,2023-04-06,C015,P115,3,MC004,Harper Singh,Houston,USA,Gaming Headset,Electronics,SoundWave,50,200,Black Friday,24/11/23,27/11/23,Multi-channel,25000,All Customers,150,4
1735,2023-12-16,C028,P119,2,MC001,Joseph Mendoza,New York,USA,Adapter,Electronics,CableMax,40,800,Spring Sale,1/3/23,15/3/23,Email,5000,All Customers,80,12
1736,2023-09-06,C036,P105,8,MC005,Ryan Müller,Los Angeles,USA,Smart Watch,Electronics,TechGear,25,200,Holiday Special,10/12/23,24/12/23,Email + Social Media,10000,Silver and Gold Tiers,200,9
1737,2023-09-20,C034,P106,4,MC001,Matthew Gonzalez,Houston,USA,Keyboard,Electronics,TechGear,110,1000,Spring Sale,1/3/23,15/3/23,Email,5000,All Customers,440,9
1738,2023-02-17,C025,P114,5,MC005,Sofia Petrov,Los Angeles,USA,Suitcase,Accessories,ProtectPro,120,1100,Holiday Special,10/12/23,24/12/23,Email + Social Media,10000,Silver and Gold Tiers,600,2
1739,2023-07-15,C016,P116,9,MC003,Lucas Morales,Los Angeles,USA,Cleanup Kit,Accessories,TechGear,20,1300,Back to School,1/8/23,31/8/23,TV,15000,Families,180,7
1740,2023-11-23,C001,P119,10,MC005,John Doe,New York,USA,Adapter,Electronics,CableMax,40,800,Holiday Special,10/12/23,24/12/23,Email + Social Media,10000,Silver and Gold Tiers,400,11
1741,2023-09-28,C001,P117,5,MC003,John Doe,New York,USA,Bluetooth Speaker,Electronics,SoundWave,140,200,Back to School,1/8/23,31/8/23,TV,15000,Families,700,9
1742,2023-10-27,C027,P119,7,MC001,Grace Yamamoto,Chicago,USA,Adapter,Electronics,CableMax,40,800,Spring Sale,1/3/23,15/3/23,Email,5000,All Customers,280,10
1743,2023-01-07,C015,P115,10,MC005,Harper Singh,Houston,USA,Gaming Headset,Electronics,SoundWave,50,200,Holiday Special,10/12/23,24/12/23,Email + Social Media,10000,Silver and Gold Tiers,500,1
1744,2023-07-26,C038,P101,7,MC002,Thomas Sanchez,Houston,USA,Wireless Mouse,Electronics,TechGear,20,500,Summer Clearance,15/6/23,30/6/23,Social Media,7500,Gold Tier,140,7
1745,2023-03-03,C050,P119,5,MC005,Caleb Reyes,Houston,USA,Adapter,Electronics,CableMax,40,800,Holiday Special,10/12/23,24/12/23,Email + Social Media,10000,Silver and Gold Tiers,200,3
1746,2023-06-03,C039,P120,7,MC001,Penelope Cheng,Los Angeles,USA,Keyboard Mousepad,Accessories,TechGear,50,400,Spring Sale,1/3/23,15/3/23,Email,5000,All Customers,350,6
1747,2023-03-06,C048,P113,3,MC002,Dylan Suzuki,New York,USA,Bluetooth Headphones Charger,Electronics,CableMax,150,300,Summer Clearance,15/6/23,30/6/23,Social Media,7500,Gold Tier,450,3
1748,2023-08-26,C011,P108,6,MC001,Charlotte Hoffman,New York,USA,Computer Case,Accessories,ProtectPro,110,500,Spring Sale,1/3/23,15/3/23,Email,5000,All Customers,660,8
1749,2023-03-28,C035,P103,6,MC004,Scarlett Watanabe,Los Angeles,USA,USB-C Cable,Accessories,CableMax,15,1000,Black Friday,24/11/23,27/11/23,Multi-channel,25000,All Customers,90,3
1750,2023-08-24,C014,P114,6,MC003,Benjamin Larsson,Los Angeles,USA,Suitcase,Accessories,ProtectPro,120,1100,Back to School,1/8/23,31/8/23,TV,15000,Families,720,8
1751,2023-08-27,C015,P111,2,MC002,Harper Singh,Houston,USA,Backpack,Accessories,ProtectPro,30,1300,Summer Clearance,15/6/23,30/6/23,Social Media,7500,Gold Tier,60,8
1752,2023-05-14,C029,P108,8,MC005,Chloe Dubois,Miami,USA,Computer Case,Accessories,ProtectPro,110,500,Holiday Special,10/12/23,24/12/23,Email + Social Media,10000,Silver and Gold Tiers,880,5
1753,2023-10-10,C017,P109,1,MC002,Evelyn Kovalenko,Houston,USA,Laptop,Electronics,TechGear,20,200,Summer Clearance,15/6/23,30/6/23,Social Media,7500,Gold Tier,20,10
1754,2023-06-11,C049,P109,8,MC002,Mila Popovic,Los Angeles,USA,Laptop,Electronics,TechGear,20,200,Summer Clearance,15/6/23,30/6/23,Social Media,7500,Gold Tier,160,6
1755,2023-11-12,C037,P114,8,MC003,Victoria Kozlov,Chicago,USA,Suitcase,Accessories,ProtectPro,120,1100,Back to School,1/8/23,31/8/23,TV,15000,Families,960,11
1756,2023-02-10,C036,P117,1,MC002,Ryan Müller,Los Angeles,USA,Bluetooth Speaker,Electronics,SoundWave,140,200,Summer Clearance,15/6/23,30/6/23,Social Media,7500,Gold Tier,140,2
1757,2023-10-19,C033,P120,8,MC005,Lily Sørensen,New York,USA,Keyboard Mousepad,Accessories,TechGear,50,400,Holiday Special,10/12/23,24/12/23,Email + Social Media,10000,Silver and Gold Tiers,400,10
1758,2023-08-02,C050,P108,4,MC005,Caleb Reyes,Houston,USA,Computer Case,Accessories,ProtectPro,110,500,Holiday Special,10/12/23,24/12/23,Email + Social Media,10000,Silver and Gold Tiers,440,8
1759,2023-01-09,C033,P104,2,MC001,Lily Sørensen,New York,USA,Phone Case,Accessories,ProtectPro,10,800,Spring Sale,1/3/23,15/3/23,Email,5000,All Customers,20,1
1760,2023-02-28,C003,P111,5,MC004,Alice Johnson,Chicago,USA,Backpack,Accessories,ProtectPro,30,1300,Black Friday,24/11/23,27/11/23,Multi-channel,25000,All Customers,150,2
1761,2023-01-12,C029,P115,7,MC004,Chloe Dubois,Miami,USA,Gaming Headset,Electronics,SoundWave,50,200,Black Friday,24/11/23,27/11/23,Multi-channel,25000,All Customers,350,1
1762,2023-08-27,C016,P105,10,MC003,Lucas Morales,Los Angeles,USA,Smart Watch,Electronics,TechGear,25,200,Back to School,1/8/23,31/8/23,TV,15000,Families,250,8
1763,2023-06-04,C038,P108,2,MC004,Thomas Sanchez,Houston,USA,Computer Case,Accessories,ProtectPro,110,500,Black Friday,24/11/23,27/11/23,Multi-channel,25000,All Customers,220,6
1764,2023-06-27,C030,P101,10,MC004,Andrew Ivanov,Miami,USA,Wireless Mouse,Electronics,TechGear,20,500,Black Friday,24/11/23,27/11/23,Multi-channel,25000,All Customers,200,6
1765,2023-09-21,C017,P102,10,MC004,Evelyn Kovalenko,Houston,USA,Bluetooth Headphones,Electronics,SoundWave,30,300,Black Friday,24/11/23,27/11/23,Multi-channel,25000,All Customers,300,9
1766,2023-03-28,C029,P118,8,MC005,Chloe Dubois,Miami,USA,External Microphone,Electronics,TechGear,60,1400,Holiday Special,10/12/23,24/12/23,Email + Social Media,10000,Silver and Gold Tiers,480,3
1767,2023-04-20,C017,P112,1,MC003,Evelyn Kovalenko,Houston,USA,Desk Chair,Accessories,TechGear,40,500,Back to School,1/8/23,31/8/23,TV,15000,Families,40,4
1768,2023-04-15,C043,P108,5,MC005,Hannah Eriksson,New York,USA,Computer Case,Accessories,ProtectPro,110,500,Holiday Special,10/12/23,24/12/23,Email + Social Media,10000,Silver and Gold Tiers,550,4
1769,2023-09-18,C035,P107,6,MC001,Scarlett Watanabe,Los Angeles,USA,Standing Desk,Accessories,SoundWave,140,1100,Spring Sale,1/3/23,15/3/23,Email,5000,All Customers,840,9
1770,2023-06-01,C023,P115,8,MC004,Elizabeth Novak,Miami,USA,Gaming Headset,Electronics,SoundWave,50,200,Black Friday,24/11/23,27/11/23,Multi-channel,25000,All Customers,400,6
1771,2023-05-13,C029,P114,1,MC003,Chloe Dubois,Miami,USA,Suitcase,Accessories,ProtectPro,120,1100,Back to School,1/8/23,31/8/23,TV,15000,Families,120,5
1772,2023-06-27,C028,P110,8,MC003,Joseph Mendoza,New York,USA,Briefcase,Accessories,ProtectPro,120,900,Back to School,1/8/23,31/8/23,TV,15000,Families,960,6
1773,2023-04-04,C032,P103,7,MC001,Christopher Lee,Los Angeles,USA,USB-C Cable,Accessories,CableMax,15,1000,Spring Sale,1/3/23,15/3/23,Email,5000,All Customers,105,4
1774,2023-04-02,C044,P119,10,MC004,Gabriel Santos,Los Angeles,USA,Adapter,Electronics,CableMax,40,800,Black Friday,24/11/23,27/11/23,Multi-channel,25000,All Customers,400,4
1775,2023-08-06,C018,P109,10,MC001,Alexander Rossi,New York,USA,Laptop,Electronics,TechGear,20,200,Spring Sale,1/3/23,15/3/23,Email,5000,All Customers,200,8
1776,2023-03-10,C029,P116,8,MC001,Chloe Dubois,Miami,USA,Cleanup Kit,Accessories,TechGear,20,1300,Spring Sale,1/3/23,15/3/23,Email,5000,All Customers,160,3
1777,2023-08-22,C012,P105,6,MC001,James Choi,Chicago,USA,Smart Watch,Electronics,TechGear,25,200,Spring Sale,1/3/23,15/3/23,Email,5000,All Customers,150,8
1778,2023-03-31,C042,P112,1,MC003,Owen Takahashi,New York,USA,Desk Chair,Accessories,TechGear,40,500,Back to School,1/8/23,31/8/23,TV,15000,Families,40,3
1779,2023-12-29,C045,P105,1,MC005,Nora Zimmerman,Houston,USA,Smart Watch,Electronics,TechGear,25,200,Holiday Special,10/12/23,24/12/23,Email + Social Media,10000,Silver and Gold Tiers,25,12
1780,2023-10-25,C009,P119,9,MC001,Isabella Tanaka,Chicago,USA,Adapter,Electronics,CableMax,40,800,Spring Sale,1/3/23,15/3/23,Email,5000,All Customers,360,10
1781,2023-10-10,C004,P104,6,MC005,Bob Wilson,Houston,USA,Phone Case,Accessories,ProtectPro,10,800,Holiday Special,10/12/23,24/12/23,Email + Social Media,10000,Silver and Gold Tiers,60,10
1782,2023-02-27,C001,P117,6,MC004,John Doe,New York,USA,Bluetooth Speaker,Electronics,SoundWave,140,200,Black Friday,24/11/23,27/11/23,Multi-channel,25000,All Customers,840,2
1783,2023-07-19,C021,P110,2,MC003,Emily Schwartz,Los Angeles,USA,Briefcase,Accessories,ProtectPro,120,900,Back to School,1/8/23,31/8/23,TV,15000,Families,240,7
1784,2023-09-11,C030,P104,6,MC002,Andrew Ivanov,Miami,USA,Phone Case,Accessories,ProtectPro,10,800,Summer Clearance,15/6/23,30/6/23,Social Media,7500,Gold Tier,60,9
1785,2023-03-03,C026,P106,5,MC002,David Okafor,Los Angeles,USA,Keyboard,Electronics,TechGear,110,1000,Summer Clearance,15/6/23,30/6/23,Social Media,7500,Gold Tier,550,3
1786,2023-10-22,C036,P102,2,MC003,Ryan Müller,Los Angeles,USA,Bluetooth Headphones,Electronics,SoundWave,30,300,Back to School,1/8/23,31/8/23,TV,15000,Families,60,10
1787,2023-05-22,C040,P110,6,MC001,Jack O'Brien,Miami,USA,Briefcase,Accessories,ProtectPro,120,900,Spring Sale,1/3/23,15/3/23,Email,5000,All Customers,720,5
1788,2023-08-02,C017,P115,9,MC001,Evelyn Kovalenko,Houston,USA,Gaming Headset,Electronics,SoundWave,50,200,Spring Sale,1/3/23,15/3/23,Email,5000,All Customers,450,8
1789,2023-09-16,C042,P106,6,MC001,Owen Takahashi,New York,USA,Keyboard,Electronics,TechGear,110,1000,Spring Sale,1/3/23,15/3/23,Email,5000,All Customers,660,9
1790,2023-12-30,C010,P102,8,MC005,William Diaz,New York,USA,Bluetooth Headphones,Electronics,SoundWave,30,300,Holiday Special,10/12/23,24/12/23,Email + Social Media,10000,Silver and Gold Tiers,240,12
1791,2023-03-24,C031,P115,4,MC005,Zoe Ramirez,Miami,USA,Gaming Headset,Electronics,SoundWave,50,200,Holiday Special,10/12/23,24/12/23,Email + Social Media,10000,Silver and Gold Tiers,200,3
1792,2023-05-14,C003,P114,4,MC001,Alice Johnson,Chicago,USA,Suitcase,Accessories,ProtectPro,120,1100,Spring Sale,1/3/23,15/3/23,Email,5000,All Customers,480,5
1793,2023-04-06,C029,P104,4,MC005,Chloe Dubois,Miami,USA,Phone Case,Accessories,ProtectPro,10,800,Holiday Special,10/12/23,24/12/23,Email + Social Media,10000,Silver and Gold Tiers,40,4
1794,2023-06-06,C024,P112,2,MC002,Samuel Kim,Chicago,USA,Desk Chair,Accessories,TechGear,40,500,Summer Clearance,15/6/23,30/6/23,Social Media,7500,Gold Tier,80,6
1795,2023-08-24,C040,P115,7,MC003,Jack O'Brien,Miami,USA,Gaming Headset,Electronics,SoundWave,50,200,Back to School,1/8/23,31/8/23,TV,15000,Families,350,8
1796,2023-08-14,C013,P107,1,MC005,Amelia Gupta,Houston,USA,Standing Desk,Accessories,SoundWave,140,1100,Holiday Special,10/12/23,24/12/23,Email + Social Media,10000,Silver and Gold Tiers,140,8
1797,2023-05-04,C040,P113,6,MC004,Jack O'Brien,Miami,USA,Bluetooth Headphones Charger,Electronics,CableMax,150,300,Black Friday,24/11/23,27/11/23,Multi-channel,25000,All Customers,900,5
1798,2023-08-23,C048,P118,4,MC004,Dylan Suzuki,New York,USA,External Microphone,Electronics,TechGear,60,1400,Black Friday,24/11/23,27/11/23,Multi-channel,25000,All Customers,240,8
1799,2023-11-28,C013,P109,7,MC004,Amelia Gupta,Houston,USA,Laptop,Electronics,TechGear,20,200,Black Friday,24/11/23,27/11/23,Multi-channel,25000,All Customers,140,11
1800,2023-02-28,C018,P114,9,MC001,Alexander Rossi,New York,USA,Suitcase,Accessories,ProtectPro,120,1100,Spring Sale,1/3/23,15/3/23,Email,5000,All Customers,1080,2
1801,2023-05-04,C024,P118,8,MC003,Samuel Kim,Chicago,USA,External Microphone,Electronics,TechGear,60,1400,Back to School,1/8/23,31/8/23,TV,15000,Families,480,5
1802,2023-05-10,C022,P108,5,MC002,Daniel Fernandez,Chicago,USA,Computer Case,Accessories,ProtectPro,110,500,Summer Clearance,15/6/23,30/6/23,Social Media,7500,Gold Tier,550,5
1803,2023-05-10,C041,P112,4,MC001,Audrey Kuznetsov,Miami,USA,Desk Chair,Accessories,TechGear,40,500,Spring Sale,1/3/23,15/3/23,Email,5000,All Customers,160,5
1804,2023-03-08,C018,P106,7,MC005,Alexander Rossi,New York,USA,Keyboard,Electronics,TechGear,110,1000,Holiday Special,10/12/23,24/12/23,Email + Social Media,10000,Silver and Gold Tiers,770,3
1805,2023-04-25,C002,P101,10,MC002,Jane Smith,Los Angeles,USA,Wireless Mouse,Electronics,TechGear,20,500,Summer Clearance,15/6/23,30/6/23,Social Media,7500,Gold Tier,200,4
1806,2023-09-06,C019,P107,3,MC005,Abigail Nakamura,Chicago,USA,Standing Desk,Accessories,SoundWave,140,1100,Holiday Special,10/12/23,24/12/23,Email + Social Media,10000,Silver and Gold Tiers,420,9
1807,2023-11-30,C003,P116,5,MC005,Alice Johnson,Chicago,USA,Cleanup Kit,Accessories,TechGear,20,1300,Holiday Special,10/12/23,24/12/23,Email + Social Media,10000,Silver and Gold Tiers,100,11
1808,2023-07-28,C020,P117,10,MC002,Michael Andersen,Houston,USA,Bluetooth Speaker,Electronics,SoundWave,140,200,Summer Clearance,15/6/23,30/6/23,Social Media,7500,Gold Tier,1400,7
1809,2023-11-06,C037,P114,10,MC005,Victoria Kozlov,Chicago,USA,Suitcase,Accessories,ProtectPro,120,1100,Holiday Special,10/12/23,24/12/23,Email + Social Media,10000,Silver and Gold Tiers,1200,11
1810,2023-06-19,C005,P112,10,MC001,Emma Brown,Miami,USA,Desk Chair,Accessories,TechGear,40,500,Spring Sale,1/3/23,15/3/23,Email,5000,All Customers,400,6
1811,2023-09-01,C031,P103,8,MC001,Zoe Ramirez,Miami,USA,USB-C Cable,Accessories,CableMax,15,1000,Spring Sale,1/3/23,15/3/23,Email,5000,All Customers,120,9
1812,2023-10-20,C037,P118,6,MC004,Victoria Kozlov,Chicago,USA,External Microphone,Electronics,TechGear,60,1400,Black Friday,24/11/23,27/11/23,Multi-channel,25000,All Customers,360,10
1813,2023-04-07,C010,P114,3,MC002,William Diaz,New York,USA,Suitcase,Accessories,ProtectPro,120,1100,Summer Clearance,15/6/23,30/6/23,Social Media,7500,Gold Tier,360,4
1814,2023-09-30,C011,P111,4,MC002,Charlotte Hoffman,New York,USA,Backpack,Accessories,ProtectPro,30,1300,Summer Clearance,15/6/23,30/6/23,Social Media,7500,Gold Tier,120,9
1815,2023-09-05,C038,P118,5,MC003,Thomas Sanchez,Houston,USA,External Microphone,Electronics,TechGear,60,1400,Back to School,1/8/23,31/8/23,TV,15000,Families,300,9
1816,2023-03-21,C023,P119,10,MC002,Elizabeth Novak,Miami,USA,Adapter,Electronics,CableMax,40,800,Summer Clearance,15/6/23,30/6/23,Social Media,7500,Gold Tier,400,3
1817,2023-12-18,C039,P110,4,MC005,Penelope Cheng,Los Angeles,USA,Briefcase,Accessories,ProtectPro,120,900,Holiday Special,10/12/23,24/12/23,Email + Social Media,10000,Silver and Gold Tiers,480,12
1818,2023-12-17,C018,P116,4,MC005,Alexander Rossi,New York,USA,Cleanup Kit,Accessories,TechGear,20,1300,Holiday Special,10/12/23,24/12/23,Email + Social Media,10000,Silver and Gold Tiers,80,12
1819,2023-01-01,C005,P103,8,MC004,Emma Brown,Miami,USA,USB-C Cable,Accessories,CableMax,15,1000,Black Friday,24/11/23,27/11/23,Multi-channel,25000,All Customers,120,1
1820,2023-04-10,C023,P102,10,MC002,Elizabeth Novak,Miami,USA,Bluetooth Headphones,Electronics,SoundWave,30,300,Summer Clearance,15/6/23,30/6/23,Social Media,7500,Gold Tier,300,4
1821,2023-07-22,C011,P116,10,MC003,Charlotte Hoffman,New York,USA,Cleanup Kit,Accessories,TechGear,20,1300,Back to School,1/8/23,31/8/23,TV,15000,Families,200,7
1822,2023-07-15,C043,P106,6,MC003,Hannah Eriksson,New York,USA,Keyboard,Electronics,TechGear,110,1000,Back to School,1/8/23,31/8/23,TV,15000,Families,660,7
1823,2023-05-31,C027,P101,4,MC002,Grace Yamamoto,Chicago,USA,Wireless Mouse,Electronics,TechGear,20,500,Summer Clearance,15/6/23,30/6/23,Social Media,7500,Gold Tier,80,5
1824,2023-07-06,C016,P103,7,MC001,Lucas Morales,Los Angeles,USA,USB-C Cable,Accessories,CableMax,15,1000,Spring Sale,1/3/23,15/3/23,Email,5000,All Customers,105,7
1825,2023-08-07,C023,P108,10,MC003,Elizabeth Novak,Miami,USA,Computer Case,Accessories,ProtectPro,110,500,Back to School,1/8/23,31/8/23,TV,15000,Families,1100,8
1826,2023-02-16,C039,P112,9,MC005,Penelope Cheng,Los Angeles,USA,Desk Chair,Accessories,TechGear,40,500,Holiday Special,10/12/23,24/12/23,Email + Social Media,10000,Silver and Gold Tiers,360,2
1827,2023-05-21,C044,P113,7,MC005,Gabriel Santos,Los Angeles,USA,Bluetooth Headphones Charger,Electronics,CableMax,150,300,Holiday Special,10/12/23,24/12/23,Email + Social Media,10000,Silver and Gold Tiers,1050,5
1828,2023-11-09,C029,P117,3,MC003,Chloe Dubois,Miami,USA,Bluetooth Speaker,Electronics,SoundWave,140,200,Back to School,1/8/23,31/8/23,TV,15000,Families,420,11
1829,2023-08-25,C031,P120,10,MC005,Zoe Ramirez,Miami,USA,Keyboard Mousepad,Accessories,TechGear,50,400,Holiday Special,10/12/23,24/12/23,Email + Social Media,10000,Silver and Gold Tiers,500,8
1830,2023-05-04,C020,P114,4,MC002,Michael Andersen,Houston,USA,Suitcase,Accessories,ProtectPro,120,1100,Summer Clearance,15/6/23,30/6/23,Social Media,7500,Gold Tier,480,5
1831,2023-06-04,C038,P114,10,MC003,Thomas Sanchez,Houston,USA,Suitcase,Accessories,ProtectPro,120,1100,Back to School,1/8/23,31/8/23,TV,15000,Families,1200,6
1832,2023-04-26,C002,P104,4,MC002,Jane Smith,Los Angeles,USA,Phone Case,Accessories,ProtectPro,10,800,Summer Clearance,15/6/23,30/6/23,Social Media,7500,Gold Tier,40,4
1833,2023-07-14,C050,P102,5,MC004,Caleb Reyes,Houston,USA,Bluetooth Headphones,Electronics,SoundWave,30,300,Black Friday,24/11/23,27/11/23,Multi-channel,25000,All Customers,150,7
1834,2023-10-11,C012,P112,7,MC005,James Choi,Chicago,USA,Desk Chair,Accessories,TechGear,40,500,Holiday Special,10/12/23,24/12/23,Email + Social Media,10000,Silver and Gold Tiers,280,10
1835,2023-10-21,C040,P105,6,MC003,Jack O'Brien,Miami,USA,Smart Watch,Electronics,TechGear,25,200,Back to School,1/8/23,31/8/23,TV,15000,Families,150,10
1836,2023-01-19,C027,P108,6,MC005,Grace Yamamoto,Chicago,USA,Computer Case,Accessories,ProtectPro,110,500,Holiday Special,10/12/23,24/12/23,Email + Social Media,10000,Silver and Gold Tiers,660,1
1837,2023-08-31,C045,P104,10,MC002,Nora Zimmerman,Houston,USA,Phone Case,Accessories,ProtectPro,10,800,Summer Clearance,15/6/23,30/6/23,Social Media,7500,Gold Tier,100,8
1838,2023-08-20,C036,P114,4,MC002,Ryan Müller,Los Angeles,USA,Suitcase,Accessories,ProtectPro,120,1100,Summer Clearance,15/6/23,30/6/23,Social Media,7500,Gold Tier,480,8
1839,2023-11-20,C033,P104,6,MC004,Lily Sørensen,New York,USA,Phone Case,Accessories,ProtectPro,10,800,Black Friday,24/11/23,27/11/23,Multi-channel,25000,All Customers,60,11
1840,2023-09-17,C045,P116,3,MC002,Nora Zimmerman,Houston,USA,Cleanup Kit,Accessories,TechGear,20,1300,Summer Clearance,15/6/23,30/6/23,Social Media,7500,Gold Tier,60,9
1841,2023-03-18,C039,P108,10,MC002,Penelope Cheng,Los Angeles,USA,Computer Case,Accessories,ProtectPro,110,500,Summer Clearance,15/6/23,30/6/23,Social Media,7500,Gold Tier,1100,3
1842,2023-03-13,C031,P117,4,MC001,Zoe Ramirez,Miami,USA,Bluetooth Speaker,Electronics,SoundWave,140,200,Spring Sale,1/3/23,15/3/23,Email,5000,All Customers,560,3
1843,2023-08-26,C006,P108,10,MC005,Noah Chen,Los Angeles,USA,Computer Case,Accessories,ProtectPro,110,500,Holiday Special,10/12/23,24/12/23,Email + Social Media,10000,Silver and Gold Tiers,1100,8
1844,2023-04-08,C029,P118,4,MC003,Chloe Dubois,Miami,USA,External Microphone,Electronics,TechGear,60,1400,Back to School,1/8/23,31/8/23,TV,15000,Families,240,4
1845,2023-12-24,C042,P119,6,MC005,Owen Takahashi,New York,USA,Adapter,Electronics,CableMax,40,800,Holiday Special,10/12/23,24/12/23,Email + Social Media,10000,Silver and Gold Tiers,240,12
1846,2023-05-05,C043,P111,5,MC005,Hannah Eriksson,New York,USA,Backpack,Accessories,ProtectPro,30,1300,Holiday Special,10/12/23,24/12/23,Email + Social Media,10000,Silver and Gold Tiers,150,5
1847,2023-12-14,C029,P109,3,MC004,Chloe Dubois,Miami,USA,Laptop,Electronics,TechGear,20,200,Black Friday,24/11/23,27/11/23,Multi-channel,25000,All Customers,60,12
1848,2023-03-21,C039,P101,6,MC003,Penelope Cheng,Los Angeles,USA,Wireless Mouse,Electronics,TechGear,20,500,Back to School,1/8/23,31/8/23,TV,15000,Families,120,3
1849,2023-09-27,C019,P113,3,MC005,Abigail Nakamura,Chicago,USA,Bluetooth Headphones Charger,Electronics,CableMax,150,300,Holiday Special,10/12/23,24/12/23,Email + Social Media,10000,Silver and Gold Tiers,450,9
1850,2023-05-26,C035,P101,3,MC004,Scarlett Watanabe,Los Angeles,USA,Wireless Mouse,Electronics,TechGear,20,500,Black Friday,24/11/23,27/11/23,Multi-channel,25000,All Customers,60,5
1851,2023-03-12,C039,P113,8,MC002,Penelope Cheng,Los Angeles,USA,Bluetooth Headphones Charger,Electronics,CableMax,150,300,Summer Clearance,15/6/23,30/6/23,Social Media,7500,Gold Tier,1200,3
1852,2023-03-09,C024,P102,4,MC002,Samuel Kim,Chicago,USA,Bluetooth Headphones,Electronics,SoundWave,30,300,Summer Clearance,15/6/23,30/6/23,Social Media,7500,Gold Tier,120,3
1853,2024-01-01,C043,P120,9,MC001,Hannah Eriksson,New York,USA,Keyboard Mousepad,Accessories,TechGear,50,400,Spring Sale,1/3/23,15/3/23,Email,5000,All Customers,450,1
1854,2023-11-25,C019,P115,7,MC005,Abigail Nakamura,Chicago,USA,Gaming Headset,Electronics,SoundWave,50,200,Holiday Special,10/12/23,24/12/23,Email + Social Media,10000,Silver and Gold Tiers,350,11
1855,2023-02-01,C033,P116,9,MC001,Lily Sørensen,New York,USA,Cleanup Kit,Accessories,TechGear,20,1300,Spring Sale,1/3/23,15/3/23,Email,5000,All Customers,180,2
1856,2023-04-21,C028,P114,4,MC003,Joseph Mendoza,New York,USA,Suitcase,Accessories,ProtectPro,120,1100,Back to School,1/8/23,31/8/23,TV,15000,Families,480,4
1857,2023-01-14,C025,P109,1,MC004,Sofia Petrov,Los Angeles,USA,Laptop,Electronics,TechGear,20,200,Black Friday,24/11/23,27/11/23,Multi-channel,25000,All Customers,20,1
1858,2023-08-13,C049,P103,1,MC005,Mila Popovic,Los Angeles,USA,USB-C Cable,Accessories,CableMax,15,1000,Holiday Special,10/12/23,24/12/23,Email + Social Media,10000,Silver and Gold Tiers,15,8
1859,2023-03-14,C033,P109,1,MC003,Lily Sørensen,New York,USA,Laptop,Electronics,TechGear,20,200,Back to School,1/8/23,31/8/23,TV,15000,Families,20,3
1860,2023-12-26,C032,P118,5,MC002,Christopher Lee,Los Angeles,USA,External Microphone,Electronics,TechGear,60,1400,Summer Clearance,15/6/23,30/6/23,Social Media,7500,Gold Tier,300,12
1861,2023-06-04,C034,P113,6,MC003,Matthew Gonzalez,Houston,USA,Bluetooth Headphones Charger,Electronics,CableMax,150,300,Back to School,1/8/23,31/8/23,TV,15000,Families,900,6
1862,2023-09-09,C046,P109,9,MC005,Isaac Nkosi,Houston,USA,Laptop,Electronics,TechGear,20,200,Holiday Special,10/12/23,24/12/23,Email + Social Media,10000,Silver and Gold Tiers,180,9
1863,2023-01-17,C035,P112,5,MC002,Scarlett Watanabe,Los Angeles,USA,Desk Chair,Accessories,TechGear,40,500,Summer Clearance,15/6/23,30/6/23,Social Media,7500,Gold Tier,200,1
1864,2023-05-15,C011,P103,3,MC001,Charlotte Hoffman,New York,USA,USB-C Cable,Accessories,CableMax,15,1000,Spring Sale,1/3/23,15/3/23,Email,5000,All Customers,45,5
1865,2023-12-01,C038,P109,4,MC002,Thomas Sanchez,Houston,USA,Laptop,Electronics,TechGear,20,200,Summer Clearance,15/6/23,30/6/23,Social Media,7500,Gold Tier,80,12
1866,2023-01-24,C041,P118,3,MC005,Audrey Kuznetsov,Miami,USA,External Microphone,Electronics,TechGear,60,1400,Holiday Special,10/12/23,24/12/23,Email + Social Media,10000,Silver and Gold Tiers,180,1
1867,2023-09-22,C015,P114,9,MC002,Harper Singh,Houston,USA,Suitcase,Accessories,ProtectPro,120,1100,Summer Clearance,15/6/23,30/6/23,Social Media,7500,Gold Tier,1080,9
1868,2023-12-29,C005,P118,4,MC002,Emma Brown,Miami,USA,External Microphone,Electronics,TechGear,60,1400,Summer Clearance,15/6/23,30/6/23,Social Media,7500,Gold Tier,240,12
1869,2023-04-13,C005,P102,9,MC003,Emma Brown,Miami,USA,Bluetooth Headphones,Electronics,SoundWave,30,300,Back to School,1/8/23,31/8/23,TV,15000,Families,270,4
1870,2023-04-09,C029,P104,9,MC003,Chloe Dubois,Miami,USA,Phone Case,Accessories,ProtectPro,10,800,Back to School,1/8/23,31/8/23,TV,15000,Families,90,4
1871,2023-03-12,C037,P113,4,MC004,Victoria Kozlov,Chicago,USA,Bluetooth Headphones Charger,Electronics,CableMax,150,300,Black Friday,24/11/23,27/11/23,Multi-channel,25000,All Customers,600,3
1872,2023-07-28,C012,P113,10,MC005,James Choi,Chicago,USA,Bluetooth Headphones Charger,Electronics,CableMax,150,300,Holiday Special,10/12/23,24/12/23,Email + Social Media,10000,Silver and Gold Tiers,1500,7
1873,2023-08-14,C022,P110,3,MC003,Daniel Fernandez,Chicago,USA,Briefcase,Accessories,ProtectPro,120,900,Back to School,1/8/23,31/8/23,TV,15000,Families,360,8
1874,2023-03-20,C047,P118,2,MC005,Leah Fontaine,Miami,USA,External Microphone,Electronics,TechGear,60,1400,Holiday Special,10/12/23,24/12/23,Email + Social Media,10000,Silver and Gold Tiers,120,3
1875,2023-05-15,C041,P107,7,MC003,Audrey Kuznetsov,Miami,USA,Standing Desk,Accessories,SoundWave,140,1100,Back to School,1/8/23,31/8/23,TV,15000,Families,980,5
1876,2023-06-21,C035,P108,9,MC002,Scarlett Watanabe,Los Angeles,USA,Computer Case,Accessories,ProtectPro,110,500,Summer Clearance,15/6/23,30/6/23,Social Media,7500,Gold Tier,990,6
1877,2023-05-12,C048,P109,6,MC004,Dylan Suzuki,New York,USA,Laptop,Electronics,TechGear,20,200,Black Friday,24/11/23,27/11/23,Multi-channel,25000,All Customers,120,5
1878,2023-10-14,C018,P111,5,MC003,Alexander Rossi,New York,USA,Backpack,Accessories,ProtectPro,30,1300,Back to School,1/8/23,31/8/23,TV,15000,Families,150,10
1879,2023-05-09,C037,P120,1,MC002,Victoria Kozlov,Chicago,USA,Keyboard Mousepad,Accessories,TechGear,50,400,Summer Clearance,15/6/23,30/6/23,Social Media,7500,Gold Tier,50,5
1880,2023-03-04,C031,P110,4,MC003,Zoe Ramirez,Miami,USA,Briefcase,Accessories,ProtectPro,120,900,Back to School,1/8/23,31/8/23,TV,15000,Families,480,3
1881,2023-03-30,C029,P101,9,MC002,Chloe Dubois,Miami,USA,Wireless Mouse,Electronics,TechGear,20,500,Summer Clearance,15/6/23,30/6/23,Social Media,7500,Gold Tier,180,3
1882,2023-12-18,C004,P113,2,MC004,Bob Wilson,Houston,USA,Bluetooth Headphones Charger,Electronics,CableMax,150,300,Black Friday,24/11/23,27/11/23,Multi-channel,25000,All Customers,300,12
1883,2023-05-22,C020,P113,5,MC004,Michael Andersen,Houston,USA,Bluetooth Headphones Charger,Electronics,CableMax,150,300,Black Friday,24/11/23,27/11/23,Multi-channel,25000,All Customers,750,5
1884,2023-02-26,C049,P119,4,MC002,Mila Popovic,Los Angeles,USA,Adapter,Electronics,CableMax,40,800,Summer Clearance,15/6/23,30/6/23,Social Media,7500,Gold Tier,160,2
1885,2023-01-19,C006,P114,6,MC004,Noah Chen,Los Angeles,USA,Suitcase,Accessories,ProtectPro,120,1100,Black Friday,24/11/23,27/11/23,Multi-channel,25000,All Customers,720,1
1886,2023-04-22,C029,P107,2,MC002,Chloe Dubois,Miami,USA,Standing Desk,Accessories,SoundWave,140,1100,Summer Clearance,15/6/23,30/6/23,Social Media,7500,Gold Tier,280,4
1887,2023-09-06,C043,P118,2,MC002,Hannah Eriksson,New York,USA,External Microphone,Electronics,TechGear,60,1400,Summer Clearance,15/6/23,30/6/23,Social Media,7500,Gold Tier,120,9
1888,2023-07-09,C006,P106,10,MC002,Noah Chen,Los Angeles,USA,Keyboard,Electronics,TechGear,110,1000,Summer Clearance,15/6/23,30/6/23,Social Media,7500,Gold Tier,1100,7
1889,2023-11-30,C049,P108,6,MC001,Mila Popovic,Los Angeles,USA,Computer Case,Accessories,ProtectPro,110,500,Spring Sale,1/3/23,15/3/23,Email,5000,All Customers,660,11
1890,2023-10-07,C031,P103,7,MC001,Zoe Ramirez,Miami,USA,USB-C Cable,Accessories,CableMax,15,1000,Spring Sale,1/3/23,15/3/23,Email,5000,All Customers,105,10
1891,2023-08-12,C010,P113,7,MC001,William Diaz,New York,USA,Bluetooth Headphones Charger,Electronics,CableMax,150,300,Spring Sale,1/3/23,15/3/23,Email,5000,All Customers,1050,8
1892,2023-11-05,C037,P111,10,MC003,Victoria Kozlov,Chicago,USA,Backpack,Accessories,ProtectPro,30,1300,Back to School,1/8/23,31/8/23,TV,15000,Families,300,11
1893,2023-03-20,C036,P117,5,MC002,Ryan Müller,Los Angeles,USA,Bluetooth Speaker,Electronics,SoundWave,140,200,Summer Clearance,15/6/23,30/6/23,Social Media,7500,Gold Tier,700,3
1894,2023-01-13,C008,P104,9,MC003,Mason Fitzgerald,Houston,USA,Phone Case,Accessories,ProtectPro,10,800,Back to School,1/8/23,31/8/23,TV,15000,Families,90,1
1895,2023-10-03,C019,P118,3,MC001,Abigail Nakamura,Chicago,USA,External Microphone,Electronics,TechGear,60,1400,Spring Sale,1/3/23,15/3/23,Email,5000,All Customers,180,10
1896,2023-08-12,C039,P107,5,MC004,Penelope Cheng,Los Angeles,USA,Standing Desk,Accessories,SoundWave,140,1100,Black Friday,24/11/23,27/11/23,Multi-channel,25000,All Customers,700,8
1897,2023-10-29,C048,P111,7,MC005,Dylan Suzuki,New York,USA,Backpack,Accessories,ProtectPro,30,1300,Holiday Special,10/12/23,24/12/23,Email + Social Media,10000,Silver and Gold Tiers,210,10
1898,2023-10-28,C010,P118,2,MC001,William Diaz,New York,USA,External Microphone,Electronics,TechGear,60,1400,Spring Sale,1/3/23,15/3/23,Email,5000,All Customers,120,10
1899,2023-06-20,C023,P113,6,MC003,Elizabeth Novak,Miami,USA,Bluetooth Headphones Charger,Electronics,CableMax,150,300,Back to School,1/8/23,31/8/23,TV,15000,Families,900,6
1900,2023-04-28,C003,P102,2,MC001,Alice Johnson,Chicago,USA,Bluetooth Headphones,Electronics,SoundWave,30,300,Spring Sale,1/3/23,15/3/23,Email,5000,All Customers,60,4
1901,2023-11-06,C037,P113,10,MC005,Victoria Kozlov,Chicago,USA,Bluetooth Headphones Charger,Electronics,CableMax,150,300,Holiday Special,10/12/23,24/12/23,Email + Social Media,10000,Silver and Gold Tiers,1500,11
1902,2023-06-23,C002,P102,9,MC004,Jane Smith,Los Angeles,USA,Bluetooth Headphones,Electronics,SoundWave,30,300,Black Friday,24/11/23,27/11/23,Multi-channel,25000,All Customers,270,6
1903,2023-10-30,C024,P102,2,MC002,Samuel Kim,Chicago,USA,Bluetooth Headphones,Electronics,SoundWave,30,300,Summer Clearance,15/6/23,30/6/23,Social Media,7500,Gold Tier,60,10
1904,2023-07-03,C029,P112,2,MC002,Chloe Dubois,Miami,USA,Desk Chair,Accessories,TechGear,40,500,Summer Clearance,15/6/23,30/6/23,Social Media,7500,Gold Tier,80,7
1905,2023-12-01,C049,P113,4,MC004,Mila Popovic,Los Angeles,USA,Bluetooth Headphones Charger,Electronics,CableMax,150,300,Black Friday,24/11/23,27/11/23,Multi-channel,25000,All Customers,600,12
1906,2023-03-08,C008,P114,3,MC003,Mason Fitzgerald,Houston,USA,Suitcase,Accessories,ProtectPro,120,1100,Back to School,1/8/23,31/8/23,TV,15000,Families,360,3
1907,2023-11-26,C036,P101,9,MC004,Ryan Müller,Los Angeles,USA,Wireless Mouse,Electronics,TechGear,20,500,Black Friday,24/11/23,27/11/23,Multi-channel,25000,All Customers,180,11
1908,2023-04-06,C030,P107,8,MC001,Andrew Ivanov,Miami,USA,Standing Desk,Accessories,SoundWave,140,1100,Spring Sale,1/3/23,15/3/23,Email,5000,All Customers,1120,4
1909,2023-02-28,C011,P117,5,MC001,Charlotte Hoffman,New York,USA,Bluetooth Speaker,Electronics,SoundWave,140,200,Spring Sale,1/3/23,15/3/23,Email,5000,All Customers,700,2
1910,2023-08-06,C022,P105,6,MC004,Daniel Fernandez,Chicago,USA,Smart Watch,Electronics,TechGear,25,200,Black Friday,24/11/23,27/11/23,Multi-channel,25000,All Customers,150,8
1911,2023-07-07,C007,P117,1,MC004,Ava Kowalski,Chicago,USA,Bluetooth Speaker,Electronics,SoundWave,140,200,Black Friday,24/11/23,27/11/23,Multi-channel,25000,All Customers,140,7
1912,2023-06-01,C009,P119,2,MC003,Isabella Tanaka,Chicago,USA,Adapter,Electronics,CableMax,40,800,Back to School,1/8/23,31/8/23,TV,15000,Families,80,6
1913,2023-01-11,C038,P117,3,MC003,Thomas Sanchez,Houston,USA,Bluetooth Speaker,Electronics,SoundWave,140,200,Back to School,1/8/23,31/8/23,TV,15000,Families,420,1
1914,2023-09-11,C025,P115,2,MC003,Sofia Petrov,Los Angeles,USA,Gaming Headset,Electronics,SoundWave,50,200,Back to School,1/8/23,31/8/23,TV,15000,Families,100,9
1915,2023-01-28,C029,P113,6,MC002,Chloe Dubois,Miami,USA,Bluetooth Headphones Charger,Electronics,CableMax,150,300,Summer Clearance,15/6/23,30/6/23,Social Media,7500,Gold Tier,900,1
1916,2023-11-18,C044,P110,8,MC005,Gabriel Santos,Los Angeles,USA,Briefcase,Accessories,ProtectPro,120,900,Holiday Special,10/12/23,24/12/23,Email + Social Media,10000,Silver and Gold Tiers,960,11
1917,2023-09-15,C007,P115,8,MC002,Ava Kowalski,Chicago,USA,Gaming Headset,Electronics,SoundWave,50,200,Summer Clearance,15/6/23,30/6/23,Social Media,7500,Gold Tier,400,9
1918,2023-02-27,C050,P116,8,MC001,Caleb Reyes,Houston,USA,Cleanup Kit,Accessories,TechGear,20,1300,Spring Sale,1/3/23,15/3/23,Email,5000,All Customers,160,2
1919,2023-08-01,C008,P116,9,MC001,Mason Fitzgerald,Houston,USA,Cleanup Kit,Accessories,TechGear,20,1300,Spring Sale,1/3/23,15/3/23,Email,5000,All Customers,180,8
1920,2023-05-27,C038,P116,6,MC001,Thomas Sanchez,Houston,USA,Cleanup Kit,Accessories,TechGear,20,1300,Spring Sale,1/3/23,15/3/23,Email,5000,All Customers,120,5
1921,2023-09-14,C033,P101,10,MC004,Lily Sørensen,New York,USA,Wireless Mouse,Electronics,TechGear,20,500,Black Friday,24/11/23,27/11/23,Multi-channel,25000,All Customers,200,9
1922,2023-04-18,C024,P106,4,MC004,Samuel Kim,Chicago,USA,Keyboard,Electronics,TechGear,110,1000,Black Friday,24/11/23,27/11/23,Multi-channel,25000,All Customers,440,4
1923,2023-12-18,C025,P109,10,MC001,Sofia Petrov,Los Angeles,USA,Laptop,Electronics,TechGear,20,200,Spring Sale,1/3/23,15/3/23,Email,5000,All Customers,200,12
1924,2023-03-10,C029,P105,2,MC005,Chloe Dubois,Miami,USA,Smart Watch,Electronics,TechGear,25,200,Holiday Special,10/12/23,24/12/23,Email + Social Media,10000,Silver and Gold Tiers,50,3
1925,2023-04-19,C007,P114,5,MC002,Ava Kowalski,Chicago,USA,Suitcase,Accessories,ProtectPro,120,1100,Summer Clearance,15/6/23,30/6/23,Social Media,7500,Gold Tier,600,4
1926,2023-06-29,C010,P108,8,MC004,William Diaz,New York,USA,Computer Case,Accessories,ProtectPro,110,500,Black Friday,24/11/23,27/11/23,Multi-channel,25000,All Customers,880,6
1927,2023-05-24,C044,P116,6,MC003,Gabriel Santos,Los Angeles,USA,Cleanup Kit,Accessories,TechGear,20,1300,Back to School,1/8/23,31/8/23,TV,15000,Families,120,5
1928,2023-12-16,C008,P120,4,MC005,Mason Fitzgerald,Houston,USA,Keyboard Mousepad,Accessories,TechGear,50,400,Holiday Special,10/12/23,24/12/23,Email + Social Media,10000,Silver and Gold Tiers,200,12
1929,2023-03-27,C039,P113,5,MC001,Penelope Cheng,Los Angeles,USA,Bluetooth Headphones Charger,Electronics,CableMax,150,300,Spring Sale,1/3/23,15/3/23,Email,5000,All Customers,750,3
1930,2023-12-20,C033,P111,2,MC002,Lily Sørensen,New York,USA,Backpack,Accessories,ProtectPro,30,1300,Summer Clearance,15/6/23,30/6/23,Social Media,7500,Gold Tier,60,12
1931,2023-02-14,C034,P103,6,MC001,Matthew Gonzalez,Houston,USA,USB-C Cable,Accessories,CableMax,15,1000,Spring Sale,1/3/23,15/3/23,Email,5000,All Customers,90,2
1932,2023-07-18,C044,P117,3,MC004,Gabriel Santos,Los Angeles,USA,Bluetooth Speaker,Electronics,SoundWave,140,200,Black Friday,24/11/23,27/11/23,Multi-channel,25000,All Customers,420,7
1933,2023-07-20,C050,P105,5,MC005,Caleb Reyes,Houston,USA,Smart Watch,Electronics,TechGear,25,200,Holiday Special,10/12/23,24/12/23,Email + Social Media,10000,Silver and Gold Tiers,125,7
1934,2023-05-24,C006,P113,4,MC005,Noah Chen,Los Angeles,USA,Bluetooth Headphones Charger,Electronics,CableMax,150,300,Holiday Special,10/12/23,24/12/23,Email + Social Media,10000,Silver and Gold Tiers,600,5
1935,2023-08-30,C036,P105,4,MC004,Ryan Müller,Los Angeles,USA,Smart Watch,Electronics,TechGear,25,200,Black Friday,24/11/23,27/11/23,Multi-channel,25000,All Customers,100,8
1936,2023-07-04,C030,P110,9,MC001,Andrew Ivanov,Miami,USA,Briefcase,Accessories,ProtectPro,120,900,Spring Sale,1/3/23,15/3/23,Email,5000,All Customers,1080,7
1937,2023-06-17,C043,P111,4,MC005,Hannah Eriksson,New York,USA,Backpack,Accessories,ProtectPro,30,1300,Holiday Special,10/12/23,24/12/23,Email + Social Media,10000,Silver and Gold Tiers,120,6
1938,2023-07-25,C045,P116,2,MC002,Nora Zimmerman,Houston,USA,Cleanup Kit,Accessories,TechGear,20,1300,Summer Clearance,15/6/23,30/6/23,Social Media,7500,Gold Tier,40,7
1939,2023-11-06,C035,P114,6,MC005,Scarlett Watanabe,Los Angeles,USA,Suitcase,Accessories,ProtectPro,120,1100,Holiday Special,10/12/23,24/12/23,Email + Social Media,10000,Silver and Gold Tiers,720,11
1940,2023-04-07,C020,P103,9,MC002,Michael Andersen,Houston,USA,USB-C Cable,Accessories,CableMax,15,1000,Summer Clearance,15/6/23,30/6/23,Social Media,7500,Gold Tier,135,4
1941,2023-01-18,C009,P112,7,MC001,Isabella Tanaka,Chicago,USA,Desk Chair,Accessories,TechGear,40,500,Spring Sale,1/3/23,15/3/23,Email,5000,All Customers,280,1
1942,2023-02-01,C016,P119,2,MC002,Lucas Morales,Los Angeles,USA,Adapter,Electronics,CableMax,40,800,Summer Clearance,15/6/23,30/6/23,Social Media,7500,Gold Tier,80,2
1943,2023-06-07,C011,P103,6,MC001,Charlotte Hoffman,New York,USA,USB-C Cable,Accessories,CableMax,15,1000,Spring Sale,1/3/23,15/3/23,Email,5000,All Customers,90,6
1944,2023-11-05,C032,P106,1,MC001,Christopher Lee,Los Angeles,USA,Keyboard,Electronics,TechGear,110,1000,Spring Sale,1/3/23,15/3/23,Email,5000,All Customers,110,11
1945,2023-12-18,C002,P115,8,MC005,Jane Smith,Los Angeles,USA,Gaming Headset,Electronics,SoundWave,50,200,Holiday Special,10/12/23,24/12/23,Email + Social Media,10000,Silver and Gold Tiers,400,12
1946,2023-10-10,C047,P113,3,MC003,Leah Fontaine,Miami,USA,Bluetooth Headphones Charger,Electronics,CableMax,150,300,Back to School,1/8/23,31/8/23,TV,15000,Families,450,10
1947,2023-10-12,C025,P108,1,MC002,Sofia Petrov,Los Angeles,USA,Computer Case,Accessories,ProtectPro,110,500,Summer Clearance,15/6/23,30/6/23,Social Media,7500,Gold Tier,110,10
1948,2023-08-19,C026,P107,9,MC001,David Okafor,Los Angeles,USA,Standing Desk,Accessories,SoundWave,140,1100,Spring Sale,1/3/23,15/3/23,Email,5000,All Customers,1260,8
1949,2023-08-29,C015,P108,8,MC003,Harper Singh,Houston,USA,Computer Case,Accessories,ProtectPro,110,500,Back to School,1/8/23,31/8/23,TV,15000,Families,880,8
1950,2023-08-19,C012,P104,1,MC003,James Choi,Chicago,USA,Phone Case,Accessories,ProtectPro,10,800,Back to School,1/8/23,31/8/23,TV,15000,Families,10,8
1951,2023-03-07,C026,P104,7,MC004,David Okafor,Los Angeles,USA,Phone Case,Accessories,ProtectPro,10,800,Black Friday,24/11/23,27/11/23,Multi-channel,25000,All Customers,70,3
1952,2023-11-17,C029,P107,5,MC001,Chloe Dubois,Miami,USA,Standing Desk,Accessories,SoundWave,140,1100,Spring Sale,1/3/23,15/3/23,Email,5000,All Customers,700,11
1953,2023-06-02,C020,P109,4,MC002,Michael Andersen,Houston,USA,Laptop,Electronics,TechGear,20,200,Summer Clearance,15/6/23,30/6/23,Social Media,7500,Gold Tier,80,6
1954,2023-01-19,C013,P102,8,MC001,Amelia Gupta,Houston,USA,Bluetooth Headphones,Electronics,SoundWave,30,300,Spring Sale,1/3/23,15/3/23,Email,5000,All Customers,240,1
1955,2023-05-18,C036,P115,9,MC005,Ryan Müller,Los Angeles,USA,Gaming Headset,Electronics,SoundWave,50,200,Holiday Special,10/12/23,24/12/23,Email + Social Media,10000,Silver and Gold Tiers,450,5
1956,2023-01-27,C011,P112,1,MC005,Charlotte Hoffman,New York,USA,Desk Chair,Accessories,TechGear,40,500,Holiday Special,10/12/23,24/12/23,Email + Social Media,10000,Silver and Gold Tiers,40,1
1957,2023-12-31,C022,P108,1,MC005,Daniel Fernandez,Chicago,USA,Computer Case,Accessories,ProtectPro,110,500,Holiday Special,10/12/23,24/12/23,Email + Social Media,10000,Silver and Gold Tiers,110,12
1958,2023-03-09,C012,P109,9,MC003,James Choi,Chicago,USA,Laptop,Electronics,TechGear,20,200,Back to School,1/8/23,31/8/23,TV,15000,Families,180,3
1959,2023-03-26,C043,P116,8,MC002,Hannah Eriksson,New York,USA,Cleanup Kit,Accessories,TechGear,20,1300,Summer Clearance,15/6/23,30/6/23,Social Media,7500,Gold Tier,160,3
1960,2023-09-18,C018,P108,4,MC003,Alexander Rossi,New York,USA,Computer Case,Accessories,ProtectPro,110,500,Back to School,1/8/23,31/8/23,TV,15000,Families,440,9
1961,2023-08-08,C046,P117,5,MC005,Isaac Nkosi,Houston,USA,Bluetooth Speaker,Electronics,SoundWave,140,200,Holiday Special,10/12/23,24/12/23,Email + Social Media,10000,Silver and Gold Tiers,700,8
1962,2023-08-06,C027,P119,4,MC004,Grace Yamamoto,Chicago,USA,Adapter,Electronics,CableMax,40,800,Black Friday,24/11/23,27/11/23,Multi-channel,25000,All Customers,160,8
1963,2023-07-26,C018,P109,8,MC003,Alexander Rossi,New York,USA,Laptop,Electronics,TechGear,20,200,Back to School,1/8/23,31/8/23,TV,15000,Families,160,7
1964,2023-04-27,C044,P108,2,MC002,Gabriel Santos,Los Angeles,USA,Computer Case,Accessories,ProtectPro,110,500,Summer Clearance,15/6/23,30/6/23,Social Media,7500,Gold Tier,220,4
1965,2023-11-10,C023,P111,1,MC002,Elizabeth Novak,Miami,USA,Backpack,Accessories,ProtectPro,30,1300,Summer Clearance,15/6/23,30/6/23,Social Media,7500,Gold Tier,30,11
1966,2023-01-07,C008,P117,4,MC004,Mason Fitzgerald,Houston,USA,Bluetooth Speaker,Electronics,SoundWave,140,200,Black Friday,24/11/23,27/11/23,Multi-channel,25000,All Customers,560,1
1967,2023-12-12,C039,P109,6,MC004,Penelope Cheng,Los Angeles,USA,Laptop,Electronics,TechGear,20,200,Black Friday,24/11/23,27/11/23,Multi-channel,25000,All Customers,120,12
1968,2023-04-04,C032,P116,8,MC001,Christopher Lee,Los Angeles,USA,Cleanup Kit,Accessories,TechGear,20,1300,Spring Sale,1/3/23,15/3/23,Email,5000,All Customers,160,4
1969,2023-01-30,C031,P114,1,MC005,Zoe Ramirez,Miami,USA,Suitcase,Accessories,ProtectPro,120,1100,Holiday Special,10/12/23,24/12/23,Email + Social Media,10000,Silver and Gold Tiers,120,1
1970,2023-12-24,C019,P109,1,MC004,Abigail Nakamura,Chicago,USA,Laptop,Electronics,TechGear,20,200,Black Friday,24/11/23,27/11/23,Multi-channel,25000,All Customers,20,12
1971,2023-12-23,C006,P116,9,MC003,Noah Chen,Los Angeles,USA,Cleanup Kit,Accessories,TechGear,20,1300,Back to School,1/8/23,31/8/23,TV,15000,Families,180,12
1972,2023-12-04,C023,P119,4,MC003,Elizabeth Novak,Miami,USA,Adapter,Electronics,CableMax,40,800,Back to School,1/8/23,31/8/23,TV,15000,Families,160,12
1973,2023-11-24,C028,P117,2,MC005,Joseph Mendoza,New York,USA,Bluetooth Speaker,Electronics,SoundWave,140,200,Holiday Special,10/12/23,24/12/23,Email + Social Media,10000,Silver and Gold Tiers,280,11
1974,2023-03-22,C009,P111,10,MC002,Isabella Tanaka,Chicago,USA,Backpack,Accessories,ProtectPro,30,1300,Summer Clearance,15/6/23,30/6/23,Social Media,7500,Gold Tier,300,3
1975,2023-10-13,C013,P112,10,MC002,Amelia Gupta,Houston,USA,Desk Chair,Accessories,TechGear,40,500,Summer Clearance,15/6/23,30/6/23,Social Media,7500,Gold Tier,400,10
1976,2023-10-18,C034,P110,10,MC005,Matthew Gonzalez,Houston,USA,Briefcase,Accessories,ProtectPro,120,900,Holiday Special,10/12/23,24/12/23,Email + Social Media,10000,Silver and Gold Tiers,1200,10
1977,2023-11-12,C013,P114,3,MC001,Amelia Gupta,Houston,USA,Suitcase,Accessories,ProtectPro,120,1100,Spring Sale,1/3/23,15/3/23,Email,5000,All Customers,360,11
1978,2023-06-07,C017,P105,9,MC003,Evelyn Kovalenko,Houston,USA,Smart Watch,Electronics,TechGear,25,200,Back to School,1/8/23,31/8/23,TV,15000,Families,225,6
1979,2023-07-11,C032,P117,3,MC001,Christopher Lee,Los Angeles,USA,Bluetooth Speaker,Electronics,SoundWave,140,200,Spring Sale,1/3/23,15/3/23,Email,5000,All Customers,420,7
1980,2023-03-05,C010,P107,1,MC003,William Diaz,New York,USA,Standing Desk,Accessories,SoundWave,140,1100,Back to School,1/8/23,31/8/23,TV,15000,Families,140,3
1981,2023-10-15,C050,P103,6,MC004,Caleb Reyes,Houston,USA,USB-C Cable,Accessories,CableMax,15,1000,Black Friday,24/11/23,27/11/23,Multi-channel,25000,All Customers,90,10
1982,2023-03-09,C018,P112,8,MC003,Alexander Rossi,New York,USA,Desk Chair,Accessories,TechGear,40,500,Back to School,1/8/23,31/8/23,TV,15000,Families,320,3
1983,2023-08-16,C039,P109,8,MC004,Penelope Cheng,Los Angeles,USA,Laptop,Electronics,TechGear,20,200,Black Friday,24/11/23,27/11/23,Multi-channel,25000,All Customers,160,8
1984,2023-02-22,C033,P115,5,MC003,Lily Sørensen,New York,USA,Gaming Headset,Electronics,SoundWave,50,200,Back to School,1/8/23,31/8/23,TV,15000,Families,250,2
1985,2023-02-28,C033,P113,1,MC005,Lily Sørensen,New York,USA,Bluetooth Headphones Charger,Electronics,CableMax,150,300,Holiday Special,10/12/23,24/12/23,Email + Social Media,10000,Silver and Gold Tiers,150,2
1986,2023-10-03,C006,P116,10,MC003,Noah Chen,Los Angeles,USA,Cleanup Kit,Accessories,TechGear,20,1300,Back to School,1/8/23,31/8/23,TV,15000,Families,200,10
1987,2023-01-25,C037,P102,6,MC005,Victoria Kozlov,Chicago,USA,Bluetooth Headphones,Electronics,SoundWave,30,300,Holiday Special,10/12/23,24/12/23,Email + Social Media,10000,Silver and Gold Tiers,180,1
1988,2023-10-26,C013,P109,10,MC005,Amelia Gupta,Houston,USA,Laptop,Electronics,TechGear,20,200,Holiday Special,10/12/23,24/12/23,Email + Social Media,10000,Silver and Gold Tiers,200,10
1989,2023-07-18,C040,P112,7,MC002,Jack O'Brien,Miami,USA,Desk Chair,Accessories,TechGear,40,500,Summer Clearance,15/6/23,30/6/23,Social Media,7500,Gold Tier,280,7
1990,2023-12-22,C029,P115,4,MC004,Chloe Dubois,Miami,USA,Gaming Headset,Electronics,SoundWave,50,200,Black Friday,24/11/23,27/11/23,Multi-channel,25000,All Customers,200,12
1991,2023-02-04,C001,P106,4,MC003,John Doe,New York,USA,Keyboard,Electronics,TechGear,110,1000,Back to School,1/8/23,31/8/23,TV,15000,Families,440,2
1992,2023-04-08,C050,P117,6,MC005,Caleb Reyes,Houston,USA,Bluetooth Speaker,Electronics,SoundWave,140,200,Holiday Special,10/12/23,24/12/23,Email + Social Media,10000,Silver and Gold Tiers,840,4
1993,2023-02-05,C025,P104,4,MC004,Sofia Petrov,Los Angeles,USA,Phone Case,Accessories,ProtectPro,10,800,Black Friday,24/11/23,27/11/23,Multi-channel,25000,All Customers,40,2
1994,2023-07-09,C021,P109,6,MC001,Emily Schwartz,Los Angeles,USA,Laptop,Electronics,TechGear,20,200,Spring Sale,1/3/23,15/3/23,Email,5000,All Customers,120,7
1995,2023-04-18,C017,P113,8,MC002,Evelyn Kovalenko,Houston,USA,Bluetooth Headphones Charger,Electronics,CableMax,150,300,Summer Clearance,15/6/23,30/6/23,Social Media,7500,Gold Tier,1200,4
1996,2023-07-07,C007,P101,6,MC004,Ava Kowalski,Chicago,USA,Wireless Mouse,Electronics,TechGear,20,500,Black Friday,24/11/23,27/11/23,Multi-channel,25000,All Customers,120,7
1997,2023-11-25,C010,P120,4,MC004,William Diaz,New York,USA,Keyboard Mousepad,Accessories,TechGear,50,400,Black Friday,24/11/23,27/11/23,Multi-channel,25000,All Customers,200,11
1998,2023-06-18,C019,P115,6,MC004,Abigail Nakamura,Chicago,USA,Gaming Headset,Electronics,SoundWave,50,200,Black Friday,24/11/23,27/11/23,Multi-channel,25000,All Customers,300,6
1999,2023-01-31,C005,P109,3,MC001,Emma Brown,Miami,USA,Laptop,Electronics,TechGear,20,200,Spring Sale,1/3/23,15/3/23,Email,5000,All Customers,60,1
2000,2023-10-10,C048,P117,7,MC005,Dylan Suzuki,New York,USA,Bluetooth Speaker,Electronics,SoundWave,140,200,Holiday Special,10/12/23,24/12/23,Email + Social Media,10000,Silver and Gold Tiers,980,10
2001,2023-02-01,C048,P116,9,MC002,Dylan Suzuki,New York,USA,Cleanup Kit,Accessories,TechGear,20,1300,Summer Clearance,15/6/23,30/6/23,Social Media,7500,Gold Tier,180,2
2002,2023-01-12,C009,P104,4,MC003,Isabella Tanaka,Chicago,USA,Phone Case,Accessories,ProtectPro,10,800,Back to School,1/8/23,31/8/23,TV,15000,Families,40,1
2003,2023-11-21,C046,P109,7,MC001,Isaac Nkosi,Houston,USA,Laptop,Electronics,TechGear,20,200,Spring Sale,1/3/23,15/3/23,Email,5000,All Customers,140,11
2004,2023-04-11,C030,P110,1,MC001,Andrew Ivanov,Miami,USA,Briefcase,Accessories,ProtectPro,120,900,Spring Sale,1/3/23,15/3/23,Email,5000,All Customers,120,4
2005,2023-11-16,C040,P105,4,MC002,Jack O'Brien,Miami,USA,Smart Watch,Electronics,TechGear,25,200,Summer Clearance,15/6/23,30/6/23,Social Media,7500,Gold Tier,100,11
2006,2023-04-17,C040,P115,6,MC005,Jack O'Brien,Miami,USA,Gaming Headset,Electronics,SoundWave,50,200,Holiday Special,10/12/23,24/12/23,Email + Social Media,10000,Silver and Gold Tiers,300,4
2007,2023-02-14,C024,P111,4,MC002,Samuel Kim,Chicago,USA,Backpack,Accessories,ProtectPro,30,1300,Summer Clearance,15/6/23,30/6/23,Social Media,7500,Gold Tier,120,2
2008,2023-05-17,C020,P110,3,MC001,Michael Andersen,Houston,USA,Briefcase,Accessories,ProtectPro,120,900,Spring Sale,1/3/23,15/3/23,Email,5000,All Customers,360,5
2009,2023-08-29,C015,P107,10,MC004,Harper Singh,Houston,USA,Standing Desk,Accessories,SoundWave,140,1100,Black Friday,24/11/23,27/11/23,Multi-channel,25000,All Customers,1400,8
2010,2023-06-03,C018,P105,9,MC004,Alexander Rossi,New York,USA,Smart Watch,Electronics,TechGear,25,200,Black Friday,24/11/23,27/11/23,Multi-channel,25000,All Customers,225,6
2011,2023-04-27,C029,P117,3,MC002,Chloe Dubois,Miami,USA,Bluetooth Speaker,Electronics,SoundWave,140,200,Summer Clearance,15/6/23,30/6/23,Social Media,7500,Gold Tier,420,4
2012,2023-08-19,C047,P119,1,MC001,Leah Fontaine,Miami,USA,Adapter,Electronics,CableMax,40,800,Spring Sale,1/3/23,15/3/23,Email,5000,All Customers,40,8
2013,2023-08-04,C003,P116,7,MC005,Alice Johnson,Chicago,USA,Cleanup Kit,Accessories,TechGear,20,1300,Holiday Special,10/12/23,24/12/23,Email + Social Media,10000,Silver and Gold Tiers,140,8
2014,2023-06-28,C010,P116,9,MC004,William Diaz,New York,USA,Cleanup Kit,Accessories,TechGear,20,1300,Black Friday,24/11/23,27/11/23,Multi-channel,25000,All Customers,180,6
2015,2023-05-22,C037,P107,1,MC002,Victoria Kozlov,Chicago,USA,Standing Desk,Accessories,SoundWave,140,1100,Summer Clearance,15/6/23,30/6/23,Social Media,7500,Gold Tier,140,5
2016,2023-12-24,C008,P105,9,MC004,Mason Fitzgerald,Houston,USA,Smart Watch,Electronics,TechGear,25,200,Black Friday,24/11/23,27/11/23,Multi-channel,25000,All Customers,225,12
2017,2023-04-06,C050,P113,3,MC005,Caleb Reyes,Houston,USA,Bluetooth Headphones Charger,Electronics,CableMax,150,300,Holiday Special,10/12/23,24/12/23,Email + Social Media,10000,Silver and Gold Tiers,450,4
2018,2023-04-29,C015,P112,7,MC005,Harper Singh,Houston,USA,Desk Chair,Accessories,TechGear,40,500,Holiday Special,10/12/23,24/12/23,Email + Social Media,10000,Silver and Gold Tiers,280,4
2019,2023-03-26,C025,P107,3,MC005,Sofia Petrov,Los Angeles,USA,Standing Desk,Accessories,SoundWave,140,1100,Holiday Special,10/12/23,24/12/23,Email + Social Media,10000,Silver and Gold Tiers,420,3
2020,2023-09-14,C045,P120,6,MC002,Nora Zimmerman,Houston,USA,Keyboard Mousepad,Accessories,TechGear,50,400,Summer Clearance,15/6/23,30/6/23,Social Media,7500,Gold Tier,300,9
2021,2023-09-13,C009,P102,4,MC004,Isabella Tanaka,Chicago,USA,Bluetooth Headphones,Electronics,SoundWave,30,300,Black Friday,24/11/23,27/11/23,Multi-channel,25000,All Customers,120,9
2022,2023-07-06,C003,P114,2,MC003,Alice Johnson,Chicago,USA,Suitcase,Accessories,ProtectPro,120,1100,Back to School,1/8/23,31/8/23,TV,15000,Families,240,7
2023,2023-10-17,C048,P117,3,MC005,Dylan Suzuki,New York,USA,Bluetooth Speaker,Electronics,SoundWave,140,200,Holiday Special,10/12/23,24/12/23,Email + Social Media,10000,Silver and Gold Tiers,420,10
2024,2023-08-05,C015,P109,6,MC003,Harper Singh,Houston,USA,Laptop,Electronics,TechGear,20,200,Back to School,1/8/23,31/8/23,TV,15000,Families,120,8
2025,2023-07-15,C008,P105,9,MC001,Mason Fitzgerald,Houston,USA,Smart Watch,Electronics,TechGear,25,200,Spring Sale,1/3/23,15/3/23,Email,5000,All Customers,225,7
2026,2023-08-18,C005,P106,1,MC002,Emma Brown,Miami,USA,Keyboard,Electronics,TechGear,110,1000,Summer Clearance,15/6/23,30/6/23,Social Media,7500,Gold Tier,110,8
2027,2023-03-03,C044,P110,5,MC003,Gabriel Santos,Los Angeles,USA,Briefcase,Accessories,ProtectPro,120,900,Back to School,1/8/23,31/8/23,TV,15000,Families,600,3
2028,2023-10-24,C047,P108,6,MC004,Leah Fontaine,Miami,USA,Computer Case,Accessories,ProtectPro,110,500,Black Friday,24/11/23,27/11/23,Multi-channel,25000,All Customers,660,10
2029,2023-11-02,C007,P109,1,MC004,Ava Kowalski,Chicago,USA,Laptop,Electronics,TechGear,20,200,Black Friday,24/11/23,27/11/23,Multi-channel,25000,All Customers,20,11
2030,2023-07-22,C019,P117,4,MC001,Abigail Nakamura,Chicago,USA,Bluetooth Speaker,Electronics,SoundWave,140,200,Spring Sale,1/3/23,15/3/23,Email,5000,All Customers,560,7
2031,2023-07-03,C027,P114,1,MC002,Grace Yamamoto,Chicago,USA,Suitcase,Accessories,ProtectPro,120,1100,Summer Clearance,15/6/23,30/6/23,Social Media,7500,Gold Tier,120,7
2032,2023-04-20,C043,P105,8,MC001,Hannah Eriksson,New York,USA,Smart Watch,Electronics,TechGear,25,200,Spring Sale,1/3/23,15/3/23,Email,5000,All Customers,200,4
2033,2023-02-22,C029,P120,8,MC001,Chloe Dubois,Miami,USA,Keyboard Mousepad,Accessories,TechGear,50,400,Spring Sale,1/3/23,15/3/23,Email,5000,All Customers,400,2
2034,2023-03-27,C022,P114,1,MC005,Daniel Fernandez,Chicago,USA,Suitcase,Accessories,ProtectPro,120,1100,Holiday Special,10/12/23,24/12/23,Email + Social Media,10000,Silver and Gold Tiers,120,3
2035,2023-09-22,C048,P105,7,MC005,Dylan Suzuki,New York,USA,Smart Watch,Electronics,TechGear,25,200,Holiday Special,10/12/23,24/12/23,Email + Social Media,10000,Silver and Gold Tiers,175,9
2036,2023-12-06,C050,P105,2,MC002,Caleb Reyes,Houston,USA,Smart Watch,Electronics,TechGear,25,200,Summer Clearance,15/6/23,30/6/23,Social Media,7500,Gold Tier,50,12
2037,2023-10-08,C043,P112,7,MC001,Hannah Eriksson,New York,USA,Desk Chair,Accessories,TechGear,40,500,Spring Sale,1/3/23,15/3/23,Email,5000,All Customers,280,10
2038,2023-10-01,C029,P113,9,MC004,Chloe Dubois,Miami,USA,Bluetooth Headphones Charger,Electronics,CableMax,150,300,Black Friday,24/11/23,27/11/23,Multi-channel,25000,All Customers,1350,10
2039,2023-01-10,C012,P104,2,MC004,James Choi,Chicago,USA,Phone Case,Accessories,ProtectPro,10,800,Black Friday,24/11/23,27/11/23,Multi-channel,25000,All Customers,20,1
2040,2023-08-17,C023,P118,5,MC005,Elizabeth Novak,Miami,USA,External Microphone,Electronics,TechGear,60,1400,Holiday Special,10/12/23,24/12/23,Email + Social Media,10000,Silver and Gold Tiers,300,8
2041,2023-10-04,C034,P108,3,MC002,Matthew Gonzalez,Houston,USA,Computer Case,Accessories,ProtectPro,110,500,Summer Clearance,15/6/23,30/6/23,Social Media,7500,Gold Tier,330,10
2042,2023-07-06,C042,P120,7,MC005,Owen Takahashi,New York,USA,Keyboard Mousepad,Accessories,TechGear,50,400,Holiday Special,10/12/23,24/12/23,Email + Social Media,10000,Silver and Gold Tiers,350,7
2043,2023-09-02,C039,P113,4,MC001,Penelope Cheng,Los Angeles,USA,Bluetooth Headphones Charger,Electronics,CableMax,150,300,Spring Sale,1/3/23,15/3/23,Email,5000,All Customers,600,9
2044,2023-03-27,C016,P113,6,MC003,Lucas Morales,Los Angeles,USA,Bluetooth Headphones Charger,Electronics,CableMax,150,300,Back to School,1/8/23,31/8/23,TV,15000,Families,900,3
2045,2023-01-06,C048,P111,3,MC004,Dylan Suzuki,New York,USA,Backpack,Accessories,ProtectPro,30,1300,Black Friday,24/11/23,27/11/23,Multi-channel,25000,All Customers,90,1
2046,2023-03-14,C045,P115,1,MC003,Nora Zimmerman,Houston,USA,Gaming Headset,Electronics,SoundWave,50,200,Back to School,1/8/23,31/8/23,TV,15000,Families,50,3
2047,2023-01-02,C039,P108,10,MC005,Penelope Cheng,Los Angeles,USA,Computer Case,Accessories,ProtectPro,110,500,Holiday Special,10/12/23,24/12/23,Email + Social Media,10000,Silver and Gold Tiers,1100,1
2048,2023-06-27,C019,P110,7,MC003,Abigail Nakamura,Chicago,USA,Briefcase,Accessories,ProtectPro,120,900,Back to School,1/8/23,31/8/23,TV,15000,Families,840,6
2049,2023-01-25,C040,P107,4,MC003,Jack O'Brien,Miami,USA,Standing Desk,Accessories,SoundWave,140,1100,Back to School,1/8/23,31/8/23,TV,15000,Families,560,1
2050,2023-01-04,C030,P106,3,MC002,Andrew Ivanov,Miami,USA,Keyboard,Electronics,TechGear,110,1000,Summer Clearance,15/6/23,30/6/23,Social Media,7500,Gold Tier,330,1
2051,2023-11-21,C045,P103,2,MC005,Nora Zimmerman,Houston,USA,USB-C Cable,Accessories,CableMax,15,1000,Holiday Special,10/12/23,24/12/23,Email + Social Media,10000,Silver and Gold Tiers,30,11
2052,2023-08-23,C015,P105,6,MC003,Harper Singh,Houston,USA,Smart Watch,Electronics,TechGear,25,200,Back to School,1/8/23,31/8/23,TV,15000,Families,150,8
2053,2023-02-12,C031,P101,5,MC002,Zoe Ramirez,Miami,USA,Wireless Mouse,Electronics,TechGear,20,500,Summer Clearance,15/6/23,30/6/23,Social Media,7500,Gold Tier,100,2
2054,2023-10-03,C001,P111,7,MC003,John Doe,New York,USA,Backpack,Accessories,ProtectPro,30,1300,Back to School,1/8/23,31/8/23,TV,15000,Families,210,10
2055,2023-02-25,C028,P111,1,MC002,Joseph Mendoza,New York,USA,Backpack,Accessories,ProtectPro,30,1300,Summer Clearance,15/6/23,30/6/23,Social Media,7500,Gold Tier,30,2
2056,2023-02-28,C045,P113,6,MC001,Nora Zimmerman,Houston,USA,Bluetooth Headphones Charger,Electronics,CableMax,150,300,Spring Sale,1/3/23,15/3/23,Email,5000,All Customers,900,2
2057,2023-04-20,C029,P109,7,MC003,Chloe Dubois,Miami,USA,Laptop,Electronics,TechGear,20,200,Back to School,1/8/23,31/8/23,TV,15000,Families,140,4
2058,2023-09-23,C048,P105,8,MC003,Dylan Suzuki,New York,USA,Smart Watch,Electronics,TechGear,25,200,Back to School,1/8/23,31/8/23,TV,15000,Families,200,9
2059,2023-03-22,C029,P101,1,MC004,Chloe Dubois,Miami,USA,Wireless Mouse,Electronics,TechGear,20,500,Black Friday,24/11/23,27/11/23,Multi-channel,25000,All Customers,20,3
2060,2023-08-05,C006,P104,2,MC005,Noah Chen,Los Angeles,USA,Phone Case,Accessories,ProtectPro,10,800,Holiday Special,10/12/23,24/12/23,Email + Social Media,10000,Silver and Gold Tiers,20,8
2061,2023-09-13,C027,P118,6,MC001,Grace Yamamoto,Chicago,USA,External Microphone,Electronics,TechGear,60,1400,Spring Sale,1/3/23,15/3/23,Email,5000,All Customers,360,9
2062,2023-02-22,C016,P119,10,MC005,Lucas Morales,Los Angeles,USA,Adapter,Electronics,CableMax,40,800,Holiday Special,10/12/23,24/12/23,Email + Social Media,10000,Silver and Gold Tiers,400,2
2063,2023-08-22,C013,P117,3,MC002,Amelia Gupta,Houston,USA,Bluetooth Speaker,Electronics,SoundWave,140,200,Summer Clearance,15/6/23,30/6/23,Social Media,7500,Gold Tier,420,8
2064,2023-04-24,C032,P120,10,MC003,Christopher Lee,Los Angeles,USA,Keyboard Mousepad,Accessories,TechGear,50,400,Back to School,1/8/23,31/8/23,TV,15000,Families,500,4
2065,2023-11-04,C047,P115,2,MC002,Leah Fontaine,Miami,USA,Gaming Headset,Electronics,SoundWave,50,200,Summer Clearance,15/6/23,30/6/23,Social Media,7500,Gold Tier,100,11
2066,2023-02-27,C023,P115,2,MC005,Elizabeth Novak,Miami,USA,Gaming Headset,Electronics,SoundWave,50,200,Holiday Special,10/12/23,24/12/23,Email + Social Media,10000,Silver and Gold Tiers,100,2
2067,2023-06-13,C003,P101,8,MC003,Alice Johnson,Chicago,USA,Wireless Mouse,Electronics,TechGear,20,500,Back to School,1/8/23,31/8/23,TV,15000,Families,160,6
2068,2023-05-16,C026,P105,7,MC003,David Okafor,Los Angeles,USA,Smart Watch,Electronics,TechGear,25,200,Back to School,1/8/23,31/8/23,TV,15000,Families,175,5
2069,2023-07-12,C018,P112,3,MC004,Alexander Rossi,New York,USA,Desk Chair,Accessories,TechGear,40,500,Black Friday,24/11/23,27/11/23,Multi-channel,25000,All Customers,120,7
2070,2023-11-30,C040,P102,5,MC004,Jack O'Brien,Miami,USA,Bluetooth Headphones,Electronics,SoundWave,30,300,Black Friday,24/11/23,27/11/23,Multi-channel,25000,All Customers,150,11
2071,2023-12-31,C026,P109,6,MC003,David Okafor,Los Angeles,USA,Laptop,Electronics,TechGear,20,200,Back to School,1/8/23,31/8/23,TV,15000,Families,120,12
2072,2023-04-08,C005,P118,3,MC004,Emma Brown,Miami,USA,External Microphone,Electronics,TechGear,60,1400,Black Friday,24/11/23,27/11/23,Multi-channel,25000,All Customers,180,4
2073,2023-04-26,C016,P120,3,MC003,Lucas Morales,Los Angeles,USA,Keyboard Mousepad,Accessories,TechGear,50,400,Back to School,1/8/23,31/8/23,TV,15000,Families,150,4
2074,2023-08-24,C043,P114,10,MC005,Hannah Eriksson,New York,USA,Suitcase,Accessories,ProtectPro,120,1100,Holiday Special,10/12/23,24/12/23,Email + Social Media,10000,Silver and Gold Tiers,1200,8
2075,2023-01-13,C024,P105,6,MC002,Samuel Kim,Chicago,USA,Smart Watch,Electronics,TechGear,25,200,Summer Clearance,15/6/23,30/6/23,Social Media,7500,Gold Tier,150,1
2076,2023-09-24,C018,P104,10,MC003,Alexander Rossi,New York,USA,Phone Case,Accessories,ProtectPro,10,800,Back to School,1/8/23,31/8/23,TV,15000,Families,100,9
2077,2023-02-21,C008,P109,4,MC004,Mason Fitzgerald,Houston,USA,Laptop,Electronics,TechGear,20,200,Black Friday,24/11/23,27/11/23,Multi-channel,25000,All Customers,80,2
2078,2023-09-06,C012,P117,6,MC002,James Choi,Chicago,USA,Bluetooth Speaker,Electronics,SoundWave,140,200,Summer Clearance,15/6/23,30/6/23,Social Media,7500,Gold Tier,840,9
2079,2023-10-21,C026,P116,4,MC004,David Okafor,Los Angeles,USA,Cleanup Kit,Accessories,TechGear,20,1300,Black Friday,24/11/23,27/11/23,Multi-channel,25000,All Customers,80,10
2080,2023-04-19,C006,P113,9,MC001,Noah Chen,Los Angeles,USA,Bluetooth Headphones Charger,Electronics,CableMax,150,300,Spring Sale,1/3/23,15/3/23,Email,5000,All Customers,1350,4
2081,2023-07-25,C018,P110,8,MC002,Alexander Rossi,New York,USA,Briefcase,Accessories,ProtectPro,120,900,Summer Clearance,15/6/23,30/6/23,Social Media,7500,Gold Tier,960,7
2082,2023-12-30,C003,P108,9,MC001,Alice Johnson,Chicago,USA,Computer Case,Accessories,ProtectPro,110,500,Spring Sale,1/3/23,15/3/23,Email,5000,All Customers,990,12
2083,2023-10-03,C033,P101,10,MC003,Lily Sørensen,New York,USA,Wireless Mouse,Electronics,TechGear,20,500,Back to School,1/8/23,31/8/23,TV,15000,Families,200,10
2084,2023-09-14,C048,P114,3,MC004,Dylan Suzuki,New York,USA,Suitcase,Accessories,ProtectPro,120,1100,Black Friday,24/11/23,27/11/23,Multi-channel,25000,All Customers,360,9
2085,2023-11-18,C044,P108,2,MC002,Gabriel Santos,Los Angeles,USA,Computer Case,Accessories,ProtectPro,110,500,Summer Clearance,15/6/23,30/6/23,Social Media,7500,Gold Tier,220,11
2086,2023-05-01,C045,P106,4,MC005,Nora Zimmerman,Houston,USA,Keyboard,Electronics,TechGear,110,1000,Holiday Special,10/12/23,24/12/23,Email + Social Media,10000,Silver and Gold Tiers,440,5
2087,2023-08-10,C009,P109,6,MC002,Isabella Tanaka,Chicago,USA,Laptop,Electronics,TechGear,20,200,Summer Clearance,15/6/23,30/6/23,Social Media,7500,Gold Tier,120,8
2088,2023-01-20,C049,P115,5,MC002,Mila Popovic,Los Angeles,USA,Gaming Headset,Electronics,SoundWave,50,200,Summer Clearance,15/6/23,30/6/23,Social Media,7500,Gold Tier,250,1
2089,2023-04-25,C035,P110,3,MC004,Scarlett Watanabe,Los Angeles,USA,Briefcase,Accessories,ProtectPro,120,900,Black Friday,24/11/23,27/11/23,Multi-channel,25000,All Customers,360,4
2090,2023-02-03,C014,P115,8,MC002,Benjamin Larsson,Los Angeles,USA,Gaming Headset,Electronics,SoundWave,50,200,Summer Clearance,15/6/23,30/6/23,Social Media,7500,Gold Tier,400,2
2091,2023-11-02,C014,P108,8,MC003,Benjamin Larsson,Los Angeles,USA,Computer Case,Accessories,ProtectPro,110,500,Back to School,1/8/23,31/8/23,TV,15000,Families,880,11
2092,2023-11-24,C036,P111,2,MC005,Ryan Müller,Los Angeles,USA,Backpack,Accessories,ProtectPro,30,1300,Holiday Special,10/12/23,24/12/23,Email + Social Media,10000,Silver and Gold Tiers,60,11
2093,2023-05-21,C023,P105,6,MC002,Elizabeth Novak,Miami,USA,Smart Watch,Electronics,TechGear,25,200,Summer Clearance,15/6/23,30/6/23,Social Media,7500,Gold Tier,150,5
2094,2023-12-11,C010,P111,7,MC004,William Diaz,New York,USA,Backpack,Accessories,ProtectPro,30,1300,Black Friday,24/11/23,27/11/23,Multi-channel,25000,All Customers,210,12
2095,2023-06-12,C016,P120,8,MC002,Lucas Morales,Los Angeles,USA,Keyboard Mousepad,Accessories,TechGear,50,400,Summer Clearance,15/6/23,30/6/23,Social Media,7500,Gold Tier,400,6
2096,2023-11-13,C027,P116,6,MC003,Grace Yamamoto,Chicago,USA,Cleanup Kit,Accessories,TechGear,20,1300,Back to School,1/8/23,31/8/23,TV,15000,Families,120,11
2097,2023-01-11,C020,P105,9,MC004,Michael Andersen,Houston,USA,Smart Watch,Electronics,TechGear,25,200,Black Friday,24/11/23,27/11/23,Multi-channel,25000,All Customers,225,1
2098,2023-01-01,C003,P102,5,MC005,Alice Johnson,Chicago,USA,Bluetooth Headphones,Electronics,SoundWave,30,300,Holiday Special,10/12/23,24/12/23,Email + Social Media,10000,Silver and Gold Tiers,150,1
2099,2023-07-17,C028,P106,7,MC005,Joseph Mendoza,New York,USA,Keyboard,Electronics,TechGear,110,1000,Holiday Special,10/12/23,24/12/23,Email + Social Media,10000,Silver and Gold Tiers,770,7
2100,2023-01-15,C010,P118,5,MC002,William Diaz,New York,USA,External Microphone,Electronics,TechGear,60,1400,Summer Clearance,15/6/23,30/6/23,Social Media,7500,Gold Tier,300,1
2101,2023-04-29,C039,P102,2,MC005,Penelope Cheng,Los Angeles,USA,Bluetooth Headphones,Electronics,SoundWave,30,300,Holiday Special,10/12/23,24/12/23,Email + Social Media,10000,Silver and Gold Tiers,60,4
2102,2023-04-22,C016,P103,3,MC003,Lucas Morales,Los Angeles,USA,USB-C Cable,Accessories,CableMax,15,1000,Back to School,1/8/23,31/8/23,TV,15000,Families,45,4
2103,2023-11-16,C032,P105,7,MC003,Christopher Lee,Los Angeles,USA,Smart Watch,Electronics,TechGear,25,200,Back to School,1/8/23,31/8/23,TV,15000,Families,175,11
2104,2023-06-12,C019,P107,10,MC005,Abigail Nakamura,Chicago,USA,Standing Desk,Accessories,SoundWave,140,1100,Holiday Special,10/12/23,24/12/23,Email + Social Media,10000,Silver and Gold Tiers,1400,6
2105,2023-06-11,C006,P118,8,MC001,Noah Chen,Los Angeles,USA,External Microphone,Electronics,TechGear,60,1400,Spring Sale,1/3/23,15/3/23,Email,5000,All Customers,480,6
2106,2023-09-19,C022,P118,6,MC001,Daniel Fernandez,Chicago,USA,External Microphone,Electronics,TechGear,60,1400,Spring Sale,1/3/23,15/3/23,Email,5000,All Customers,360,9
2107,2023-02-05,C019,P118,3,MC005,Abigail Nakamura,Chicago,USA,External Microphone,Electronics,TechGear,60,1400,Holiday Special,10/12/23,24/12/23,Email + Social Media,10000,Silver and Gold Tiers,180,2
2108,2023-12-27,C034,P115,2,MC002,Matthew Gonzalez,Houston,USA,Gaming Headset,Electronics,SoundWave,50,200,Summer Clearance,15/6/23,30/6/23,Social Media,7500,Gold Tier,100,12
2109,2023-05-24,C023,P117,4,MC005,Elizabeth Novak,Miami,USA,Bluetooth Speaker,Electronics,SoundWave,140,200,Holiday Special,10/12/23,24/12/23,Email + Social Media,10000,Silver and Gold Tiers,560,5
2110,2023-01-24,C043,P110,9,MC001,Hannah Eriksson,New York,USA,Briefcase,Accessories,ProtectPro,120,900,Spring Sale,1/3/23,15/3/23,Email,5000,All Customers,1080,1
2111,2023-04-09,C021,P104,6,MC002,Emily Schwartz,Los Angeles,USA,Phone Case,Accessories,ProtectPro,10,800,Summer Clearance,15/6/23,30/6/23,Social Media,7500,Gold Tier,60,4
2112,2023-10-04,C036,P119,7,MC005,Ryan Müller,Los Angeles,USA,Adapter,Electronics,CableMax,40,800,Holiday Special,10/12/23,24/12/23,Email + Social Media,10000,Silver and Gold Tiers,280,10
2113,2023-04-06,C018,P115,9,MC003,Alexander Rossi,New York,USA,Gaming Headset,Electronics,SoundWave,50,200,Back to School,1/8/23,31/8/23,TV,15000,Families,450,4
2114,2023-10-19,C028,P103,6,MC004,Joseph Mendoza,New York,USA,USB-C Cable,Accessories,CableMax,15,1000,Black Friday,24/11/23,27/11/23,Multi-channel,25000,All Customers,90,10
2115,2023-10-10,C021,P101,3,MC004,Emily Schwartz,Los Angeles,USA,Wireless Mouse,Electronics,TechGear,20,500,Black Friday,24/11/23,27/11/23,Multi-channel,25000,All Customers,60,10
2116,2023-08-15,C034,P104,8,MC001,Matthew Gonzalez,Houston,USA,Phone Case,Accessories,ProtectPro,10,800,Spring Sale,1/3/23,15/3/23,Email,5000,All Customers,80,8
2117,2023-03-26,C009,P109,1,MC004,Isabella Tanaka,Chicago,USA,Laptop,Electronics,TechGear,20,200,Black Friday,24/11/23,27/11/23,Multi-channel,25000,All Customers,20,3
2118,2023-01-18,C002,P117,9,MC003,Jane Smith,Los Angeles,USA,Bluetooth Speaker,Electronics,SoundWave,140,200,Back to School,1/8/23,31/8/23,TV,15000,Families,1260,1
2119,2023-05-14,C035,P119,6,MC003,Scarlett Watanabe,Los Angeles,USA,Adapter,Electronics,CableMax,40,800,Back to School,1/8/23,31/8/23,TV,15000,Families,240,5
2120,2023-12-11,C001,P101,8,MC002,John Doe,New York,USA,Wireless Mouse,Electronics,TechGear,20,500,Summer Clearance,15/6/23,30/6/23,Social Media,7500,Gold Tier,160,12
2121,2023-03-31,C020,P110,4,MC001,Michael Andersen,Houston,USA,Briefcase,Accessories,ProtectPro,120,900,Spring Sale,1/3/23,15/3/23,Email,5000,All Customers,480,3
2122,2023-01-09,C008,P107,4,MC003,Mason Fitzgerald,Houston,USA,Standing Desk,Accessories,SoundWave,140,1100,Back to School,1/8/23,31/8/23,TV,15000,Families,560,1
2123,2023-10-30,C040,P116,7,MC005,Jack O'Brien,Miami,USA,Cleanup Kit,Accessories,TechGear,20,1300,Holiday Special,10/12/23,24/12/23,Email + Social Media,10000,Silver and Gold Tiers,140,10
2124,2023-12-17,C050,P111,8,MC005,Caleb Reyes,Houston,USA,Backpack,Accessories,ProtectPro,30,1300,Holiday Special,10/12/23,24/12/23,Email + Social Media,10000,Silver and Gold Tiers,240,12
2125,2023-12-27,C035,P101,10,MC005,Scarlett Watanabe,Los Angeles,USA,Wireless Mouse,Electronics,TechGear,20,500,Holiday Special,10/12/23,24/12/23,Email + Social Media,10000,Silver and Gold Tiers,200,12
2126,2023-05-16,C046,P101,3,MC005,Isaac Nkosi,Houston,USA,Wireless Mouse,Electronics,TechGear,20,500,Holiday Special,10/12/23,24/12/23,Email + Social Media,10000,Silver and Gold Tiers,60,5
2127,2023-05-18,C040,P118,2,MC003,Jack O'Brien,Miami,USA,External Microphone,Electronics,TechGear,60,1400,Back to School,1/8/23,31/8/23,TV,15000,Families,120,5
2128,2023-11-26,C008,P120,3,MC003,Mason Fitzgerald,Houston,USA,Keyboard Mousepad,Accessories,TechGear,50,400,Back to School,1/8/23,31/8/23,TV,15000,Families,150,11
2129,2023-08-28,C026,P114,8,MC002,David Okafor,Los Angeles,USA,Suitcase,Accessories,ProtectPro,120,1100,Summer Clearance,15/6/23,30/6/23,Social Media,7500,Gold Tier,960,8
2130,2023-02-05,C035,P109,2,MC001,Scarlett Watanabe,Los Angeles,USA,Laptop,Electronics,TechGear,20,200,Spring Sale,1/3/23,15/3/23,Email,5000,All Customers,40,2
2131,2023-12-26,C004,P116,9,MC004,Bob Wilson,Houston,USA,Cleanup Kit,Accessories,TechGear,20,1300,Black Friday,24/11/23,27/11/23,Multi-channel,25000,All Customers,180,12
2132,2023-04-01,C039,P116,2,MC003,Penelope Cheng,Los Angeles,USA,Cleanup Kit,Accessories,TechGear,20,1300,Back to School,1/8/23,31/8/23,TV,15000,Families,40,4
2133,2023-04-07,C004,P103,4,MC001,Bob Wilson,Houston,USA,USB-C Cable,Accessories,CableMax,15,1000,Spring Sale,1/3/23,15/3/23,Email,5000,All Customers,60,4
2134,2023-06-21,C005,P112,8,MC003,Emma Brown,Miami,USA,Desk Chair,Accessories,TechGear,40,500,Back to School,1/8/23,31/8/23,TV,15000,Families,320,6
2135,2023-02-10,C030,P112,9,MC005,Andrew Ivanov,Miami,USA,Desk Chair,Accessories,TechGear,40,500,Holiday Special,10/12/23,24/12/23,Email + Social Media,10000,Silver and Gold Tiers,360,2
2136,2023-02-19,C034,P108,8,MC003,Matthew Gonzalez,Houston,USA,Computer Case,Accessories,ProtectPro,110,500,Back to School,1/8/23,31/8/23,TV,15000,Families,880,2
2137,2023-10-20,C022,P106,6,MC001,Daniel Fernandez,Chicago,USA,Keyboard,Electronics,TechGear,110,1000,Spring Sale,1/3/23,15/3/23,Email,5000,All Customers,660,10
2138,2023-02-18,C032,P109,8,MC002,Christopher Lee,Los Angeles,USA,Laptop,Electronics,TechGear,20,200,Summer Clearance,15/6/23,30/6/23,Social Media,7500,Gold Tier,160,2
2139,2023-08-10,C011,P117,6,MC002,Charlotte Hoffman,New York,USA,Bluetooth Speaker,Electronics,SoundWave,140,200,Summer Clearance,15/6/23,30/6/23,Social Media,7500,Gold Tier,840,8
2140,2023-08-05,C028,P109,2,MC003,Joseph Mendoza,New York,USA,Laptop,Electronics,TechGear,20,200,Back to School,1/8/23,31/8/23,TV,15000,Families,40,8
2141,2023-04-18,C012,P117,9,MC003,James Choi,Chicago,USA,Bluetooth Speaker,Electronics,SoundWave,140,200,Back to School,1/8/23,31/8/23,TV,15000,Families,1260,4
2142,2023-09-21,C001,P117,5,MC001,John Doe,New York,USA,Bluetooth Speaker,Electronics,SoundWave,140,200,Spring Sale,1/3/23,15/3/23,Email,5000,All Customers,700,9
2143,2023-01-31,C033,P113,7,MC005,Lily Sørensen,New York,USA,Bluetooth Headphones Charger,Electronics,CableMax,150,300,Holiday Special,10/12/23,24/12/23,Email + Social Media,10000,Silver and Gold Tiers,1050,1
2144,2023-03-26,C007,P108,9,MC004,Ava Kowalski,Chicago,USA,Computer Case,Accessories,ProtectPro,110,500,Black Friday,24/11/23,27/11/23,Multi-channel,25000,All Customers,990,3
2145,2023-07-30,C046,P118,8,MC001,Isaac Nkosi,Houston,USA,External Microphone,Electronics,TechGear,60,1400,Spring Sale,1/3/23,15/3/23,Email,5000,All Customers,480,7
2146,2023-12-30,C039,P119,10,MC001,Penelope Cheng,Los Angeles,USA,Adapter,Electronics,CableMax,40,800,Spring Sale,1/3/23,15/3/23,Email,5000,All Customers,400,12
2147,2023-04-21,C045,P116,1,MC002,Nora Zimmerman,Houston,USA,Cleanup Kit,Accessories,TechGear,20,1300,Summer Clearance,15/6/23,30/6/23,Social Media,7500,Gold Tier,20,4
2148,2023-04-09,C020,P119,6,MC003,Michael Andersen,Houston,USA,Adapter,Electronics,CableMax,40,800,Back to School,1/8/23,31/8/23,TV,15000,Families,240,4
2149,2023-12-09,C047,P113,10,MC005,Leah Fontaine,Miami,USA,Bluetooth Headphones Charger,Electronics,CableMax,150,300,Holiday Special,10/12/23,24/12/23,Email + Social Media,10000,Silver and Gold Tiers,1500,12
2150,2023-02-19,C020,P119,6,MC003,Michael Andersen,Houston,USA,Adapter,Electronics,CableMax,40,800,Back to School,1/8/23,31/8/23,TV,15000,Families,240,2
2151,2023-03-02,C013,P108,1,MC001,Amelia Gupta,Houston,USA,Computer Case,Accessories,ProtectPro,110,500,Spring Sale,1/3/23,15/3/23,Email,5000,All Customers,110,3
2152,2023-02-22,C044,P102,1,MC003,Gabriel Santos,Los Angeles,USA,Bluetooth Headphones,Electronics,SoundWave,30,300,Back to School,1/8/23,31/8/23,TV,15000,Families,30,2
2153,2024-01-01,C043,P120,4,MC001,Hannah Eriksson,New York,USA,Keyboard Mousepad,Accessories,TechGear,50,400,Spring Sale,1/3/23,15/3/23,Email,5000,All Customers,200,1
2154,2023-10-09,C034,P102,10,MC004,Matthew Gonzalez,Houston,USA,Bluetooth Headphones,Electronics,SoundWave,30,300,Black Friday,24/11/23,27/11/23,Multi-channel,25000,All Customers,300,10
2155,2023-05-29,C026,P117,2,MC001,David Okafor,Los Angeles,USA,Bluetooth Speaker,Electronics,SoundWave,140,200,Spring Sale,1/3/23,15/3/23,Email,5000,All Customers,280,5
2156,2023-07-03,C034,P103,2,MC003,Matthew Gonzalez,Houston,USA,USB-C Cable,Accessories,CableMax,15,1000,Back to School,1/8/23,31/8/23,TV,15000,Families,30,7
2157,2023-01-29,C028,P116,8,MC002,Joseph Mendoza,New York,USA,Cleanup Kit,Accessories,TechGear,20,1300,Summer Clearance,15/6/23,30/6/23,Social Media,7500,Gold Tier,160,1
2158,2023-02-21,C038,P107,7,MC002,Thomas Sanchez,Houston,USA,Standing Desk,Accessories,SoundWave,140,1100,Summer Clearance,15/6/23,30/6/23,Social Media,7500,Gold Tier,980,2
2159,2023-04-02,C029,P103,9,MC004,Chloe Dubois,Miami,USA,USB-C Cable,Accessories,CableMax,15,1000,Black Friday,24/11/23,27/11/23,Multi-channel,25000,All Customers,135,4
2160,2023-06-05,C022,P111,6,MC002,Daniel Fernandez,Chicago,USA,Backpack,Accessories,ProtectPro,30,1300,Summer Clearance,15/6/23,30/6/23,Social Media,7500,Gold Tier,180,6
2161,2023-06-26,C035,P102,3,MC005,Scarlett Watanabe,Los Angeles,USA,Bluetooth Headphones,Electronics,SoundWave,30,300,Holiday Special,10/12/23,24/12/23,Email + Social Media,10000,Silver and Gold Tiers,90,6
2162,2023-12-19,C017,P120,1,MC005,Evelyn Kovalenko,Houston,USA,Keyboard Mousepad,Accessories,TechGear,50,400,Holiday Special,10/12/23,24/12/23,Email + Social Media,10000,Silver and Gold Tiers,50,12
2163,2023-10-23,C007,P110,10,MC001,Ava Kowalski,Chicago,USA,Briefcase,Accessories,ProtectPro,120,900,Spring Sale,1/3/23,15/3/23,Email,5000,All Customers,1200,10
2164,2023-12-11,C029,P113,9,MC003,Chloe Dubois,Miami,USA,Bluetooth Headphones Charger,Electronics,CableMax,150,300,Back to School,1/8/23,31/8/23,TV,15000,Families,1350,12
2165,2023-08-26,C032,P116,8,MC005,Christopher Lee,Los Angeles,USA,Cleanup Kit,Accessories,TechGear,20,1300,Holiday Special,10/12/23,24/12/23,Email + Social Media,10000,Silver and Gold Tiers,160,8
2166,2023-03-24,C041,P106,6,MC005,Audrey Kuznetsov,Miami,USA,Keyboard,Electronics,TechGear,110,1000,Holiday Special,10/12/23,24/12/23,Email + Social Media,10000,Silver and Gold Tiers,660,3
2167,2023-10-10,C019,P107,9,MC002,Abigail Nakamura,Chicago,USA,Standing Desk,Accessories,SoundWave,140,1100,Summer Clearance,15/6/23,30/6/23,Social Media,7500,Gold Tier,1260,10
2168,2023-02-02,C020,P105,4,MC001,Michael Andersen,Houston,USA,Smart Watch,Electronics,TechGear,25,200,Spring Sale,1/3/23,15/3/23,Email,5000,All Customers,100,2
2169,2023-07-15,C004,P107,10,MC002,Bob Wilson,Houston,USA,Standing Desk,Accessories,SoundWave,140,1100,Summer Clearance,15/6/23,30/6/23,Social Media,7500,Gold Tier,1400,7
2170,2023-01-20,C027,P112,7,MC003,Grace Yamamoto,Chicago,USA,Desk Chair,Accessories,TechGear,40,500,Back to School,1/8/23,31/8/23,TV,15000,Families,280,1
2171,2023-09-15,C007,P109,8,MC002,Ava Kowalski,Chicago,USA,Laptop,Electronics,TechGear,20,200,Summer Clearance,15/6/23,30/6/23,Social Media,7500,Gold Tier,160,9
2172,2023-12-20,C036,P112,4,MC002,Ryan Müller,Los Angeles,USA,Desk Chair,Accessories,TechGear,40,500,Summer Clearance,15/6/23,30/6/23,Social Media,7500,Gold Tier,160,12
2173,2023-10-28,C046,P120,8,MC004,Isaac Nkosi,Houston,USA,Keyboard Mousepad,Accessories,TechGear,50,400,Black Friday,24/11/23,27/11/23,Multi-channel,25000,All Customers,400,10
2174,2023-04-05,C038,P115,2,MC001,Thomas Sanchez,Houston,USA,Gaming Headset,Electronics,SoundWave,50,200,Spring Sale,1/3/23,15/3/23,Email,5000,All Customers,100,4
2175,2023-06-22,C009,P111,3,MC001,Isabella Tanaka,Chicago,USA,Backpack,Accessories,ProtectPro,30,1300,Spring Sale,1/3/23,15/3/23,Email,5000,All Customers,90,6
2176,2023-01-04,C015,P105,10,MC001,Harper Singh,Houston,USA,Smart Watch,Electronics,TechGear,25,200,Spring Sale,1/3/23,15/3/23,Email,5000,All Customers,250,1
2177,2023-07-30,C017,P113,7,MC004,Evelyn Kovalenko,Houston,USA,Bluetooth Headphones Charger,Electronics,CableMax,150,300,Black Friday,24/11/23,27/11/23,Multi-channel,25000,All Customers,1050,7
2178,2023-07-17,C043,P111,9,MC001,Hannah Eriksson,New York,USA,Backpack,Accessories,ProtectPro,30,1300,Spring Sale,1/3/23,15/3/23,Email,5000,All Customers,270,7
2179,2023-01-06,C045,P118,9,MC003,Nora Zimmerman,Houston,USA,External Microphone,Electronics,TechGear,60,1400,Back to School,1/8/23,31/8/23,TV,15000,Families,540,1
2180,2023-05-27,C010,P107,9,MC005,William Diaz,New York,USA,Standing Desk,Accessories,SoundWave,140,1100,Holiday Special,10/12/23,24/12/23,Email + Social Media,10000,Silver and Gold Tiers,1260,5
2181,2023-04-25,C020,P106,3,MC004,Michael Andersen,Houston,USA,Keyboard,Electronics,TechGear,110,1000,Black Friday,24/11/23,27/11/23,Multi-channel,25000,All Customers,330,4
2182,2023-04-11,C040,P109,8,MC005,Jack O'Brien,Miami,USA,Laptop,Electronics,TechGear,20,200,Holiday Special,10/12/23,24/12/23,Email + Social Media,10000,Silver and Gold Tiers,160,4
2183,2023-08-12,C019,P104,8,MC004,Abigail Nakamura,Chicago,USA,Phone Case,Accessories,ProtectPro,10,800,Black Friday,24/11/23,27/11/23,Multi-channel,25000,All Customers,80,8
2184,2023-02-07,C041,P115,5,MC003,Audrey Kuznetsov,Miami,USA,Gaming Headset,Electronics,SoundWave,50,200,Back to School,1/8/23,31/8/23,TV,15000,Families,250,2
2185,2023-12-03,C018,P113,2,MC005,Alexander Rossi,New York,USA,Bluetooth Headphones Charger,Electronics,CableMax,150,300,Holiday Special,10/12/23,24/12/23,Email + Social Media,10000,Silver and Gold Tiers,300,12
2186,2023-04-01,C041,P118,2,MC004,Audrey Kuznetsov,Miami,USA,External Microphone,Electronics,TechGear,60,1400,Black Friday,24/11/23,27/11/23,Multi-channel,25000,All Customers,120,4
2187,2023-08-24,C040,P109,2,MC003,Jack O'Brien,Miami,USA,Laptop,Electronics,TechGear,20,200,Back to School,1/8/23,31/8/23,TV,15000,Families,40,8
2188,2023-10-19,C003,P120,8,MC001,Alice Johnson,Chicago,USA,Keyboard Mousepad,Accessories,TechGear,50,400,Spring Sale,1/3/23,15/3/23,Email,5000,All Customers,400,10
2189,2023-10-15,C044,P101,9,MC004,Gabriel Santos,Los Angeles,USA,Wireless Mouse,Electronics,TechGear,20,500,Black Friday,24/11/23,27/11/23,Multi-channel,25000,All Customers,180,10
2190,2023-11-22,C040,P105,9,MC004,Jack O'Brien,Miami,USA,Smart Watch,Electronics,TechGear,25,200,Black Friday,24/11/23,27/11/23,Multi-channel,25000,All Customers,225,11
2191,2023-02-05,C009,P107,7,MC002,Isabella Tanaka,Chicago,USA,Standing Desk,Accessories,SoundWave,140,1100,Summer Clearance,15/6/23,30/6/23,Social Media,7500,Gold Tier,980,2
2192,2023-10-14,C010,P103,4,MC003,William Diaz,New York,USA,USB-C Cable,Accessories,CableMax,15,1000,Back to School,1/8/23,31/8/23,TV,15000,Families,60,10
2193,2023-06-02,C027,P113,10,MC004,Grace Yamamoto,Chicago,USA,Bluetooth Headphones Charger,Electronics,CableMax,150,300,Black Friday,24/11/23,27/11/23,Multi-channel,25000,All Customers,1500,6
2194,2023-02-19,C039,P105,7,MC003,Penelope Cheng,Los Angeles,USA,Smart Watch,Electronics,TechGear,25,200,Back to School,1/8/23,31/8/23,TV,15000,Families,175,2
2195,2023-01-12,C050,P103,2,MC005,Caleb Reyes,Houston,USA,USB-C Cable,Accessories,CableMax,15,1000,Holiday Special,10/12/23,24/12/23,Email + Social Media,10000,Silver and Gold Tiers,30,1
2196,2023-03-10,C042,P104,3,MC002,Owen Takahashi,New York,USA,Phone Case,Accessories,ProtectPro,10,800,Summer Clearance,15/6/23,30/6/23,Social Media,7500,Gold Tier,30,3
2197,2023-01-21,C011,P105,9,MC002,Charlotte Hoffman,New York,USA,Smart Watch,Electronics,TechGear,25,200,Summer Clearance,15/6/23,30/6/23,Social Media,7500,Gold Tier,225,1
2198,2023-05-29,C023,P106,3,MC005,Elizabeth Novak,Miami,USA,Keyboard,Electronics,TechGear,110,1000,Holiday Special,10/12/23,24/12/23,Email + Social Media,10000,Silver and Gold Tiers,330,5
2199,2023-12-20,C050,P101,6,MC003,Caleb Reyes,Houston,USA,Wireless Mouse,Electronics,TechGear,20,500,Back to School,1/8/23,31/8/23,TV,15000,Families,120,12
2200,2023-10-20,C002,P101,8,MC003,Jane Smith,Los Angeles,USA,Wireless Mouse,Electronics,TechGear,20,500,Back to School,1/8/23,31/8/23,TV,15000,Families,160,10
2201,2023-11-19,C044,P113,8,MC002,Gabriel Santos,Los Angeles,USA,Bluetooth Headphones Charger,Electronics,CableMax,150,300,Summer Clearance,15/6/23,30/6/23,Social Media,7500,Gold Tier,1200,11
2202,2023-10-31,C010,P104,1,MC002,William Diaz,New York,USA,Phone Case,Accessories,ProtectPro,10,800,Summer Clearance,15/6/23,30/6/23,Social Media,7500,Gold Tier,10,10
2203,2023-01-31,C010,P102,7,MC002,William Diaz,New York,USA,Bluetooth Headphones,Electronics,SoundWave,30,300,Summer Clearance,15/6/23,30/6/23,Social Media,7500,Gold Tier,210,1
2204,2023-01-15,C020,P116,8,MC002,Michael Andersen,Houston,USA,Cleanup Kit,Accessories,TechGear,20,1300,Summer Clearance,15/6/23,30/6/23,Social Media,7500,Gold Tier,160,1
2205,2023-06-03,C038,P117,9,MC003,Thomas Sanchez,Houston,USA,Bluetooth Speaker,Electronics,SoundWave,140,200,Back to School,1/8/23,31/8/23,TV,15000,Families,1260,6
2206,2023-03-26,C045,P102,5,MC004,Nora Zimmerman,Houston,USA,Bluetooth Headphones,Electronics,SoundWave,30,300,Black Friday,24/11/23,27/11/23,Multi-channel,25000,All Customers,150,3
2207,2023-08-13,C037,P109,7,MC001,Victoria Kozlov,Chicago,USA,Laptop,Electronics,TechGear,20,200,Spring Sale,1/3/23,15/3/23,Email,5000,All Customers,140,8
2208,2023-06-05,C047,P101,8,MC002,Leah Fontaine,Miami,USA,Wireless Mouse,Electronics,TechGear,20,500,Summer Clearance,15/6/23,30/6/23,Social Media,7500,Gold Tier,160,6
2209,2023-12-16,C020,P118,8,MC005,Michael Andersen,Houston,USA,External Microphone,Electronics,TechGear,60,1400,Holiday Special,10/12/23,24/12/23,Email + Social Media,10000,Silver and Gold Tiers,480,12
2210,2023-12-15,C002,P110,6,MC002,Jane Smith,Los Angeles,USA,Briefcase,Accessories,ProtectPro,120,900,Summer Clearance,15/6/23,30/6/23,Social Media,7500,Gold Tier,720,12
2211,2023-03-02,C006,P114,9,MC001,Noah Chen,Los Angeles,USA,Suitcase,Accessories,ProtectPro,120,1100,Spring Sale,1/3/23,15/3/23,Email,5000,All Customers,1080,3
2212,2023-03-20,C004,P105,2,MC004,Bob Wilson,Houston,USA,Smart Watch,Electronics,TechGear,25,200,Black Friday,24/11/23,27/11/23,Multi-channel,25000,All Customers,50,3
2213,2023-02-13,C045,P116,7,MC005,Nora Zimmerman,Houston,USA,Cleanup Kit,Accessories,TechGear,20,1300,Holiday Special,10/12/23,24/12/23,Email + Social Media,10000,Silver and Gold Tiers,140,2
2214,2023-06-09,C046,P108,9,MC002,Isaac Nkosi,Houston,USA,Computer Case,Accessories,ProtectPro,110,500,Summer Clearance,15/6/23,30/6/23,Social Media,7500,Gold Tier,990,6
2215,2023-03-20,C006,P101,8,MC002,Noah Chen,Los Angeles,USA,Wireless Mouse,Electronics,TechGear,20,500,Summer Clearance,15/6/23,30/6/23,Social Media,7500,Gold Tier,160,3
2216,2023-05-06,C003,P114,4,MC004,Alice Johnson,Chicago,USA,Suitcase,Accessories,ProtectPro,120,1100,Black Friday,24/11/23,27/11/23,Multi-channel,25000,All Customers,480,5
2217,2023-10-08,C044,P110,8,MC004,Gabriel Santos,Los Angeles,USA,Briefcase,Accessories,ProtectPro,120,900,Black Friday,24/11/23,27/11/23,Multi-channel,25000,All Customers,960,10
2218,2023-02-25,C007,P115,5,MC002,Ava Kowalski,Chicago,USA,Gaming Headset,Electronics,SoundWave,50,200,Summer Clearance,15/6/23,30/6/23,Social Media,7500,Gold Tier,250,2
2219,2023-01-18,C039,P104,8,MC005,Penelope Cheng,Los Angeles,USA,Phone Case,Accessories,ProtectPro,10,800,Holiday Special,10/12/23,24/12/23,Email + Social Media,10000,Silver and Gold Tiers,80,1
2220,2023-07-17,C045,P102,8,MC004,Nora Zimmerman,Houston,USA,Bluetooth Headphones,Electronics,SoundWave,30,300,Black Friday,24/11/23,27/11/23,Multi-channel,25000,All Customers,240,7
2221,2023-03-04,C015,P111,4,MC003,Harper Singh,Houston,USA,Backpack,Accessories,ProtectPro,30,1300,Back to School,1/8/23,31/8/23,TV,15000,Families,120,3
2222,2023-12-06,C004,P115,10,MC003,Bob Wilson,Houston,USA,Gaming Headset,Electronics,SoundWave,50,200,Back to School,1/8/23,31/8/23,TV,15000,Families,500,12
2223,2023-10-20,C027,P115,10,MC004,Grace Yamamoto,Chicago,USA,Gaming Headset,Electronics,SoundWave,50,200,Black Friday,24/11/23,27/11/23,Multi-channel,25000,All Customers,500,10
2224,2023-06-23,C024,P115,8,MC001,Samuel Kim,Chicago,USA,Gaming Headset,Electronics,SoundWave,50,200,Spring Sale,1/3/23,15/3/23,Email,5000,All Customers,400,6
2225,2023-04-15,C008,P106,5,MC002,Mason Fitzgerald,Houston,USA,Keyboard,Electronics,TechGear,110,1000,Summer Clearance,15/6/23,30/6/23,Social Media,7500,Gold Tier,550,4
2226,2023-05-13,C015,P115,7,MC002,Harper Singh,Houston,USA,Gaming Headset,Electronics,SoundWave,50,200,Summer Clearance,15/6/23,30/6/23,Social Media,7500,Gold Tier,350,5
2227,2023-10-02,C021,P120,5,MC002,Emily Schwartz,Los Angeles,USA,Keyboard Mousepad,Accessories,TechGear,50,400,Summer Clearance,15/6/23,30/6/23,Social Media,7500,Gold Tier,250,10
2228,2023-06-08,C006,P108,3,MC005,Noah Chen,Los Angeles,USA,Computer Case,Accessories,ProtectPro,110,500,Holiday Special,10/12/23,24/12/23,Email + Social Media,10000,Silver and Gold Tiers,330,6
2229,2023-05-22,C050,P114,8,MC004,Caleb Reyes,Houston,USA,Suitcase,Accessories,ProtectPro,120,1100,Black Friday,24/11/23,27/11/23,Multi-channel,25000,All Customers,960,5
2230,2023-01-21,C020,P103,2,MC002,Michael Andersen,Houston,USA,USB-C Cable,Accessories,CableMax,15,1000,Summer Clearance,15/6/23,30/6/23,Social Media,7500,Gold Tier,30,1
2231,2023-05-22,C022,P106,4,MC002,Daniel Fernandez,Chicago,USA,Keyboard,Electronics,TechGear,110,1000,Summer Clearance,15/6/23,30/6/23,Social Media,7500,Gold Tier,440,5
2232,2024-01-01,C008,P119,9,MC004,Mason Fitzgerald,Houston,USA,Adapter,Electronics,CableMax,40,800,Black Friday,24/11/23,27/11/23,Multi-channel,25000,All Customers,360,1
2233,2023-01-24,C030,P102,4,MC004,Andrew Ivanov,Miami,USA,Bluetooth Headphones,Electronics,SoundWave,30,300,Black Friday,24/11/23,27/11/23,Multi-channel,25000,All Customers,120,1
2234,2023-03-12,C045,P114,5,MC002,Nora Zimmerman,Houston,USA,Suitcase,Accessories,ProtectPro,120,1100,Summer Clearance,15/6/23,30/6/23,Social Media,7500,Gold Tier,600,3
2235,2023-04-01,C026,P114,7,MC003,David Okafor,Los Angeles,USA,Suitcase,Accessories,ProtectPro,120,1100,Back to School,1/8/23,31/8/23,TV,15000,Families,840,4
2236,2023-07-19,C001,P111,4,MC002,John Doe,New York,USA,Backpack,Accessories,ProtectPro,30,1300,Summer Clearance,15/6/23,30/6/23,Social Media,7500,Gold Tier,120,7
2237,2023-02-05,C001,P117,4,MC005,John Doe,New York,USA,Bluetooth Speaker,Electronics,SoundWave,140,200,Holiday Special,10/12/23,24/12/23,Email + Social Media,10000,Silver and Gold Tiers,560,2
2238,2023-08-31,C008,P119,3,MC002,Mason Fitzgerald,Houston,USA,Adapter,Electronics,CableMax,40,800,Summer Clearance,15/6/23,30/6/23,Social Media,7500,Gold Tier,120,8
2239,2023-10-07,C013,P104,6,MC004,Amelia Gupta,Houston,USA,Phone Case,Accessories,ProtectPro,10,800,Black Friday,24/11/23,27/11/23,Multi-channel,25000,All Customers,60,10
2240,2023-10-06,C042,P103,3,MC001,Owen Takahashi,New York,USA,USB-C Cable,Accessories,CableMax,15,1000,Spring Sale,1/3/23,15/3/23,Email,5000,All Customers,45,10
2241,2023-12-16,C018,P106,8,MC003,Alexander Rossi,New York,USA,Keyboard,Electronics,TechGear,110,1000,Back to School,1/8/23,31/8/23,TV,15000,Families,880,12
2242,2023-08-10,C009,P118,2,MC003,Isabella Tanaka,Chicago,USA,External Microphone,Electronics,TechGear,60,1400,Back to School,1/8/23,31/8/23,TV,15000,Families,120,8
2243,2023-03-31,C025,P113,6,MC004,Sofia Petrov,Los Angeles,USA,Bluetooth Headphones Charger,Electronics,CableMax,150,300,Black Friday,24/11/23,27/11/23,Multi-channel,25000,All Customers,900,3
2244,2023-02-22,C024,P103,5,MC002,Samuel Kim,Chicago,USA,USB-C Cable,Accessories,CableMax,15,1000,Summer Clearance,15/6/23,30/6/23,Social Media,7500,Gold Tier,75,2
2245,2023-10-31,C046,P116,7,MC005,Isaac Nkosi,Houston,USA,Cleanup Kit,Accessories,TechGear,20,1300,Holiday Special,10/12/23,24/12/23,Email + Social Media,10000,Silver and Gold Tiers,140,10
2246,2023-01-20,C033,P117,9,MC004,Lily Sørensen,New York,USA,Bluetooth Speaker,Electronics,SoundWave,140,200,Black Friday,24/11/23,27/11/23,Multi-channel,25000,All Customers,1260,1
2247,2023-08-31,C050,P110,7,MC005,Caleb Reyes,Houston,USA,Briefcase,Accessories,ProtectPro,120,900,Holiday Special,10/12/23,24/12/23,Email + Social Media,10000,Silver and Gold Tiers,840,8
2248,2023-12-23,C021,P110,9,MC003,Emily Schwartz,Los Angeles,USA,Briefcase,Accessories,ProtectPro,120,900,Back to School,1/8/23,31/8/23,TV,15000,Families,1080,12
2249,2023-10-14,C036,P116,2,MC003,Ryan Müller,Los Angeles,USA,Cleanup Kit,Accessories,TechGear,20,1300,Back to School,1/8/23,31/8/23,TV,15000,Families,40,10
2250,2023-09-28,C037,P106,10,MC001,Victoria Kozlov,Chicago,USA,Keyboard,Electronics,TechGear,110,1000,Spring Sale,1/3/23,15/3/23,Email,5000,All Customers,1100,9
2251,2023-09-24,C029,P110,8,MC005,Chloe Dubois,Miami,USA,Briefcase,Accessories,ProtectPro,120,900,Holiday Special,10/12/23,24/12/23,Email + Social Media,10000,Silver and Gold Tiers,960,9
2252,2023-02-01,C039,P106,7,MC002,Penelope Cheng,Los Angeles,USA,Keyboard,Electronics,TechGear,110,1000,Summer Clearance,15/6/23,30/6/23,Social Media,7500,Gold Tier,770,2
2253,2023-12-03,C006,P114,1,MC004,Noah Chen,Los Angeles,USA,Suitcase,Accessories,ProtectPro,120,1100,Black Friday,24/11/23,27/11/23,Multi-channel,25000,All Customers,120,12
2254,2023-03-10,C003,P112,10,MC003,Alice Johnson,Chicago,USA,Desk Chair,Accessories,TechGear,40,500,Back to School,1/8/23,31/8/23,TV,15000,Families,400,3
2255,2023-12-13,C004,P101,9,MC004,Bob Wilson,Houston,USA,Wireless Mouse,Electronics,TechGear,20,500,Black Friday,24/11/23,27/11/23,Multi-channel,25000,All Customers,180,12
2256,2023-08-08,C043,P119,5,MC005,Hannah Eriksson,New York,USA,Adapter,Electronics,CableMax,40,800,Holiday Special,10/12/23,24/12/23,Email + Social Media,10000,Silver and Gold Tiers,200,8
2257,2023-04-29,C025,P120,6,MC001,Sofia Petrov,Los Angeles,USA,Keyboard Mousepad,Accessories,TechGear,50,400,Spring Sale,1/3/23,15/3/23,Email,5000,All Customers,300,4
2258,2023-10-10,C012,P114,5,MC005,James Choi,Chicago,USA,Suitcase,Accessories,ProtectPro,120,1100,Holiday Special,10/12/23,24/12/23,Email + Social Media,10000,Silver and Gold Tiers,600,10
2259,2023-04-13,C006,P101,3,MC003,Noah Chen,Los Angeles,USA,Wireless Mouse,Electronics,TechGear,20,500,Back to School,1/8/23,31/8/23,TV,15000,Families,60,4
2260,2023-12-08,C027,P119,9,MC002,Grace Yamamoto,Chicago,USA,Adapter,Electronics,CableMax,40,800,Summer Clearance,15/6/23,30/6/23,Social Media,7500,Gold Tier,360,12
2261,2023-01-17,C033,P115,1,MC003,Lily Sørensen,New York,USA,Gaming Headset,Electronics,SoundWave,50,200,Back to School,1/8/23,31/8/23,TV,15000,Families,50,1
2262,2023-04-21,C044,P117,4,MC001,Gabriel Santos,Los Angeles,USA,Bluetooth Speaker,Electronics,SoundWave,140,200,Spring Sale,1/3/23,15/3/23,Email,5000,All Customers,560,4
2263,2023-12-16,C034,P109,5,MC001,Matthew Gonzalez,Houston,USA,Laptop,Electronics,TechGear,20,200,Spring Sale,1/3/23,15/3/23,Email,5000,All Customers,100,12
2264,2023-11-15,C043,P117,4,MC001,Hannah Eriksson,New York,USA,Bluetooth Speaker,Electronics,SoundWave,140,200,Spring Sale,1/3/23,15/3/23,Email,5000,All Customers,560,11
2265,2023-08-10,C031,P103,10,MC003,Zoe Ramirez,Miami,USA,USB-C Cable,Accessories,CableMax,15,1000,Back to School,1/8/23,31/8/23,TV,15000,Families,150,8
2266,2023-08-24,C014,P118,10,MC003,Benjamin Larsson,Los Angeles,USA,External Microphone,Electronics,TechGear,60,1400,Back to School,1/8/23,31/8/23,TV,15000,Families,600,8
2267,2023-01-10,C041,P106,1,MC003,Audrey Kuznetsov,Miami,USA,Keyboard,Electronics,TechGear,110,1000,Back to School,1/8/23,31/8/23,TV,15000,Families,110,1
2268,2023-05-28,C015,P105,5,MC001,Harper Singh,Houston,USA,Smart Watch,Electronics,TechGear,25,200,Spring Sale,1/3/23,15/3/23,Email,5000,All Customers,125,5
2269,2023-10-22,C037,P107,5,MC002,Victoria Kozlov,Chicago,USA,Standing Desk,Accessories,SoundWave,140,1100,Summer Clearance,15/6/23,30/6/23,Social Media,7500,Gold Tier,700,10
2270,2023-10-01,C030,P101,5,MC002,Andrew Ivanov,Miami,USA,Wireless Mouse,Electronics,TechGear,20,500,Summer Clearance,15/6/23,30/6/23,Social Media,7500,Gold Tier,100,10
2271,2023-09-13,C022,P109,8,MC003,Daniel Fernandez,Chicago,USA,Laptop,Electronics,TechGear,20,200,Back to School,1/8/23,31/8/23,TV,15000,Families,160,9
2272,2023-11-15,C021,P106,2,MC005,Emily Schwartz,Los Angeles,USA,Keyboard,Electronics,TechGear,110,1000,Holiday Special,10/12/23,24/12/23,Email + Social Media,10000,Silver and Gold Tiers,220,11
2273,2023-09-13,C040,P103,10,MC005,Jack O'Brien,Miami,USA,USB-C Cable,Accessories,CableMax,15,1000,Holiday Special,10/12/23,24/12/23,Email + Social Media,10000,Silver and Gold Tiers,150,9
2274,2023-11-26,C017,P105,5,MC004,Evelyn Kovalenko,Houston,USA,Smart Watch,Electronics,TechGear,25,200,Black Friday,24/11/23,27/11/23,Multi-channel,25000,All Customers,125,11
2275,2023-01-10,C004,P114,2,MC001,Bob Wilson,Houston,USA,Suitcase,Accessories,ProtectPro,120,1100,Spring Sale,1/3/23,15/3/23,Email,5000,All Customers,240,1
2276,2023-06-05,C022,P112,2,MC001,Daniel Fernandez,Chicago,USA,Desk Chair,Accessories,TechGear,40,500,Spring Sale,1/3/23,15/3/23,Email,5000,All Customers,80,6
2277,2023-11-16,C025,P108,5,MC002,Sofia Petrov,Los Angeles,USA,Computer Case,Accessories,ProtectPro,110,500,Summer Clearance,15/6/23,30/6/23,Social Media,7500,Gold Tier,550,11
2278,2023-05-07,C034,P117,7,MC003,Matthew Gonzalez,Houston,USA,Bluetooth Speaker,Electronics,SoundWave,140,200,Back to School,1/8/23,31/8/23,TV,15000,Families,980,5
2279,2023-01-24,C016,P116,2,MC004,Lucas Morales,Los Angeles,USA,Cleanup Kit,Accessories,TechGear,20,1300,Black Friday,24/11/23,27/11/23,Multi-channel,25000,All Customers,40,1
2280,2023-11-20,C015,P110,5,MC002,Harper Singh,Houston,USA,Briefcase,Accessories,ProtectPro,120,900,Summer Clearance,15/6/23,30/6/23,Social Media,7500,Gold Tier,600,11
2281,2023-04-08,C050,P110,9,MC005,Caleb Reyes,Houston,USA,Briefcase,Accessories,ProtectPro,120,900,Holiday Special,10/12/23,24/12/23,Email + Social Media,10000,Silver and Gold Tiers,1080,4
2282,2023-07-29,C012,P113,10,MC002,James Choi,Chicago,USA,Bluetooth Headphones Charger,Electronics,CableMax,150,300,Summer Clearance,15/6/23,30/6/23,Social Media,7500,Gold Tier,1500,7
2283,2023-10-19,C008,P119,3,MC002,Mason Fitzgerald,Houston,USA,Adapter,Electronics,CableMax,40,800,Summer Clearance,15/6/23,30/6/23,Social Media,7500,Gold Tier,120,10
2284,2023-11-16,C035,P112,8,MC004,Scarlett Watanabe,Los Angeles,USA,Desk Chair,Accessories,TechGear,40,500,Black Friday,24/11/23,27/11/23,Multi-channel,25000,All Customers,320,11
2285,2023-05-11,C030,P107,9,MC005,Andrew Ivanov,Miami,USA,Standing Desk,Accessories,SoundWave,140,1100,Holiday Special,10/12/23,24/12/23,Email + Social Media,10000,Silver and Gold Tiers,1260,5
2286,2023-09-11,C024,P119,8,MC001,Samuel Kim,Chicago,USA,Adapter,Electronics,CableMax,40,800,Spring Sale,1/3/23,15/3/23,Email,5000,All Customers,320,9
2287,2024-01-01,C047,P101,6,MC004,Leah Fontaine,Miami,USA,Wireless Mouse,Electronics,TechGear,20,500,Black Friday,24/11/23,27/11/23,Multi-channel,25000,All Customers,120,1
2288,2023-09-28,C020,P113,8,MC002,Michael Andersen,Houston,USA,Bluetooth Headphones Charger,Electronics,CableMax,150,300,Summer Clearance,15/6/23,30/6/23,Social Media,7500,Gold Tier,1200,9
2289,2023-01-13,C035,P120,5,MC001,Scarlett Watanabe,Los Angeles,USA,Keyboard Mousepad,Accessories,TechGear,50,400,Spring Sale,1/3/23,15/3/23,Email,5000,All Customers,250,1
2290,2023-08-23,C040,P120,5,MC005,Jack O'Brien,Miami,USA,Keyboard Mousepad,Accessories,TechGear,50,400,Holiday Special,10/12/23,24/12/23,Email + Social Media,10000,Silver and Gold Tiers,250,8
2291,2023-09-18,C011,P116,3,MC004,Charlotte Hoffman,New York,USA,Cleanup Kit,Accessories,TechGear,20,1300,Black Friday,24/11/23,27/11/23,Multi-channel,25000,All Customers,60,9
2292,2023-05-07,C016,P108,3,MC001,Lucas Morales,Los Angeles,USA,Computer Case,Accessories,ProtectPro,110,500,Spring Sale,1/3/23,15/3/23,Email,5000,All Customers,330,5
2293,2023-03-25,C038,P107,6,MC004,Thomas Sanchez,Houston,USA,Standing Desk,Accessories,SoundWave,140,1100,Black Friday,24/11/23,27/11/23,Multi-channel,25000,All Customers,840,3
2294,2023-01-28,C027,P106,10,MC002,Grace Yamamoto,Chicago,USA,Keyboard,Electronics,TechGear,110,1000,Summer Clearance,15/6/23,30/6/23,Social Media,7500,Gold Tier,1100,1
2295,2023-03-11,C022,P119,4,MC001,Daniel Fernandez,Chicago,USA,Adapter,Electronics,CableMax,40,800,Spring Sale,1/3/23,15/3/23,Email,5000,All Customers,160,3
2296,2023-09-24,C032,P103,1,MC005,Christopher Lee,Los Angeles,USA,USB-C Cable,Accessories,CableMax,15,1000,Holiday Special,10/12/23,24/12/23,Email + Social Media,10000,Silver and Gold Tiers,15,9
2297,2023-03-31,C008,P101,1,MC004,Mason Fitzgerald,Houston,USA,Wireless Mouse,Electronics,TechGear,20,500,Black Friday,24/11/23,27/11/23,Multi-channel,25000,All Customers,20,3
2298,2023-03-06,C023,P115,2,MC004,Elizabeth Novak,Miami,USA,Gaming Headset,Electronics,SoundWave,50,200,Black Friday,24/11/23,27/11/23,Multi-channel,25000,All Customers,100,3
2299,2023-08-11,C050,P120,2,MC005,Caleb Reyes,Houston,USA,Keyboard Mousepad,Accessories,TechGear,50,400,Holiday Special,10/12/23,24/12/23,Email + Social Media,10000,Silver and Gold Tiers,100,8
2300,2023-09-07,C008,P111,9,MC002,Mason Fitzgerald,Houston,USA,Backpack,Accessories,ProtectPro,30,1300,Summer Clearance,15/6/23,30/6/23,Social Media,7500,Gold Tier,270,9
2301,2023-05-23,C023,P118,7,MC005,Elizabeth Novak,Miami,USA,External Microphone,Electronics,TechGear,60,1400,Holiday Special,10/12/23,24/12/23,Email + Social Media,10000,Silver and Gold Tiers,420,5
2302,2023-05-26,C022,P119,9,MC003,Daniel Fernandez,Chicago,USA,Adapter,Electronics,CableMax,40,800,Back to School,1/8/23,31/8/23,TV,15000,Families,360,5
2303,2023-02-01,C021,P113,8,MC001,Emily Schwartz,Los Angeles,USA,Bluetooth Headphones Charger,Electronics,CableMax,150,300,Spring Sale,1/3/23,15/3/23,Email,5000,All Customers,1200,2
2304,2023-04-18,C014,P104,1,MC002,Benjamin Larsson,Los Angeles,USA,Phone Case,Accessories,ProtectPro,10,800,Summer Clearance,15/6/23,30/6/23,Social Media,7500,Gold Tier,10,4
2305,2023-09-11,C038,P106,6,MC003,Thomas Sanchez,Houston,USA,Keyboard,Electronics,TechGear,110,1000,Back to School,1/8/23,31/8/23,TV,15000,Families,660,9
2306,2023-07-14,C025,P107,4,MC001,Sofia Petrov,Los Angeles,USA,Standing Desk,Accessories,SoundWave,140,1100,Spring Sale,1/3/23,15/3/23,Email,5000,All Customers,560,7
2307,2023-01-02,C039,P104,6,MC001,Penelope Cheng,Los Angeles,USA,Phone Case,Accessories,ProtectPro,10,800,Spring Sale,1/3/23,15/3/23,Email,5000,All Customers,60,1
2308,2023-05-29,C001,P107,6,MC004,John Doe,New York,USA,Standing Desk,Accessories,SoundWave,140,1100,Black Friday,24/11/23,27/11/23,Multi-channel,25000,All Customers,840,5
2309,2023-01-19,C039,P118,7,MC001,Penelope Cheng,Los Angeles,USA,External Microphone,Electronics,TechGear,60,1400,Spring Sale,1/3/23,15/3/23,Email,5000,All Customers,420,1
2310,2023-06-05,C028,P107,9,MC002,Joseph Mendoza,New York,USA,Standing Desk,Accessories,SoundWave,140,1100,Summer Clearance,15/6/23,30/6/23,Social Media,7500,Gold Tier,1260,6
2311,2023-03-11,C012,P108,3,MC005,James Choi,Chicago,USA,Computer Case,Accessories,ProtectPro,110,500,Holiday Special,10/12/23,24/12/23,Email + Social Media,10000,Silver and Gold Tiers,330,3
2312,2023-03-31,C022,P106,10,MC002,Daniel Fernandez,Chicago,USA,Keyboard,Electronics,TechGear,110,1000,Summer Clearance,15/6/23,30/6/23,Social Media,7500,Gold Tier,1100,3
2313,2023-12-12,C042,P115,7,MC005,Owen Takahashi,New York,USA,Gaming Headset,Electronics,SoundWave,50,200,Holiday Special,10/12/23,24/12/23,Email + Social Media,10000,Silver and Gold Tiers,350,12
2314,2023-07-05,C046,P109,8,MC002,Isaac Nkosi,Houston,USA,Laptop,Electronics,TechGear,20,200,Summer Clearance,15/6/23,30/6/23,Social Media,7500,Gold Tier,160,7
2315,2023-05-15,C013,P101,8,MC004,Amelia Gupta,Houston,USA,Wireless Mouse,Electronics,TechGear,20,500,Black Friday,24/11/23,27/11/23,Multi-channel,25000,All Customers,160,5
2316,2023-10-28,C043,P110,1,MC005,Hannah Eriksson,New York,USA,Briefcase,Accessories,ProtectPro,120,900,Holiday Special,10/12/23,24/12/23,Email + Social Media,10000,Silver and Gold Tiers,120,10
2317,2023-11-04,C049,P107,7,MC003,Mila Popovic,Los Angeles,USA,Standing Desk,Accessories,SoundWave,140,1100,Back to School,1/8/23,31/8/23,TV,15000,Families,980,11
2318,2023-12-20,C029,P118,6,MC005,Chloe Dubois,Miami,USA,External Microphone,Electronics,TechGear,60,1400,Holiday Special,10/12/23,24/12/23,Email + Social Media,10000,Silver and Gold Tiers,360,12
2319,2023-02-07,C048,P101,3,MC001,Dylan Suzuki,New York,USA,Wireless Mouse,Electronics,TechGear,20,500,Spring Sale,1/3/23,15/3/23,Email,5000,All Customers,60,2
2320,2023-07-29,C019,P105,2,MC001,Abigail Nakamura,Chicago,USA,Smart Watch,Electronics,TechGear,25,200,Spring Sale,1/3/23,15/3/23,Email,5000,All Customers,50,7
2321,2023-11-30,C047,P102,1,MC003,Leah Fontaine,Miami,USA,Bluetooth Headphones,Electronics,SoundWave,30,300,Back to School,1/8/23,31/8/23,TV,15000,Families,30,11
2322,2023-06-27,C018,P113,5,MC002,Alexander Rossi,New York,USA,Bluetooth Headphones Charger,Electronics,CableMax,150,300,Summer Clearance,15/6/23,30/6/23,Social Media,7500,Gold Tier,750,6
2323,2023-04-08,C014,P111,8,MC001,Benjamin Larsson,Los Angeles,USA,Backpack,Accessories,ProtectPro,30,1300,Spring Sale,1/3/23,15/3/23,Email,5000,All Customers,240,4
2324,2023-08-21,C030,P115,6,MC001,Andrew Ivanov,Miami,USA,Gaming Headset,Electronics,SoundWave,50,200,Spring Sale,1/3/23,15/3/23,Email,5000,All Customers,300,8
2325,2023-01-22,C047,P114,7,MC002,Leah Fontaine,Miami,USA,Suitcase,Accessories,ProtectPro,120,1100,Summer Clearance,15/6/23,30/6/23,Social Media,7500,Gold Tier,840,1
2326,2023-01-15,C008,P102,10,MC004,Mason Fitzgerald,Houston,USA,Bluetooth Headphones,Electronics,SoundWave,30,300,Black Friday,24/11/23,27/11/23,Multi-channel,25000,All Customers,300,1
2327,2023-07-10,C006,P101,7,MC001,Noah Chen,Los Angeles,USA,Wireless Mouse,Electronics,TechGear,20,500,Spring Sale,1/3/23,15/3/23,Email,5000,All Customers,140,7
2328,2023-05-17,C039,P104,5,MC003,Penelope Cheng,Los Angeles,USA,Phone Case,Accessories,ProtectPro,10,800,Back to School,1/8/23,31/8/23,TV,15000,Families,50,5
2329,2023-11-08,C029,P106,8,MC001,Chloe Dubois,Miami,USA,Keyboard,Electronics,TechGear,110,1000,Spring Sale,1/3/23,15/3/23,Email,5000,All Customers,880,11
2330,2023-02-04,C029,P111,3,MC004,Chloe Dubois,Miami,USA,Backpack,Accessories,ProtectPro,30,1300,Black Friday,24/11/23,27/11/23,Multi-channel,25000,All Customers,90,2
2331,2023-01-07,C042,P119,9,MC003,Owen Takahashi,New York,USA,Adapter,Electronics,CableMax,40,800,Back to School,1/8/23,31/8/23,TV,15000,Families,360,1
2332,2023-11-24,C029,P117,8,MC005,Chloe Dubois,Miami,USA,Bluetooth Speaker,Electronics,SoundWave,140,200,Holiday Special,10/12/23,24/12/23,Email + Social Media,10000,Silver and Gold Tiers,1120,11
2333,2023-06-28,C021,P105,2,MC003,Emily Schwartz,Los Angeles,USA,Smart Watch,Electronics,TechGear,25,200,Back to School,1/8/23,31/8/23,TV,15000,Families,50,6
2334,2023-12-14,C034,P106,1,MC004,Matthew Gonzalez,Houston,USA,Keyboard,Electronics,TechGear,110,1000,Black Friday,24/11/23,27/11/23,Multi-channel,25000,All Customers,110,12
2335,2023-03-16,C047,P103,7,MC004,Leah Fontaine,Miami,USA,USB-C Cable,Accessories,CableMax,15,1000,Black Friday,24/11/23,27/11/23,Multi-channel,25000,All Customers,105,3
2336,2023-08-14,C001,P116,4,MC001,John Doe,New York,USA,Cleanup Kit,Accessories,TechGear,20,1300,Spring Sale,1/3/23,15/3/23,Email,5000,All Customers,80,8
2337,2023-10-24,C037,P104,9,MC002,Victoria Kozlov,Chicago,USA,Phone Case,Accessories,ProtectPro,10,800,Summer Clearance,15/6/23,30/6/23,Social Media,7500,Gold Tier,90,10
2338,2023-02-17,C024,P109,1,MC002,Samuel Kim,Chicago,USA,Laptop,Electronics,TechGear,20,200,Summer Clearance,15/6/23,30/6/23,Social Media,7500,Gold Tier,20,2
2339,2023-10-30,C009,P111,10,MC003,Isabella Tanaka,Chicago,USA,Backpack,Accessories,ProtectPro,30,1300,Back to School,1/8/23,31/8/23,TV,15000,Families,300,10
2340,2023-01-11,C048,P107,1,MC004,Dylan Suzuki,New York,USA,Standing Desk,Accessories,SoundWave,140,1100,Black Friday,24/11/23,27/11/23,Multi-channel,25000,All Customers,140,1
2341,2023-09-05,C050,P105,5,MC005,Caleb Reyes,Houston,USA,Smart Watch,Electronics,TechGear,25,200,Holiday Special,10/12/23,24/12/23,Email + Social Media,10000,Silver and Gold Tiers,125,9
2342,2023-11-05,C001,P112,1,MC004,John Doe,New York,USA,Desk Chair,Accessories,TechGear,40,500,Black Friday,24/11/23,27/11/23,Multi-channel,25000,All Customers,40,11
2343,2023-07-29,C007,P110,10,MC003,Ava Kowalski,Chicago,USA,Briefcase,Accessories,ProtectPro,120,900,Back to School,1/8/23,31/8/23,TV,15000,Families,1200,7
2344,2023-02-01,C050,P104,8,MC004,Caleb Reyes,Houston,USA,Phone Case,Accessories,ProtectPro,10,800,Black Friday,24/11/23,27/11/23,Multi-channel,25000,All Customers,80,2
2345,2023-03-24,C033,P120,6,MC004,Lily Sørensen,New York,USA,Keyboard Mousepad,Accessories,TechGear,50,400,Black Friday,24/11/23,27/11/23,Multi-channel,25000,All Customers,300,3
2346,2023-01-29,C028,P105,8,MC005,Joseph Mendoza,New York,USA,Smart Watch,Electronics,TechGear,25,200,Holiday Special,10/12/23,24/12/23,Email + Social Media,10000,Silver and Gold Tiers,200,1
2347,2023-12-22,C012,P109,9,MC005,James Choi,Chicago,USA,Laptop,Electronics,TechGear,20,200,Holiday Special,10/12/23,24/12/23,Email + Social Media,10000,Silver and Gold Tiers,180,12
2348,2023-10-05,C015,P113,3,MC004,Harper Singh,Houston,USA,Bluetooth Headphones Charger,Electronics,CableMax,150,300,Black Friday,24/11/23,27/11/23,Multi-channel,25000,All Customers,450,10
2349,2023-07-18,C021,P104,8,MC005,Emily Schwartz,Los Angeles,USA,Phone Case,Accessories,ProtectPro,10,800,Holiday Special,10/12/23,24/12/23,Email + Social Media,10000,Silver and Gold Tiers,80,7
2350,2023-06-24,C033,P114,4,MC002,Lily Sørensen,New York,USA,Suitcase,Accessories,ProtectPro,120,1100,Summer Clearance,15/6/23,30/6/23,Social Media,7500,Gold Tier,480,6
2351,2023-07-01,C016,P104,8,MC005,Lucas Morales,Los Angeles,USA,Phone Case,Accessories,ProtectPro,10,800,Holiday Special,10/12/23,24/12/23,Email + Social Media,10000,Silver and Gold Tiers,80,7
2352,2023-05-18,C030,P110,4,MC003,Andrew Ivanov,Miami,USA,Briefcase,Accessories,ProtectPro,120,900,Back to School,1/8/23,31/8/23,TV,15000,Families,480,5
2353,2023-07-23,C029,P115,1,MC005,Chloe Dubois,Miami,USA,Gaming Headset,Electronics,SoundWave,50,200,Holiday Special,10/12/23,24/12/23,Email + Social Media,10000,Silver and Gold Tiers,50,7
2354,2023-12-06,C023,P106,1,MC001,Elizabeth Novak,Miami,USA,Keyboard,Electronics,TechGear,110,1000,Spring Sale,1/3/23,15/3/23,Email,5000,All Customers,110,12
2355,2023-04-09,C034,P116,7,MC002,Matthew Gonzalez,Houston,USA,Cleanup Kit,Accessories,TechGear,20,1300,Summer Clearance,15/6/23,30/6/23,Social Media,7500,Gold Tier,140,4
2356,2023-08-01,C030,P103,1,MC001,Andrew Ivanov,Miami,USA,USB-C Cable,Accessories,CableMax,15,1000,Spring Sale,1/3/23,15/3/23,Email,5000,All Customers,15,8
2357,2023-11-17,C026,P118,8,MC003,David Okafor,Los Angeles,USA,External Microphone,Electronics,TechGear,60,1400,Back to School,1/8/23,31/8/23,TV,15000,Families,480,11
2358,2023-04-27,C004,P113,6,MC005,Bob Wilson,Houston,USA,Bluetooth Headphones Charger,Electronics,CableMax,150,300,Holiday Special,10/12/23,24/12/23,Email + Social Media,10000,Silver and Gold Tiers,900,4
2359,2023-06-08,C022,P108,5,MC002,Daniel Fernandez,Chicago,USA,Computer Case,Accessories,ProtectPro,110,500,Summer Clearance,15/6/23,30/6/23,Social Media,7500,Gold Tier,550,6
2360,2023-04-16,C015,P106,2,MC002,Harper Singh,Houston,USA,Keyboard,Electronics,TechGear,110,1000,Summer Clearance,15/6/23,30/6/23,Social Media,7500,Gold Tier,220,4
2361,2023-05-19,C037,P115,8,MC005,Victoria Kozlov,Chicago,USA,Gaming Headset,Electronics,SoundWave,50,200,Holiday Special,10/12/23,24/12/23,Email + Social Media,10000,Silver and Gold Tiers,400,5
2362,2023-12-06,C014,P108,1,MC002,Benjamin Larsson,Los Angeles,USA,Computer Case,Accessories,ProtectPro,110,500,Summer Clearance,15/6/23,30/6/23,Social Media,7500,Gold Tier,110,12
2363,2023-08-02,C023,P117,1,MC001,Elizabeth Novak,Miami,USA,Bluetooth Speaker,Electronics,SoundWave,140,200,Spring Sale,1/3/23,15/3/23,Email,5000,All Customers,140,8
2364,2023-04-27,C033,P110,3,MC002,Lily Sørensen,New York,USA,Briefcase,Accessories,ProtectPro,120,900,Summer Clearance,15/6/23,30/6/23,Social Media,7500,Gold Tier,360,4
2365,2023-01-18,C007,P119,5,MC004,Ava Kowalski,Chicago,USA,Adapter,Electronics,CableMax,40,800,Black Friday,24/11/23,27/11/23,Multi-channel,25000,All Customers,200,1
2366,2023-01-13,C017,P118,3,MC004,Evelyn Kovalenko,Houston,USA,External Microphone,Electronics,TechGear,60,1400,Black Friday,24/11/23,27/11/23,Multi-channel,25000,All Customers,180,1
2367,2023-07-20,C011,P102,3,MC001,Charlotte Hoffman,New York,USA,Bluetooth Headphones,Electronics,SoundWave,30,300,Spring Sale,1/3/23,15/3/23,Email,5000,All Customers,90,7
2368,2023-07-10,C018,P113,6,MC003,Alexander Rossi,New York,USA,Bluetooth Headphones Charger,Electronics,CableMax,150,300,Back to School,1/8/23,31/8/23,TV,15000,Families,900,7
2369,2023-11-12,C045,P103,1,MC003,Nora Zimmerman,Houston,USA,USB-C Cable,Accessories,CableMax,15,1000,Back to School,1/8/23,31/8/23,TV,15000,Families,15,11
2370,2023-09-05,C002,P115,4,MC004,Jane Smith,Los Angeles,USA,Gaming Headset,Electronics,SoundWave,50,200,Black Friday,24/11/23,27/11/23,Multi-channel,25000,All Customers,200,9
2371,2023-09-26,C034,P118,7,MC005,Matthew Gonzalez,Houston,USA,External Microphone,Electronics,TechGear,60,1400,Holiday Special,10/12/23,24/12/23,Email + Social Media,10000,Silver and Gold Tiers,420,9
2372,2024-01-01,C031,P104,6,MC005,Zoe Ramirez,Miami,USA,Phone Case,Accessories,ProtectPro,10,800,Holiday Special,10/12/23,24/12/23,Email + Social Media,10000,Silver and Gold Tiers,60,1
2373,2023-03-23,C039,P105,8,MC003,Penelope Cheng,Los Angeles,USA,Smart Watch,Electronics,TechGear,25,200,Back to School,1/8/23,31/8/23,TV,15000,Families,200,3
2374,2023-02-08,C039,P116,5,MC002,Penelope Cheng,Los Angeles,USA,Cleanup Kit,Accessories,TechGear,20,1300,Summer Clearance,15/6/23,30/6/23,Social Media,7500,Gold Tier,100,2
2375,2023-10-14,C032,P102,5,MC004,Christopher Lee,Los Angeles,USA,Bluetooth Headphones,Electronics,SoundWave,30,300,Black Friday,24/11/23,27/11/23,Multi-channel,25000,All Customers,150,10
2376,2023-02-23,C046,P111,10,MC003,Isaac Nkosi,Houston,USA,Backpack,Accessories,ProtectPro,30,1300,Back to School,1/8/23,31/8/23,TV,15000,Families,300,2
2377,2023-06-21,C049,P114,2,MC005,Mila Popovic,Los Angeles,USA,Suitcase,Accessories,ProtectPro,120,1100,Holiday Special,10/12/23,24/12/23,Email + Social Media,10000,Silver and Gold Tiers,240,6
2378,2023-05-20,C010,P111,10,MC004,William Diaz,New York,USA,Backpack,Accessories,ProtectPro,30,1300,Black Friday,24/11/23,27/11/23,Multi-channel,25000,All Customers,300,5
2379,2023-01-22,C010,P108,3,MC003,William Diaz,New York,USA,Computer Case,Accessories,ProtectPro,110,500,Back to School,1/8/23,31/8/23,TV,15000,Families,330,1
2380,2023-03-25,C017,P103,10,MC002,Evelyn Kovalenko,Houston,USA,USB-C Cable,Accessories,CableMax,15,1000,Summer Clearance,15/6/23,30/6/23,Social Media,7500,Gold Tier,150,3
2381,2023-12-10,C010,P105,3,MC002,William Diaz,New York,USA,Smart Watch,Electronics,TechGear,25,200,Summer Clearance,15/6/23,30/6/23,Social Media,7500,Gold Tier,75,12
2382,2023-06-17,C024,P116,9,MC002,Samuel Kim,Chicago,USA,Cleanup Kit,Accessories,TechGear,20,1300,Summer Clearance,15/6/23,30/6/23,Social Media,7500,Gold Tier,180,6
2383,2023-10-12,C008,P104,9,MC005,Mason Fitzgerald,Houston,USA,Phone Case,Accessories,ProtectPro,10,800,Holiday Special,10/12/23,24/12/23,Email + Social Media,10000,Silver and Gold Tiers,90,10
2384,2023-01-04,C033,P117,1,MC004,Lily Sørensen,New York,USA,Bluetooth Speaker,Electronics,SoundWave,140,200,Black Friday,24/11/23,27/11/23,Multi-channel,25000,All Customers,140,1
2385,2023-12-01,C018,P119,2,MC004,Alexander Rossi,New York,USA,Adapter,Electronics,CableMax,40,800,Black Friday,24/11/23,27/11/23,Multi-channel,25000,All Customers,80,12
2386,2023-02-14,C041,P119,5,MC004,Audrey Kuznetsov,Miami,USA,Adapter,Electronics,CableMax,40,800,Black Friday,24/11/23,27/11/23,Multi-channel,25000,All Customers,200,2
2387,2023-12-21,C049,P102,9,MC005,Mila Popovic,Los Angeles,USA,Bluetooth Headphones,Electronics,SoundWave,30,300,Holiday Special,10/12/23,24/12/23,Email + Social Media,10000,Silver and Gold Tiers,270,12
2388,2023-10-08,C013,P103,1,MC001,Amelia Gupta,Houston,USA,USB-C Cable,Accessories,CableMax,15,1000,Spring Sale,1/3/23,15/3/23,Email,5000,All Customers,15,10
2389,2023-10-08,C018,P117,8,MC001,Alexander Rossi,New York,USA,Bluetooth Speaker,Electronics,SoundWave,140,200,Spring Sale,1/3/23,15/3/23,Email,5000,All Customers,1120,10
2390,2023-03-27,C014,P112,3,MC005,Benjamin Larsson,Los Angeles,USA,Desk Chair,Accessories,TechGear,40,500,Holiday Special,10/12/23,24/12/23,Email + Social Media,10000,Silver and Gold Tiers,120,3
2391,2023-12-22,C023,P110,10,MC003,Elizabeth Novak,Miami,USA,Briefcase,Accessories,ProtectPro,120,900,Back to School,1/8/23,31/8/23,TV,15000,Families,1200,12
2392,2023-06-16,C017,P105,2,MC004,Evelyn Kovalenko,Houston,USA,Smart Watch,Electronics,TechGear,25,200,Black Friday,24/11/23,27/11/23,Multi-channel,25000,All Customers,50,6
2393,2023-09-30,C042,P105,9,MC002,Owen Takahashi,New York,USA,Smart Watch,Electronics,TechGear,25,200,Summer Clearance,15/6/23,30/6/23,Social Media,7500,Gold Tier,225,9
2394,2023-12-19,C037,P117,5,MC004,Victoria Kozlov,Chicago,USA,Bluetooth Speaker,Electronics,SoundWave,140,200,Black Friday,24/11/23,27/11/23,Multi-channel,25000,All Customers,700,12
2395,2023-09-12,C038,P114,8,MC003,Thomas Sanchez,Houston,USA,Suitcase,Accessories,ProtectPro,120,1100,Back to School,1/8/23,31/8/23,TV,15000,Families,960,9
2396,2023-08-10,C024,P112,7,MC003,Samuel Kim,Chicago,USA,Desk Chair,Accessories,TechGear,40,500,Back to School,1/8/23,31/8/23,TV,15000,Families,280,8
2397,2023-05-06,C003,P113,8,MC001,Alice Johnson,Chicago,USA,Bluetooth Headphones Charger,Electronics,CableMax,150,300,Spring Sale,1/3/23,15/3/23,Email,5000,All Customers,1200,5
2398,2023-07-05,C024,P102,4,MC003,Samuel Kim,Chicago,USA,Bluetooth Headphones,Electronics,SoundWave,30,300,Back to School,1/8/23,31/8/23,TV,15000,Families,120,7
2399,2023-08-28,C002,P116,1,MC005,Jane Smith,Los Angeles,USA,Cleanup Kit,Accessories,TechGear,20,1300,Holiday Special,10/12/23,24/12/23,Email + Social Media,10000,Silver and Gold Tiers,20,8
2400,2023-06-04,C013,P114,1,MC002,Amelia Gupta,Houston,USA,Suitcase,Accessories,ProtectPro,120,1100,Summer Clearance,15/6/23,30/6/23,Social Media,7500,Gold Tier,120,6
2401,2023-09-09,C043,P116,7,MC004,Hannah Eriksson,New York,USA,Cleanup Kit,Accessories,TechGear,20,1300,Black Friday,24/11/23,27/11/23,Multi-channel,25000,All Customers,140,9
2402,2023-05-21,C003,P104,9,MC005,Alice Johnson,Chicago,USA,Phone Case,Accessories,ProtectPro,10,800,Holiday Special,10/12/23,24/12/23,Email + Social Media,10000,Silver and Gold Tiers,90,5
2403,2023-06-15,C025,P116,10,MC005,Sofia Petrov,Los Angeles,USA,Cleanup Kit,Accessories,TechGear,20,1300,Holiday Special,10/12/23,24/12/23,Email + Social Media,10000,Silver and Gold Tiers,200,6
2404,2023-07-10,C013,P117,8,MC003,Amelia Gupta,Houston,USA,Bluetooth Speaker,Electronics,SoundWave,140,200,Back to School,1/8/23,31/8/23,TV,15000,Families,1120,7
2405,2023-07-09,C002,P112,1,MC002,Jane Smith,Los Angeles,USA,Desk Chair,Accessories,TechGear,40,500,Summer Clearance,15/6/23,30/6/23,Social Media,7500,Gold Tier,40,7
2406,2023-10-22,C020,P117,6,MC003,Michael Andersen,Houston,USA,Bluetooth Speaker,Electronics,SoundWave,140,200,Back to School,1/8/23,31/8/23,TV,15000,Families,840,10
2407,2023-12-03,C025,P111,6,MC005,Sofia Petrov,Los Angeles,USA,Backpack,Accessories,ProtectPro,30,1300,Holiday Special,10/12/23,24/12/23,Email + Social Media,10000,Silver and Gold Tiers,180,12
2408,2023-06-24,C014,P119,3,MC005,Benjamin Larsson,Los Angeles,USA,Adapter,Electronics,CableMax,40,800,Holiday Special,10/12/23,24/12/23,Email + Social Media,10000,Silver and Gold Tiers,120,6
2409,2023-12-01,C015,P108,10,MC005,Harper Singh,Houston,USA,Computer Case,Accessories,ProtectPro,110,500,Holiday Special,10/12/23,24/12/23,Email + Social Media,10000,Silver and Gold Tiers,1100,12
2410,2023-04-18,C039,P111,10,MC003,Penelope Cheng,Los Angeles,USA,Backpack,Accessories,ProtectPro,30,1300,Back to School,1/8/23,31/8/23,TV,15000,Families,300,4
2411,2023-12-16,C008,P109,9,MC002,Mason Fitzgerald,Houston,USA,Laptop,Electronics,TechGear,20,200,Summer Clearance,15/6/23,30/6/23,Social Media,7500,Gold Tier,180,12
2412,2023-04-25,C037,P107,10,MC002,Victoria Kozlov,Chicago,USA,Standing Desk,Accessories,SoundWave,140,1100,Summer Clearance,15/6/23,30/6/23,Social Media,7500,Gold Tier,1400,4
2413,2023-05-30,C024,P115,10,MC004,Samuel Kim,Chicago,USA,Gaming Headset,Electronics,SoundWave,50,200,Black Friday,24/11/23,27/11/23,Multi-channel,25000,All Customers,500,5
2414,2023-09-01,C048,P102,4,MC002,Dylan Suzuki,New York,USA,Bluetooth Headphones,Electronics,SoundWave,30,300,Summer Clearance,15/6/23,30/6/23,Social Media,7500,Gold Tier,120,9
2415,2023-04-23,C001,P119,3,MC001,John Doe,New York,USA,Adapter,Electronics,CableMax,40,800,Spring Sale,1/3/23,15/3/23,Email,5000,All Customers,120,4
2416,2023-11-29,C033,P105,1,MC002,Lily Sørensen,New York,USA,Smart Watch,Electronics,TechGear,25,200,Summer Clearance,15/6/23,30/6/23,Social Media,7500,Gold Tier,25,11
2417,2023-05-07,C044,P105,3,MC005,Gabriel Santos,Los Angeles,USA,Smart Watch,Electronics,TechGear,25,200,Holiday Special,10/12/23,24/12/23,Email + Social Media,10000,Silver and Gold Tiers,75,5
2418,2023-10-19,C010,P107,6,MC001,William Diaz,New York,USA,Standing Desk,Accessories,SoundWave,140,1100,Spring Sale,1/3/23,15/3/23,Email,5000,All Customers,840,10
2419,2023-10-10,C050,P109,9,MC004,Caleb Reyes,Houston,USA,Laptop,Electronics,TechGear,20,200,Black Friday,24/11/23,27/11/23,Multi-channel,25000,All Customers,180,10
2420,2023-02-03,C021,P115,10,MC001,Emily Schwartz,Los Angeles,USA,Gaming Headset,Electronics,SoundWave,50,200,Spring Sale,1/3/23,15/3/23,Email,5000,All Customers,500,2
2421,2023-06-15,C008,P111,4,MC001,Mason Fitzgerald,Houston,USA,Backpack,Accessories,ProtectPro,30,1300,Spring Sale,1/3/23,15/3/23,Email,5000,All Customers,120,6
2422,2023-01-08,C034,P119,2,MC002,Matthew Gonzalez,Houston,USA,Adapter,Electronics,CableMax,40,800,Summer Clearance,15/6/23,30/6/23,Social Media,7500,Gold Tier,80,1
2423,2023-07-26,C032,P104,3,MC004,Christopher Lee,Los Angeles,USA,Phone Case,Accessories,ProtectPro,10,800,Black Friday,24/11/23,27/11/23,Multi-channel,25000,All Customers,30,7
2424,2023-02-17,C040,P105,8,MC002,Jack O'Brien,Miami,USA,Smart Watch,Electronics,TechGear,25,200,Summer Clearance,15/6/23,30/6/23,Social Media,7500,Gold Tier,200,2
2425,2023-07-03,C005,P105,1,MC004,Emma Brown,Miami,USA,Smart Watch,Electronics,TechGear,25,200,Black Friday,24/11/23,27/11/23,Multi-channel,25000,All Customers,25,7
2426,2023-07-21,C005,P101,9,MC001,Emma Brown,Miami,USA,Wireless Mouse,Electronics,TechGear,20,500,Spring Sale,1/3/23,15/3/23,Email,5000,All Customers,180,7
2427,2023-05-19,C005,P101,2,MC002,Emma Brown,Miami,USA,Wireless Mouse,Electronics,TechGear,20,500,Summer Clearance,15/6/23,30/6/23,Social Media,7500,Gold Tier,40,5
2428,2023-02-11,C019,P120,10,MC004,Abigail Nakamura,Chicago,USA,Keyboard Mousepad,Accessories,TechGear,50,400,Black Friday,24/11/23,27/11/23,Multi-channel,25000,All Customers,500,2
2429,2023-10-21,C043,P112,4,MC003,Hannah Eriksson,New York,USA,Desk Chair,Accessories,TechGear,40,500,Back to School,1/8/23,31/8/23,TV,15000,Families,160,10
2430,2023-12-02,C044,P107,10,MC004,Gabriel Santos,Los Angeles,USA,Standing Desk,Accessories,SoundWave,140,1100,Black Friday,24/11/23,27/11/23,Multi-channel,25000,All Customers,1400,12
2431,2023-03-21,C036,P101,6,MC005,Ryan Müller,Los Angeles,USA,Wireless Mouse,Electronics,TechGear,20,500,Holiday Special,10/12/23,24/12/23,Email + Social Media,10000,Silver and Gold Tiers,120,3
2432,2023-12-09,C047,P120,6,MC005,Leah Fontaine,Miami,USA,Keyboard Mousepad,Accessories,TechGear,50,400,Holiday Special,10/12/23,24/12/23,Email + Social Media,10000,Silver and Gold Tiers,300,12
2433,2023-06-28,C009,P107,5,MC002,Isabella Tanaka,Chicago,USA,Standing Desk,Accessories,SoundWave,140,1100,Summer Clearance,15/6/23,30/6/23,Social Media,7500,Gold Tier,700,6
2434,2023-12-30,C014,P104,2,MC004,Benjamin Larsson,Los Angeles,USA,Phone Case,Accessories,ProtectPro,10,800,Black Friday,24/11/23,27/11/23,Multi-channel,25000,All Customers,20,12
2435,2023-09-09,C046,P114,10,MC004,Isaac Nkosi,Houston,USA,Suitcase,Accessories,ProtectPro,120,1100,Black Friday,24/11/23,27/11/23,Multi-channel,25000,All Customers,1200,9
2436,2023-09-02,C032,P103,4,MC003,Christopher Lee,Los Angeles,USA,USB-C Cable,Accessories,CableMax,15,1000,Back to School,1/8/23,31/8/23,TV,15000,Families,60,9
2437,2023-10-29,C045,P106,8,MC005,Nora Zimmerman,Houston,USA,Keyboard,Electronics,TechGear,110,1000,Holiday Special,10/12/23,24/12/23,Email + Social Media,10000,Silver and Gold Tiers,880,10
2438,2023-12-02,C013,P110,6,MC001,Amelia Gupta,Houston,USA,Briefcase,Accessories,ProtectPro,120,900,Spring Sale,1/3/23,15/3/23,Email,5000,All Customers,720,12
2439,2023-09-03,C018,P114,7,MC001,Alexander Rossi,New York,USA,Suitcase,Accessories,ProtectPro,120,1100,Spring Sale,1/3/23,15/3/23,Email,5000,All Customers,840,9
2440,2023-04-17,C035,P116,6,MC005,Scarlett Watanabe,Los Angeles,USA,Cleanup Kit,Accessories,TechGear,20,1300,Holiday Special,10/12/23,24/12/23,Email + Social Media,10000,Silver and Gold Tiers,120,4
2441,2023-04-14,C018,P109,5,MC003,Alexander Rossi,New York,USA,Laptop,Electronics,TechGear,20,200,Back to School,1/8/23,31/8/23,TV,15000,Families,100,4
2442,2023-09-06,C008,P112,3,MC002,Mason Fitzgerald,Houston,USA,Desk Chair,Accessories,TechGear,40,500,Summer Clearance,15/6/23,30/6/23,Social Media,7500,Gold Tier,120,9
2443,2023-01-15,C006,P107,5,MC001,Noah Chen,Los Angeles,USA,Standing Desk,Accessories,SoundWave,140,1100,Spring Sale,1/3/23,15/3/23,Email,5000,All Customers,700,1
2444,2023-02-25,C047,P105,6,MC001,Leah Fontaine,Miami,USA,Smart Watch,Electronics,TechGear,25,200,Spring Sale,1/3/23,15/3/23,Email,5000,All Customers,150,2
2445,2023-04-22,C040,P119,7,MC004,Jack O'Brien,Miami,USA,Adapter,Electronics,CableMax,40,800,Black Friday,24/11/23,27/11/23,Multi-channel,25000,All Customers,280,4
2446,2023-09-12,C050,P118,7,MC001,Caleb Reyes,Houston,USA,External Microphone,Electronics,TechGear,60,1400,Spring Sale,1/3/23,15/3/23,Email,5000,All Customers,420,9
2447,2023-01-29,C048,P119,6,MC001,Dylan Suzuki,New York,USA,Adapter,Electronics,CableMax,40,800,Spring Sale,1/3/23,15/3/23,Email,5000,All Customers,240,1
2448,2023-05-02,C050,P116,7,MC001,Caleb Reyes,Houston,USA,Cleanup Kit,Accessories,TechGear,20,1300,Spring Sale,1/3/23,15/3/23,Email,5000,All Customers,140,5
2449,2023-07-19,C045,P104,10,MC001,Nora Zimmerman,Houston,USA,Phone Case,Accessories,ProtectPro,10,800,Spring Sale,1/3/23,15/3/23,Email,5000,All Customers,100,7
2450,2023-05-23,C021,P109,10,MC001,Emily Schwartz,Los Angeles,USA,Laptop,Electronics,TechGear,20,200,Spring Sale,1/3/23,15/3/23,Email,5000,All Customers,200,5
2451,2023-06-19,C029,P106,7,MC001,Chloe Dubois,Miami,USA,Keyboard,Electronics,TechGear,110,1000,Spring Sale,1/3/23,15/3/23,Email,5000,All Customers,770,6
2452,2023-11-12,C032,P117,9,MC002,Christopher Lee,Los Angeles,USA,Bluetooth Speaker,Electronics,SoundWave,140,200,Summer Clearance,15/6/23,30/6/23,Social Media,7500,Gold Tier,1260,11
2453,2023-04-30,C047,P111,8,MC004,Leah Fontaine,Miami,USA,Backpack,Accessories,ProtectPro,30,1300,Black Friday,24/11/23,27/11/23,Multi-channel,25000,All Customers,240,4
2454,2023-08-02,C040,P117,2,MC005,Jack O'Brien,Miami,USA,Bluetooth Speaker,Electronics,SoundWave,140,200,Holiday Special,10/12/23,24/12/23,Email + Social Media,10000,Silver and Gold Tiers,280,8
2455,2023-07-25,C003,P120,6,MC001,Alice Johnson,Chicago,USA,Keyboard Mousepad,Accessories,TechGear,50,400,Spring Sale,1/3/23,15/3/23,Email,5000,All Customers,300,7
2456,2023-01-21,C036,P118,3,MC004,Ryan Müller,Los Angeles,USA,External Microphone,Electronics,TechGear,60,1400,Black Friday,24/11/23,27/11/23,Multi-channel,25000,All Customers,180,1
2457,2023-12-05,C032,P120,7,MC005,Christopher Lee,Los Angeles,USA,Keyboard Mousepad,Accessories,TechGear,50,400,Holiday Special,10/12/23,24/12/23,Email + Social Media,10000,Silver and Gold Tiers,350,12
2458,2023-10-03,C023,P108,1,MC003,Elizabeth Novak,Miami,USA,Computer Case,Accessories,ProtectPro,110,500,Back to School,1/8/23,31/8/23,TV,15000,Families,110,10
2459,2023-12-11,C020,P106,4,MC002,Michael Andersen,Houston,USA,Keyboard,Electronics,TechGear,110,1000,Summer Clearance,15/6/23,30/6/23,Social Media,7500,Gold Tier,440,12
2460,2023-07-11,C007,P118,4,MC002,Ava Kowalski,Chicago,USA,External Microphone,Electronics,TechGear,60,1400,Summer Clearance,15/6/23,30/6/23,Social Media,7500,Gold Tier,240,7
2461,2023-06-04,C002,P118,10,MC003,Jane Smith,Los Angeles,USA,External Microphone,Electronics,TechGear,60,1400,Back to School,1/8/23,31/8/23,TV,15000,Families,600,6
2462,2023-04-02,C028,P115,7,MC003,Joseph Mendoza,New York,USA,Gaming Headset,Electronics,SoundWave,50,200,Back to School,1/8/23,31/8/23,TV,15000,Families,350,4
2463,2023-07-13,C009,P108,2,MC004,Isabella Tanaka,Chicago,USA,Computer Case,Accessories,ProtectPro,110,500,Black Friday,24/11/23,27/11/23,Multi-channel,25000,All Customers,220,7
2464,2023-02-24,C018,P101,9,MC003,Alexander Rossi,New York,USA,Wireless Mouse,Electronics,TechGear,20,500,Back to School,1/8/23,31/8/23,TV,15000,Families,180,2
2465,2023-09-19,C018,P102,10,MC002,Alexander Rossi,New York,USA,Bluetooth Headphones,Electronics,SoundWave,30,300,Summer Clearance,15/6/23,30/6/23,Social Media,7500,Gold Tier,300,9
2466,2023-01-30,C019,P108,10,MC003,Abigail Nakamura,Chicago,USA,Computer Case,Accessories,ProtectPro,110,500,Back to School,1/8/23,31/8/23,TV,15000,Families,1100,1
2467,2023-05-23,C010,P101,10,MC005,William Diaz,New York,USA,Wireless Mouse,Electronics,TechGear,20,500,Holiday Special,10/12/23,24/12/23,Email + Social Media,10000,Silver and Gold Tiers,200,5
2468,2023-04-02,C048,P106,2,MC004,Dylan Suzuki,New York,USA,Keyboard,Electronics,TechGear,110,1000,Black Friday,24/11/23,27/11/23,Multi-channel,25000,All Customers,220,4
2469,2023-11-23,C016,P110,1,MC005,Lucas Morales,Los Angeles,USA,Briefcase,Accessories,ProtectPro,120,900,Holiday Special,10/12/23,24/12/23,Email + Social Media,10000,Silver and Gold Tiers,120,11
2470,2023-11-23,C012,P110,8,MC005,James Choi,Chicago,USA,Briefcase,Accessories,ProtectPro,120,900,Holiday Special,10/12/23,24/12/23,Email + Social Media,10000,Silver and Gold Tiers,960,11
2471,2023-12-11,C027,P112,4,MC004,Grace Yamamoto,Chicago,USA,Desk Chair,Accessories,TechGear,40,500,Black Friday,24/11/23,27/11/23,Multi-channel,25000,All Customers,160,12
2472,2023-12-10,C045,P114,1,MC003,Nora Zimmerman,Houston,USA,Suitcase,Accessories,ProtectPro,120,1100,Back to School,1/8/23,31/8/23,TV,15000,Families,120,12
2473,2023-10-02,C033,P120,1,MC005,Lily Sørensen,New York,USA,Keyboard Mousepad,Accessories,TechGear,50,400,Holiday Special,10/12/23,24/12/23,Email + Social Media,10000,Silver and Gold Tiers,50,10
2474,2023-02-07,C019,P110,9,MC004,Abigail Nakamura,Chicago,USA,Briefcase,Accessories,ProtectPro,120,900,Black Friday,24/11/23,27/11/23,Multi-channel,25000,All Customers,1080,2
2475,2023-06-02,C021,P118,6,MC001,Emily Schwartz,Los Angeles,USA,External Microphone,Electronics,TechGear,60,1400,Spring Sale,1/3/23,15/3/23,Email,5000,All Customers,360,6
2476,2023-03-18,C038,P112,7,MC005,Thomas Sanchez,Houston,USA,Desk Chair,Accessories,TechGear,40,500,Holiday Special,10/12/23,24/12/23,Email + Social Media,10000,Silver and Gold Tiers,280,3
2477,2023-01-08,C017,P117,9,MC005,Evelyn Kovalenko,Houston,USA,Bluetooth Speaker,Electronics,SoundWave,140,200,Holiday Special,10/12/23,24/12/23,Email + Social Media,10000,Silver and Gold Tiers,1260,1
2478,2023-08-04,C040,P103,9,MC005,Jack O'Brien,Miami,USA,USB-C Cable,Accessories,CableMax,15,1000,Holiday Special,10/12/23,24/12/23,Email + Social Media,10000,Silver and Gold Tiers,135,8
2479,2023-03-07,C002,P110,7,MC001,Jane Smith,Los Angeles,USA,Briefcase,Accessories,ProtectPro,120,900,Spring Sale,1/3/23,15/3/23,Email,5000,All Customers,840,3
2480,2023-07-29,C012,P108,8,MC005,James Choi,Chicago,USA,Computer Case,Accessories,ProtectPro,110,500,Holiday Special,10/12/23,24/12/23,Email + Social Media,10000,Silver and Gold Tiers,880,7
2481,2023-12-16,C023,P114,1,MC003,Elizabeth Novak,Miami,USA,Suitcase,Accessories,ProtectPro,120,1100,Back to School,1/8/23,31/8/23,TV,15000,Families,120,12
2482,2023-01-31,C015,P120,5,MC004,Harper Singh,Houston,USA,Keyboard Mousepad,Accessories,TechGear,50,400,Black Friday,24/11/23,27/11/23,Multi-channel,25000,All Customers,250,1
2483,2023-12-01,C042,P119,9,MC004,Owen Takahashi,New York,USA,Adapter,Electronics,CableMax,40,800,Black Friday,24/11/23,27/11/23,Multi-channel,25000,All Customers,360,12
2484,2023-09-11,C006,P101,10,MC005,Noah Chen,Los Angeles,USA,Wireless Mouse,Electronics,TechGear,20,500,Holiday Special,10/12/23,24/12/23,Email + Social Media,10000,Silver and Gold Tiers,200,9
2485,2023-11-24,C012,P102,3,MC002,James Choi,Chicago,USA,Bluetooth Headphones,Electronics,SoundWave,30,300,Summer Clearance,15/6/23,30/6/23,Social Media,7500,Gold Tier,90,11
2486,2023-07-28,C004,P108,3,MC005,Bob Wilson,Houston,USA,Computer Case,Accessories,ProtectPro,110,500,Holiday Special,10/12/23,24/12/23,Email + Social Media,10000,Silver and Gold Tiers,330,7
2487,2023-06-03,C007,P102,6,MC004,Ava Kowalski,Chicago,USA,Bluetooth Headphones,Electronics,SoundWave,30,300,Black Friday,24/11/23,27/11/23,Multi-channel,25000,All Customers,180,6
2488,2023-01-10,C043,P114,10,MC001,Hannah Eriksson,New York,USA,Suitcase,Accessories,ProtectPro,120,1100,Spring Sale,1/3/23,15/3/23,Email,5000,All Customers,1200,1
2489,2023-03-06,C006,P114,8,MC004,Noah Chen,Los Angeles,USA,Suitcase,Accessories,ProtectPro,120,1100,Black Friday,24/11/23,27/11/23,Multi-channel,25000,All Customers,960,3
2490,2023-07-02,C034,P109,8,MC003,Matthew Gonzalez,Houston,USA,Laptop,Electronics,TechGear,20,200,Back to School,1/8/23,31/8/23,TV,15000,Families,160,7
2491,2023-03-03,C044,P115,9,MC005,Gabriel Santos,Los Angeles,USA,Gaming Headset,Electronics,SoundWave,50,200,Holiday Special,10/12/23,24/12/23,Email + Social Media,10000,Silver and Gold Tiers,450,3
2492,2023-06-08,C001,P108,8,MC002,John Doe,New York,USA,Computer Case,Accessories,ProtectPro,110,500,Summer Clearance,15/6/23,30/6/23,Social Media,7500,Gold Tier,880,6
2493,2023-11-03,C022,P117,1,MC004,Daniel Fernandez,Chicago,USA,Bluetooth Speaker,Electronics,SoundWave,140,200,Black Friday,24/11/23,27/11/23,Multi-channel,25000,All Customers,140,11
2494,2023-10-08,C034,P115,6,MC005,Matthew Gonzalez,Houston,USA,Gaming Headset,Electronics,SoundWave,50,200,Holiday Special,10/12/23,24/12/23,Email + Social Media,10000,Silver and Gold Tiers,300,10
2495,2023-03-02,C045,P120,4,MC001,Nora Zimmerman,Houston,USA,Keyboard Mousepad,Accessories,TechGear,50,400,Spring Sale,1/3/23,15/3/23,Email,5000,All Customers,200,3
2496,2023-10-25,C048,P112,9,MC003,Dylan Suzuki,New York,USA,Desk Chair,Accessories,TechGear,40,500,Back to School,1/8/23,31/8/23,TV,15000,Families,360,10
2497,2023-04-03,C001,P114,3,MC004,John Doe,New York,USA,Suitcase,Accessories,ProtectPro,120,1100,Black Friday,24/11/23,27/11/23,Multi-channel,25000,All Customers,360,4
2498,2023-01-04,C030,P119,10,MC003,Andrew Ivanov,Miami,USA,Adapter,Electronics,CableMax,40,800,Back to School,1/8/23,31/8/23,TV,15000,Families,400,1
2499,2023-03-17,C007,P118,10,MC002,Ava Kowalski,Chicago,USA,External Microphone,Electronics,TechGear,60,1400,Summer Clearance,15/6/23,30/6/23,Social Media,7500,Gold Tier,600,3
2500,2023-05-18,C008,P112,3,MC002,Mason Fitzgerald,Houston,USA,Desk Chair,Accessories,TechGear,40,500,Summer Clearance,15/6/23,30/6/23,Social Media,7500,Gold Tier,120,5
2501,2023-04-07,C010,P101,4,MC004,William Diaz,New York,USA,Wireless Mouse,Electronics,TechGear,20,500,Black Friday,24/11/23,27/11/23,Multi-channel,25000,All Customers,80,4
2502,2023-09-26,C044,P103,8,MC005,Gabriel Santos,Los Angeles,USA,USB-C Cable,Accessories,CableMax,15,1000,Holiday Special,10/12/23,24/12/23,Email + Social Media,10000,Silver and Gold Tiers,120,9
2503,2023-11-26,C040,P116,1,MC001,Jack O'Brien,Miami,USA,Cleanup Kit,Accessories,TechGear,20,1300,Spring Sale,1/3/23,15/3/23,Email,5000,All Customers,20,11
2504,2023-03-18,C050,P115,1,MC002,Caleb Reyes,Houston,USA,Gaming Headset,Electronics,SoundWave,50,200,Summer Clearance,15/6/23,30/6/23,Social Media,7500,Gold Tier,50,3
2505,2023-12-21,C043,P116,10,MC003,Hannah Eriksson,New York,USA,Cleanup Kit,Accessories,TechGear,20,1300,Back to School,1/8/23,31/8/23,TV,15000,Families,200,12
2506,2023-11-24,C039,P106,2,MC004,Penelope Cheng,Los Angeles,USA,Keyboard,Electronics,TechGear,110,1000,Black Friday,24/11/23,27/11/23,Multi-channel,25000,All Customers,220,11
2507,2023-12-26,C010,P107,9,MC002,William Diaz,New York,USA,Standing Desk,Accessories,SoundWave,140,1100,Summer Clearance,15/6/23,30/6/23,Social Media,7500,Gold Tier,1260,12
2508,2023-02-18,C004,P105,9,MC002,Bob Wilson,Houston,USA,Smart Watch,Electronics,TechGear,25,200,Summer Clearance,15/6/23,30/6/23,Social Media,7500,Gold Tier,225,2
2509,2023-09-02,C039,P101,8,MC004,Penelope Cheng,Los Angeles,USA,Wireless Mouse,Electronics,TechGear,20,500,Black Friday,24/11/23,27/11/23,Multi-channel,25000,All Customers,160,9
2510,2023-04-24,C007,P120,3,MC005,Ava Kowalski,Chicago,USA,Keyboard Mousepad,Accessories,TechGear,50,400,Holiday Special,10/12/23,24/12/23,Email + Social Media,10000,Silver and Gold Tiers,150,4
2511,2023-09-21,C003,P114,4,MC005,Alice Johnson,Chicago,USA,Suitcase,Accessories,ProtectPro,120,1100,Holiday Special,10/12/23,24/12/23,Email + Social Media,10000,Silver and Gold Tiers,480,9
2512,2023-01-20,C041,P116,3,MC005,Audrey Kuznetsov,Miami,USA,Cleanup Kit,Accessories,TechGear,20,1300,Holiday Special,10/12/23,24/12/23,Email + Social Media,10000,Silver and Gold Tiers,60,1
2513,2023-08-25,C010,P115,1,MC001,William Diaz,New York,USA,Gaming Headset,Electronics,SoundWave,50,200,Spring Sale,1/3/23,15/3/23,Email,5000,All Customers,50,8
2514,2023-09-02,C046,P117,5,MC001,Isaac Nkosi,Houston,USA,Bluetooth Speaker,Electronics,SoundWave,140,200,Spring Sale,1/3/23,15/3/23,Email,5000,All Customers,700,9
2515,2023-12-26,C011,P111,9,MC004,Charlotte Hoffman,New York,USA,Backpack,Accessories,ProtectPro,30,1300,Black Friday,24/11/23,27/11/23,Multi-channel,25000,All Customers,270,12
2516,2023-04-26,C011,P110,5,MC001,Charlotte Hoffman,New York,USA,Briefcase,Accessories,ProtectPro,120,900,Spring Sale,1/3/23,15/3/23,Email,5000,All Customers,600,4
2517,2023-03-02,C026,P103,2,MC001,David Okafor,Los Angeles,USA,USB-C Cable,Accessories,CableMax,15,1000,Spring Sale,1/3/23,15/3/23,Email,5000,All Customers,30,3
2518,2023-03-10,C014,P103,1,MC002,Benjamin Larsson,Los Angeles,USA,USB-C Cable,Accessories,CableMax,15,1000,Summer Clearance,15/6/23,30/6/23,Social Media,7500,Gold Tier,15,3
2519,2023-06-12,C001,P118,4,MC003,John Doe,New York,USA,External Microphone,Electronics,TechGear,60,1400,Back to School,1/8/23,31/8/23,TV,15000,Families,240,6
2520,2023-06-16,C002,P120,8,MC005,Jane Smith,Los Angeles,USA,Keyboard Mousepad,Accessories,TechGear,50,400,Holiday Special,10/12/23,24/12/23,Email + Social Media,10000,Silver and Gold Tiers,400,6
2521,2023-11-12,C039,P106,7,MC003,Penelope Cheng,Los Angeles,USA,Keyboard,Electronics,TechGear,110,1000,Back to School,1/8/23,31/8/23,TV,15000,Families,770,11
2522,2023-06-18,C033,P101,4,MC004,Lily Sørensen,New York,USA,Wireless Mouse,Electronics,TechGear,20,500,Black Friday,24/11/23,27/11/23,Multi-channel,25000,All Customers,80,6
2523,2023-10-13,C032,P103,1,MC003,Christopher Lee,Los Angeles,USA,USB-C Cable,Accessories,CableMax,15,1000,Back to School,1/8/23,31/8/23,TV,15000,Families,15,10
2524,2023-07-27,C037,P114,4,MC005,Victoria Kozlov,Chicago,USA,Suitcase,Accessories,ProtectPro,120,1100,Holiday Special,10/12/23,24/12/23,Email + Social Media,10000,Silver and Gold Tiers,480,7
2525,2023-03-02,C008,P111,10,MC001,Mason Fitzgerald,Houston,USA,Backpack,Accessories,ProtectPro,30,1300,Spring Sale,1/3/23,15/3/23,Email,5000,All Customers,300,3
2526,2023-03-27,C039,P108,3,MC002,Penelope Cheng,Los Angeles,USA,Computer Case,Accessories,ProtectPro,110,500,Summer Clearance,15/6/23,30/6/23,Social Media,7500,Gold Tier,330,3
2527,2023-01-03,C039,P113,7,MC001,Penelope Cheng,Los Angeles,USA,Bluetooth Headphones Charger,Electronics,CableMax,150,300,Spring Sale,1/3/23,15/3/23,Email,5000,All Customers,1050,1
2528,2023-06-19,C026,P119,5,MC001,David Okafor,Los Angeles,USA,Adapter,Electronics,CableMax,40,800,Spring Sale,1/3/23,15/3/23,Email,5000,All Customers,200,6
2529,2023-06-10,C025,P112,10,MC004,Sofia Petrov,Los Angeles,USA,Desk Chair,Accessories,TechGear,40,500,Black Friday,24/11/23,27/11/23,Multi-channel,25000,All Customers,400,6
2530,2023-03-27,C003,P109,2,MC001,Alice Johnson,Chicago,USA,Laptop,Electronics,TechGear,20,200,Spring Sale,1/3/23,15/3/23,Email,5000,All Customers,40,3
2531,2023-01-25,C041,P108,10,MC002,Audrey Kuznetsov,Miami,USA,Computer Case,Accessories,ProtectPro,110,500,Summer Clearance,15/6/23,30/6/23,Social Media,7500,Gold Tier,1100,1
2532,2023-08-09,C007,P107,1,MC001,Ava Kowalski,Chicago,USA,Standing Desk,Accessories,SoundWave,140,1100,Spring Sale,1/3/23,15/3/23,Email,5000,All Customers,140,8
2533,2023-06-16,C037,P115,9,MC005,Victoria Kozlov,Chicago,USA,Gaming Headset,Electronics,SoundWave,50,200,Holiday Special,10/12/23,24/12/23,Email + Social Media,10000,Silver and Gold Tiers,450,6
2534,2023-11-09,C039,P104,3,MC003,Penelope Cheng,Los Angeles,USA,Phone Case,Accessories,ProtectPro,10,800,Back to School,1/8/23,31/8/23,TV,15000,Families,30,11
2535,2023-04-18,C039,P108,3,MC002,Penelope Cheng,Los Angeles,USA,Computer Case,Accessories,ProtectPro,110,500,Summer Clearance,15/6/23,30/6/23,Social Media,7500,Gold Tier,330,4
2536,2023-05-14,C033,P116,1,MC001,Lily Sørensen,New York,USA,Cleanup Kit,Accessories,TechGear,20,1300,Spring Sale,1/3/23,15/3/23,Email,5000,All Customers,20,5
2537,2023-06-22,C037,P103,1,MC003,Victoria Kozlov,Chicago,USA,USB-C Cable,Accessories,CableMax,15,1000,Back to School,1/8/23,31/8/23,TV,15000,Families,15,6
2538,2023-10-02,C030,P110,10,MC002,Andrew Ivanov,Miami,USA,Briefcase,Accessories,ProtectPro,120,900,Summer Clearance,15/6/23,30/6/23,Social Media,7500,Gold Tier,1200,10
2539,2023-05-13,C047,P116,6,MC001,Leah Fontaine,Miami,USA,Cleanup Kit,Accessories,TechGear,20,1300,Spring Sale,1/3/23,15/3/23,Email,5000,All Customers,120,5
2540,2023-10-12,C025,P117,2,MC002,Sofia Petrov,Los Angeles,USA,Bluetooth Speaker,Electronics,SoundWave,140,200,Summer Clearance,15/6/23,30/6/23,Social Media,7500,Gold Tier,280,10
2541,2023-04-24,C016,P112,3,MC005,Lucas Morales,Los Angeles,USA,Desk Chair,Accessories,TechGear,40,500,Holiday Special,10/12/23,24/12/23,Email + Social Media,10000,Silver and Gold Tiers,120,4
2542,2023-09-15,C004,P109,3,MC002,Bob Wilson,Houston,USA,Laptop,Electronics,TechGear,20,200,Summer Clearance,15/6/23,30/6/23,Social Media,7500,Gold Tier,60,9
2543,2023-05-08,C039,P110,8,MC002,Penelope Cheng,Los Angeles,USA,Briefcase,Accessories,ProtectPro,120,900,Summer Clearance,15/6/23,30/6/23,Social Media,7500,Gold Tier,960,5
2544,2023-02-05,C017,P104,7,MC004,Evelyn Kovalenko,Houston,USA,Phone Case,Accessories,ProtectPro,10,800,Black Friday,24/11/23,27/11/23,Multi-channel,25000,All Customers,70,2
2545,2023-08-12,C019,P104,3,MC001,Abigail Nakamura,Chicago,USA,Phone Case,Accessories,ProtectPro,10,800,Spring Sale,1/3/23,15/3/23,Email,5000,All Customers,30,8
2546,2023-05-03,C001,P110,5,MC001,John Doe,New York,USA,Briefcase,Accessories,ProtectPro,120,900,Spring Sale,1/3/23,15/3/23,Email,5000,All Customers,600,5
2547,2023-02-26,C046,P109,3,MC002,Isaac Nkosi,Houston,USA,Laptop,Electronics,TechGear,20,200,Summer Clearance,15/6/23,30/6/23,Social Media,7500,Gold Tier,60,2
2548,2023-03-25,C006,P119,6,MC004,Noah Chen,Los Angeles,USA,Adapter,Electronics,CableMax,40,800,Black Friday,24/11/23,27/11/23,Multi-channel,25000,All Customers,240,3
2549,2023-01-28,C044,P110,6,MC005,Gabriel Santos,Los Angeles,USA,Briefcase,Accessories,ProtectPro,120,900,Holiday Special,10/12/23,24/12/23,Email + Social Media,10000,Silver and Gold Tiers,720,1
2550,2023-06-13,C038,P104,9,MC005,Thomas Sanchez,Houston,USA,Phone Case,Accessories,ProtectPro,10,800,Holiday Special,10/12/23,24/12/23,Email + Social Media,10000,Silver and Gold Tiers,90,6
2551,2023-11-08,C026,P104,2,MC005,David Okafor,Los Angeles,USA,Phone Case,Accessories,ProtectPro,10,800,Holiday Special,10/12/23,24/12/23,Email + Social Media,10000,Silver and Gold Tiers,20,11
2552,2023-11-19,C041,P118,9,MC005,Audrey Kuznetsov,Miami,USA,External Microphone,Electronics,TechGear,60,1400,Holiday Special,10/12/23,24/12/23,Email + Social Media,10000,Silver and Gold Tiers,540,11
2553,2023-12-08,C046,P103,9,MC004,Isaac Nkosi,Houston,USA,USB-C Cable,Accessories,CableMax,15,1000,Black Friday,24/11/23,27/11/23,Multi-channel,25000,All Customers,135,12
2554,2023-02-22,C022,P105,5,MC003,Daniel Fernandez,Chicago,USA,Smart Watch,Electronics,TechGear,25,200,Back to School,1/8/23,31/8/23,TV,15000,Families,125,2
2555,2023-10-10,C022,P109,9,MC001,Daniel Fernandez,Chicago,USA,Laptop,Electronics,TechGear,20,200,Spring Sale,1/3/23,15/3/23,Email,5000,All Customers,180,10
2556,2023-01-26,C006,P105,10,MC003,Noah Chen,Los Angeles,USA,Smart Watch,Electronics,TechGear,25,200,Back to School,1/8/23,31/8/23,TV,15000,Families,250,1
2557,2023-01-04,C041,P108,7,MC005,Audrey Kuznetsov,Miami,USA,Computer Case,Accessories,ProtectPro,110,500,Holiday Special,10/12/23,24/12/23,Email + Social Media,10000,Silver and Gold Tiers,770,1
2558,2023-05-27,C005,P113,1,MC001,Emma Brown,Miami,USA,Bluetooth Headphones Charger,Electronics,CableMax,150,300,Spring Sale,1/3/23,15/3/23,Email,5000,All Customers,150,5
2559,2023-01-20,C023,P113,1,MC003,Elizabeth Novak,Miami,USA,Bluetooth Headphones Charger,Electronics,CableMax,150,300,Back to School,1/8/23,31/8/23,TV,15000,Families,150,1
2560,2023-06-17,C018,P111,3,MC002,Alexander Rossi,New York,USA,Backpack,Accessories,ProtectPro,30,1300,Summer Clearance,15/6/23,30/6/23,Social Media,7500,Gold Tier,90,6
2561,2023-03-18,C043,P112,2,MC004,Hannah Eriksson,New York,USA,Desk Chair,Accessories,TechGear,40,500,Black Friday,24/11/23,27/11/23,Multi-channel,25000,All Customers,80,3
2562,2023-03-10,C022,P120,6,MC004,Daniel Fernandez,Chicago,USA,Keyboard Mousepad,Accessories,TechGear,50,400,Black Friday,24/11/23,27/11/23,Multi-channel,25000,All Customers,300,3
2563,2023-12-03,C017,P112,7,MC003,Evelyn Kovalenko,Houston,USA,Desk Chair,Accessories,TechGear,40,500,Back to School,1/8/23,31/8/23,TV,15000,Families,280,12
2564,2023-02-20,C050,P118,4,MC002,Caleb Reyes,Houston,USA,External Microphone,Electronics,TechGear,60,1400,Summer Clearance,15/6/23,30/6/23,Social Media,7500,Gold Tier,240,2
2565,2023-03-06,C008,P119,10,MC001,Mason Fitzgerald,Houston,USA,Adapter,Electronics,CableMax,40,800,Spring Sale,1/3/23,15/3/23,Email,5000,All Customers,400,3
2566,2023-12-02,C025,P101,4,MC001,Sofia Petrov,Los Angeles,USA,Wireless Mouse,Electronics,TechGear,20,500,Spring Sale,1/3/23,15/3/23,Email,5000,All Customers,80,12
2567,2023-09-06,C030,P106,9,MC002,Andrew Ivanov,Miami,USA,Keyboard,Electronics,TechGear,110,1000,Summer Clearance,15/6/23,30/6/23,Social Media,7500,Gold Tier,990,9
2568,2023-05-21,C024,P105,9,MC004,Samuel Kim,Chicago,USA,Smart Watch,Electronics,TechGear,25,200,Black Friday,24/11/23,27/11/23,Multi-channel,25000,All Customers,225,5
2569,2023-09-17,C010,P112,3,MC004,William Diaz,New York,USA,Desk Chair,Accessories,TechGear,40,500,Black Friday,24/11/23,27/11/23,Multi-channel,25000,All Customers,120,9
2570,2023-06-01,C041,P110,8,MC004,Audrey Kuznetsov,Miami,USA,Briefcase,Accessories,ProtectPro,120,900,Black Friday,24/11/23,27/11/23,Multi-channel,25000,All Customers,960,6
2571,2023-05-22,C037,P118,9,MC005,Victoria Kozlov,Chicago,USA,External Microphone,Electronics,TechGear,60,1400,Holiday Special,10/12/23,24/12/23,Email + Social Media,10000,Silver and Gold Tiers,540,5
2572,2023-01-14,C046,P105,10,MC004,Isaac Nkosi,Houston,USA,Smart Watch,Electronics,TechGear,25,200,Black Friday,24/11/23,27/11/23,Multi-channel,25000,All Customers,250,1
2573,2023-10-06,C014,P115,2,MC005,Benjamin Larsson,Los Angeles,USA,Gaming Headset,Electronics,SoundWave,50,200,Holiday Special,10/12/23,24/12/23,Email + Social Media,10000,Silver and Gold Tiers,100,10
2574,2023-06-14,C039,P116,3,MC005,Penelope Cheng,Los Angeles,USA,Cleanup Kit,Accessories,TechGear,20,1300,Holiday Special,10/12/23,24/12/23,Email + Social Media,10000,Silver and Gold Tiers,60,6
2575,2023-05-18,C044,P107,10,MC002,Gabriel Santos,Los Angeles,USA,Standing Desk,Accessories,SoundWave,140,1100,Summer Clearance,15/6/23,30/6/23,Social Media,7500,Gold Tier,1400,5
2576,2023-12-28,C042,P105,1,MC001,Owen Takahashi,New York,USA,Smart Watch,Electronics,TechGear,25,200,Spring Sale,1/3/23,15/3/23,Email,5000,All Customers,25,12
2577,2023-10-16,C012,P111,6,MC004,James Choi,Chicago,USA,Backpack,Accessories,ProtectPro,30,1300,Black Friday,24/11/23,27/11/23,Multi-channel,25000,All Customers,180,10
2578,2023-05-03,C048,P106,3,MC003,Dylan Suzuki,New York,USA,Keyboard,Electronics,TechGear,110,1000,Back to School,1/8/23,31/8/23,TV,15000,Families,330,5
2579,2023-11-15,C047,P103,5,MC002,Leah Fontaine,Miami,USA,USB-C Cable,Accessories,CableMax,15,1000,Summer Clearance,15/6/23,30/6/23,Social Media,7500,Gold Tier,75,11
2580,2023-05-17,C045,P101,7,MC002,Nora Zimmerman,Houston,USA,Wireless Mouse,Electronics,TechGear,20,500,Summer Clearance,15/6/23,30/6/23,Social Media,7500,Gold Tier,140,5
2581,2023-04-17,C032,P120,8,MC001,Christopher Lee,Los Angeles,USA,Keyboard Mousepad,Accessories,TechGear,50,400,Spring Sale,1/3/23,15/3/23,Email,5000,All Customers,400,4
2582,2023-07-15,C030,P103,1,MC001,Andrew Ivanov,Miami,USA,USB-C Cable,Accessories,CableMax,15,1000,Spring Sale,1/3/23,15/3/23,Email,5000,All Customers,15,7
2583,2023-12-05,C041,P108,8,MC005,Audrey Kuznetsov,Miami,USA,Computer Case,Accessories,ProtectPro,110,500,Holiday Special,10/12/23,24/12/23,Email + Social Media,10000,Silver and Gold Tiers,880,12
2584,2023-02-02,C043,P103,3,MC001,Hannah Eriksson,New York,USA,USB-C Cable,Accessories,CableMax,15,1000,Spring Sale,1/3/23,15/3/23,Email,5000,All Customers,45,2
2585,2023-09-12,C035,P120,7,MC002,Scarlett Watanabe,Los Angeles,USA,Keyboard Mousepad,Accessories,TechGear,50,400,Summer Clearance,15/6/23,30/6/23,Social Media,7500,Gold Tier,350,9
2586,2023-04-07,C007,P107,9,MC004,Ava Kowalski,Chicago,USA,Standing Desk,Accessories,SoundWave,140,1100,Black Friday,24/11/23,27/11/23,Multi-channel,25000,All Customers,1260,4
2587,2023-06-06,C025,P115,9,MC003,Sofia Petrov,Los Angeles,USA,Gaming Headset,Electronics,SoundWave,50,200,Back to School,1/8/23,31/8/23,TV,15000,Families,450,6
2588,2023-12-15,C025,P106,5,MC001,Sofia Petrov,Los Angeles,USA,Keyboard,Electronics,TechGear,110,1000,Spring Sale,1/3/23,15/3/23,Email,5000,All Customers,550,12
2589,2023-02-14,C048,P120,7,MC002,Dylan Suzuki,New York,USA,Keyboard Mousepad,Accessories,TechGear,50,400,Summer Clearance,15/6/23,30/6/23,Social Media,7500,Gold Tier,350,2
2590,2023-05-11,C043,P113,7,MC005,Hannah Eriksson,New York,USA,Bluetooth Headphones Charger,Electronics,CableMax,150,300,Holiday Special,10/12/23,24/12/23,Email + Social Media,10000,Silver and Gold Tiers,1050,5
2591,2023-04-11,C034,P111,7,MC002,Matthew Gonzalez,Houston,USA,Backpack,Accessories,ProtectPro,30,1300,Summer Clearance,15/6/23,30/6/23,Social Media,7500,Gold Tier,210,4
2592,2023-03-24,C044,P120,5,MC004,Gabriel Santos,Los Angeles,USA,Keyboard Mousepad,Accessories,TechGear,50,400,Black Friday,24/11/23,27/11/23,Multi-channel,25000,All Customers,250,3
2593,2023-05-19,C010,P115,6,MC001,William Diaz,New York,USA,Gaming Headset,Electronics,SoundWave,50,200,Spring Sale,1/3/23,15/3/23,Email,5000,All Customers,300,5
2594,2023-01-06,C019,P102,4,MC004,Abigail Nakamura,Chicago,USA,Bluetooth Headphones,Electronics,SoundWave,30,300,Black Friday,24/11/23,27/11/23,Multi-channel,25000,All Customers,120,1
2595,2023-08-16,C001,P108,8,MC005,John Doe,New York,USA,Computer Case,Accessories,ProtectPro,110,500,Holiday Special,10/12/23,24/12/23,Email + Social Media,10000,Silver and Gold Tiers,880,8
2596,2023-11-16,C005,P112,9,MC005,Emma Brown,Miami,USA,Desk Chair,Accessories,TechGear,40,500,Holiday Special,10/12/23,24/12/23,Email + Social Media,10000,Silver and Gold Tiers,360,11
2597,2023-05-24,C029,P119,1,MC003,Chloe Dubois,Miami,USA,Adapter,Electronics,CableMax,40,800,Back to School,1/8/23,31/8/23,TV,15000,Families,40,5
2598,2023-09-28,C036,P106,4,MC002,Ryan Müller,Los Angeles,USA,Keyboard,Electronics,TechGear,110,1000,Summer Clearance,15/6/23,30/6/23,Social Media,7500,Gold Tier,440,9
2599,2023-07-16,C048,P118,8,MC003,Dylan Suzuki,New York,USA,External Microphone,Electronics,TechGear,60,1400,Back to School,1/8/23,31/8/23,TV,15000,Families,480,7
2600,2023-12-27,C018,P105,8,MC003,Alexander Rossi,New York,USA,Smart Watch,Electronics,TechGear,25,200,Back to School,1/8/23,31/8/23,TV,15000,Families,200,12
2601,2023-06-09,C039,P119,10,MC003,Penelope Cheng,Los Angeles,USA,Adapter,Electronics,CableMax,40,800,Back to School,1/8/23,31/8/23,TV,15000,Families,400,6
2602,2023-04-18,C014,P118,6,MC001,Benjamin Larsson,Los Angeles,USA,External Microphone,Electronics,TechGear,60,1400,Spring Sale,1/3/23,15/3/23,Email,5000,All Customers,360,4
2603,2023-08-03,C005,P114,5,MC004,Emma Brown,Miami,USA,Suitcase,Accessories,ProtectPro,120,1100,Black Friday,24/11/23,27/11/23,Multi-channel,25000,All Customers,600,8
2604,2023-01-24,C007,P101,7,MC001,Ava Kowalski,Chicago,USA,Wireless Mouse,Electronics,TechGear,20,500,Spring Sale,1/3/23,15/3/23,Email,5000,All Customers,140,1
2605,2023-04-08,C013,P116,8,MC005,Amelia Gupta,Houston,USA,Cleanup Kit,Accessories,TechGear,20,1300,Holiday Special,10/12/23,24/12/23,Email + Social Media,10000,Silver and Gold Tiers,160,4
2606,2023-08-27,C031,P118,1,MC005,Zoe Ramirez,Miami,USA,External Microphone,Electronics,TechGear,60,1400,Holiday Special,10/12/23,24/12/23,Email + Social Media,10000,Silver and Gold Tiers,60,8
2607,2023-08-18,C039,P113,8,MC005,Penelope Cheng,Los Angeles,USA,Bluetooth Headphones Charger,Electronics,CableMax,150,300,Holiday Special,10/12/23,24/12/23,Email + Social Media,10000,Silver and Gold Tiers,1200,8
2608,2023-01-20,C002,P113,8,MC005,Jane Smith,Los Angeles,USA,Bluetooth Headphones Charger,Electronics,CableMax,150,300,Holiday Special,10/12/23,24/12/23,Email + Social Media,10000,Silver and Gold Tiers,1200,1
2609,2023-04-19,C004,P107,1,MC004,Bob Wilson,Houston,USA,Standing Desk,Accessories,SoundWave,140,1100,Black Friday,24/11/23,27/11/23,Multi-channel,25000,All Customers,140,4
2610,2023-05-16,C030,P111,7,MC002,Andrew Ivanov,Miami,USA,Backpack,Accessories,ProtectPro,30,1300,Summer Clearance,15/6/23,30/6/23,Social Media,7500,Gold Tier,210,5
2611,2023-05-11,C040,P113,4,MC003,Jack O'Brien,Miami,USA,Bluetooth Headphones Charger,Electronics,CableMax,150,300,Back to School,1/8/23,31/8/23,TV,15000,Families,600,5
2612,2023-09-12,C042,P104,10,MC002,Owen Takahashi,New York,USA,Phone Case,Accessories,ProtectPro,10,800,Summer Clearance,15/6/23,30/6/23,Social Media,7500,Gold Tier,100,9
2613,2023-02-20,C038,P119,8,MC004,Thomas Sanchez,Houston,USA,Adapter,Electronics,CableMax,40,800,Black Friday,24/11/23,27/11/23,Multi-channel,25000,All Customers,320,2
2614,2023-09-15,C034,P101,3,MC002,Matthew Gonzalez,Houston,USA,Wireless Mouse,Electronics,TechGear,20,500,Summer Clearance,15/6/23,30/6/23,Social Media,7500,Gold Tier,60,9
2615,2023-07-17,C024,P112,9,MC003,Samuel Kim,Chicago,USA,Desk Chair,Accessories,TechGear,40,500,Back to School,1/8/23,31/8/23,TV,15000,Families,360,7
2616,2023-05-06,C046,P113,1,MC004,Isaac Nkosi,Houston,USA,Bluetooth Headphones Charger,Electronics,CableMax,150,300,Black Friday,24/11/23,27/11/23,Multi-channel,25000,All Customers,150,5
2617,2023-03-10,C029,P101,10,MC004,Chloe Dubois,Miami,USA,Wireless Mouse,Electronics,TechGear,20,500,Black Friday,24/11/23,27/11/23,Multi-channel,25000,All Customers,200,3
2618,2023-06-01,C003,P101,2,MC003,Alice Johnson,Chicago,USA,Wireless Mouse,Electronics,TechGear,20,500,Back to School,1/8/23,31/8/23,TV,15000,Families,40,6
2619,2023-03-09,C004,P105,9,MC003,Bob Wilson,Houston,USA,Smart Watch,Electronics,TechGear,25,200,Back to School,1/8/23,31/8/23,TV,15000,Families,225,3
2620,2023-03-01,C021,P110,3,MC001,Emily Schwartz,Los Angeles,USA,Briefcase,Accessories,ProtectPro,120,900,Spring Sale,1/3/23,15/3/23,Email,5000,All Customers,360,3
2621,2023-09-04,C033,P110,9,MC005,Lily Sørensen,New York,USA,Briefcase,Accessories,ProtectPro,120,900,Holiday Special,10/12/23,24/12/23,Email + Social Media,10000,Silver and Gold Tiers,1080,9
2622,2023-06-16,C044,P116,5,MC003,Gabriel Santos,Los Angeles,USA,Cleanup Kit,Accessories,TechGear,20,1300,Back to School,1/8/23,31/8/23,TV,15000,Families,100,6
2623,2023-01-10,C039,P109,7,MC003,Penelope Cheng,Los Angeles,USA,Laptop,Electronics,TechGear,20,200,Back to School,1/8/23,31/8/23,TV,15000,Families,140,1
2624,2023-09-08,C017,P104,5,MC001,Evelyn Kovalenko,Houston,USA,Phone Case,Accessories,ProtectPro,10,800,Spring Sale,1/3/23,15/3/23,Email,5000,All Customers,50,9
2625,2023-03-13,C018,P119,1,MC004,Alexander Rossi,New York,USA,Adapter,Electronics,CableMax,40,800,Black Friday,24/11/23,27/11/23,Multi-channel,25000,All Customers,40,3
2626,2023-03-02,C021,P102,2,MC003,Emily Schwartz,Los Angeles,USA,Bluetooth Headphones,Electronics,SoundWave,30,300,Back to School,1/8/23,31/8/23,TV,15000,Families,60,3
2627,2023-09-18,C043,P114,2,MC004,Hannah Eriksson,New York,USA,Suitcase,Accessories,ProtectPro,120,1100,Black Friday,24/11/23,27/11/23,Multi-channel,25000,All Customers,240,9
2628,2023-04-12,C025,P113,8,MC002,Sofia Petrov,Los Angeles,USA,Bluetooth Headphones Charger,Electronics,CableMax,150,300,Summer Clearance,15/6/23,30/6/23,Social Media,7500,Gold Tier,1200,4
2629,2023-09-15,C011,P109,1,MC003,Charlotte Hoffman,New York,USA,Laptop,Electronics,TechGear,20,200,Back to School,1/8/23,31/8/23,TV,15000,Families,20,9
2630,2023-03-18,C020,P118,2,MC002,Michael Andersen,Houston,USA,External Microphone,Electronics,TechGear,60,1400,Summer Clearance,15/6/23,30/6/23,Social Media,7500,Gold Tier,120,3
2631,2023-06-15,C023,P114,1,MC001,Elizabeth Novak,Miami,USA,Suitcase,Accessories,ProtectPro,120,1100,Spring Sale,1/3/23,15/3/23,Email,5000,All Customers,120,6
2632,2023-01-18,C006,P114,8,MC001,Noah Chen,Los Angeles,USA,Suitcase,Accessories,ProtectPro,120,1100,Spring Sale,1/3/23,15/3/23,Email,5000,All Customers,960,1
2633,2023-03-04,C028,P113,5,MC004,Joseph Mendoza,New York,USA,Bluetooth Headphones Charger,Electronics,CableMax,150,300,Black Friday,24/11/23,27/11/23,Multi-channel,25000,All Customers,750,3
2634,2023-06-13,C033,P102,8,MC001,Lily Sørensen,New York,USA,Bluetooth Headphones,Electronics,SoundWave,30,300,Spring Sale,1/3/23,15/3/23,Email,5000,All Customers,240,6
2635,2023-07-19,C004,P104,1,MC002,Bob Wilson,Houston,USA,Phone Case,Accessories,ProtectPro,10,800,Summer Clearance,15/6/23,30/6/23,Social Media,7500,Gold Tier,10,7
2636,2023-06-29,C018,P105,2,MC003,Alexander Rossi,New York,USA,Smart Watch,Electronics,TechGear,25,200,Back to School,1/8/23,31/8/23,TV,15000,Families,50,6
2637,2023-05-22,C037,P102,4,MC005,Victoria Kozlov,Chicago,USA,Bluetooth Headphones,Electronics,SoundWave,30,300,Holiday Special,10/12/23,24/12/23,Email + Social Media,10000,Silver and Gold Tiers,120,5
2638,2023-11-10,C017,P117,8,MC001,Evelyn Kovalenko,Houston,USA,Bluetooth Speaker,Electronics,SoundWave,140,200,Spring Sale,1/3/23,15/3/23,Email,5000,All Customers,1120,11
2639,2023-02-25,C037,P106,1,MC003,Victoria Kozlov,Chicago,USA,Keyboard,Electronics,TechGear,110,1000,Back to School,1/8/23,31/8/23,TV,15000,Families,110,2
2640,2023-01-13,C048,P115,2,MC001,Dylan Suzuki,New York,USA,Gaming Headset,Electronics,SoundWave,50,200,Spring Sale,1/3/23,15/3/23,Email,5000,All Customers,100,1
2641,2023-09-12,C016,P111,7,MC001,Lucas Morales,Los Angeles,USA,Backpack,Accessories,ProtectPro,30,1300,Spring Sale,1/3/23,15/3/23,Email,5000,All Customers,210,9
2642,2023-01-24,C046,P107,3,MC001,Isaac Nkosi,Houston,USA,Standing Desk,Accessories,SoundWave,140,1100,Spring Sale,1/3/23,15/3/23,Email,5000,All Customers,420,1
2643,2023-03-17,C013,P114,6,MC002,Amelia Gupta,Houston,USA,Suitcase,Accessories,ProtectPro,120,1100,Summer Clearance,15/6/23,30/6/23,Social Media,7500,Gold Tier,720,3
2644,2023-04-24,C045,P115,7,MC001,Nora Zimmerman,Houston,USA,Gaming Headset,Electronics,SoundWave,50,200,Spring Sale,1/3/23,15/3/23,Email,5000,All Customers,350,4
2645,2023-04-23,C043,P118,1,MC005,Hannah Eriksson,New York,USA,External Microphone,Electronics,TechGear,60,1400,Holiday Special,10/12/23,24/12/23,Email + Social Media,10000,Silver and Gold Tiers,60,4
2646,2023-12-29,C045,P113,8,MC005,Nora Zimmerman,Houston,USA,Bluetooth Headphones Charger,Electronics,CableMax,150,300,Holiday Special,10/12/23,24/12/23,Email + Social Media,10000,Silver and Gold Tiers,1200,12
2647,2023-01-22,C030,P101,3,MC003,Andrew Ivanov,Miami,USA,Wireless Mouse,Electronics,TechGear,20,500,Back to School,1/8/23,31/8/23,TV,15000,Families,60,1
2648,2023-06-28,C039,P117,6,MC001,Penelope Cheng,Los Angeles,USA,Bluetooth Speaker,Electronics,SoundWave,140,200,Spring Sale,1/3/23,15/3/23,Email,5000,All Customers,840,6
2649,2023-12-10,C012,P114,3,MC004,James Choi,Chicago,USA,Suitcase,Accessories,ProtectPro,120,1100,Black Friday,24/11/23,27/11/23,Multi-channel,25000,All Customers,360,12
2650,2023-04-18,C036,P116,7,MC005,Ryan Müller,Los Angeles,USA,Cleanup Kit,Accessories,TechGear,20,1300,Holiday Special,10/12/23,24/12/23,Email + Social Media,10000,Silver and Gold Tiers,140,4
2651,2023-09-01,C044,P118,2,MC004,Gabriel Santos,Los Angeles,USA,External Microphone,Electronics,TechGear,60,1400,Black Friday,24/11/23,27/11/23,Multi-channel,25000,All Customers,120,9
2652,2023-06-04,C002,P104,2,MC002,Jane Smith,Los Angeles,USA,Phone Case,Accessories,ProtectPro,10,800,Summer Clearance,15/6/23,30/6/23,Social Media,7500,Gold Tier,20,6
2653,2023-05-08,C004,P101,4,MC001,Bob Wilson,Houston,USA,Wireless Mouse,Electronics,TechGear,20,500,Spring Sale,1/3/23,15/3/23,Email,5000,All Customers,80,5
2654,2023-05-07,C007,P112,1,MC002,Ava Kowalski,Chicago,USA,Desk Chair,Accessories,TechGear,40,500,Summer Clearance,15/6/23,30/6/23,Social Media,7500,Gold Tier,40,5
2655,2023-05-27,C013,P101,5,MC001,Amelia Gupta,Houston,USA,Wireless Mouse,Electronics,TechGear,20,500,Spring Sale,1/3/23,15/3/23,Email,5000,All Customers,100,5
2656,2023-03-15,C025,P119,4,MC003,Sofia Petrov,Los Angeles,USA,Adapter,Electronics,CableMax,40,800,Back to School,1/8/23,31/8/23,TV,15000,Families,160,3
2657,2023-08-01,C004,P116,7,MC001,Bob Wilson,Houston,USA,Cleanup Kit,Accessories,TechGear,20,1300,Spring Sale,1/3/23,15/3/23,Email,5000,All Customers,140,8
2658,2023-02-23,C037,P116,7,MC001,Victoria Kozlov,Chicago,USA,Cleanup Kit,Accessories,TechGear,20,1300,Spring Sale,1/3/23,15/3/23,Email,5000,All Customers,140,2
2659,2023-08-01,C005,P114,5,MC002,Emma Brown,Miami,USA,Suitcase,Accessories,ProtectPro,120,1100,Summer Clearance,15/6/23,30/6/23,Social Media,7500,Gold Tier,600,8
2660,2023-11-22,C032,P116,3,MC004,Christopher Lee,Los Angeles,USA,Cleanup Kit,Accessories,TechGear,20,1300,Black Friday,24/11/23,27/11/23,Multi-channel,25000,All Customers,60,11
2661,2023-01-13,C043,P107,1,MC004,Hannah Eriksson,New York,USA,Standing Desk,Accessories,SoundWave,140,1100,Black Friday,24/11/23,27/11/23,Multi-channel,25000,All Customers,140,1
2662,2023-03-24,C049,P103,5,MC005,Mila Popovic,Los Angeles,USA,USB-C Cable,Accessories,CableMax,15,1000,Holiday Special,10/12/23,24/12/23,Email + Social Media,10000,Silver and Gold Tiers,75,3
2663,2023-09-06,C017,P112,10,MC002,Evelyn Kovalenko,Houston,USA,Desk Chair,Accessories,TechGear,40,500,Summer Clearance,15/6/23,30/6/23,Social Media,7500,Gold Tier,400,9
2664,2023-11-05,C023,P111,3,MC002,Elizabeth Novak,Miami,USA,Backpack,Accessories,ProtectPro,30,1300,Summer Clearance,15/6/23,30/6/23,Social Media,7500,Gold Tier,90,11
2665,2023-06-09,C014,P110,6,MC001,Benjamin Larsson,Los Angeles,USA,Briefcase,Accessories,ProtectPro,120,900,Spring Sale,1/3/23,15/3/23,Email,5000,All Customers,720,6
2666,2023-06-17,C026,P114,2,MC002,David Okafor,Los Angeles,USA,Suitcase,Accessories,ProtectPro,120,1100,Summer Clearance,15/6/23,30/6/23,Social Media,7500,Gold Tier,240,6
2667,2023-10-29,C021,P113,1,MC001,Emily Schwartz,Los Angeles,USA,Bluetooth Headphones Charger,Electronics,CableMax,150,300,Spring Sale,1/3/23,15/3/23,Email,5000,All Customers,150,10
2668,2023-01-28,C013,P105,6,MC001,Amelia Gupta,Houston,USA,Smart Watch,Electronics,TechGear,25,200,Spring Sale,1/3/23,15/3/23,Email,5000,All Customers,150,1
2669,2023-03-17,C036,P106,2,MC003,Ryan Müller,Los Angeles,USA,Keyboard,Electronics,TechGear,110,1000,Back to School,1/8/23,31/8/23,TV,15000,Families,220,3
2670,2023-01-07,C036,P107,1,MC002,Ryan Müller,Los Angeles,USA,Standing Desk,Accessories,SoundWave,140,1100,Summer Clearance,15/6/23,30/6/23,Social Media,7500,Gold Tier,140,1
2671,2023-11-25,C004,P101,9,MC002,Bob Wilson,Houston,USA,Wireless Mouse,Electronics,TechGear,20,500,Summer Clearance,15/6/23,30/6/23,Social Media,7500,Gold Tier,180,11
2672,2023-12-29,C003,P106,10,MC005,Alice Johnson,Chicago,USA,Keyboard,Electronics,TechGear,110,1000,Holiday Special,10/12/23,24/12/23,Email + Social Media,10000,Silver and Gold Tiers,1100,12
2673,2023-01-19,C048,P115,4,MC001,Dylan Suzuki,New York,USA,Gaming Headset,Electronics,SoundWave,50,200,Spring Sale,1/3/23,15/3/23,Email,5000,All Customers,200,1
2674,2023-03-18,C008,P106,3,MC003,Mason Fitzgerald,Houston,USA,Keyboard,Electronics,TechGear,110,1000,Back to School,1/8/23,31/8/23,TV,15000,Families,330,3
2675,2023-01-22,C042,P116,9,MC002,Owen Takahashi,New York,USA,Cleanup Kit,Accessories,TechGear,20,1300,Summer Clearance,15/6/23,30/6/23,Social Media,7500,Gold Tier,180,1
2676,2023-11-01,C045,P117,10,MC001,Nora Zimmerman,Houston,USA,Bluetooth Speaker,Electronics,SoundWave,140,200,Spring Sale,1/3/23,15/3/23,Email,5000,All Customers,1400,11
2677,2023-01-14,C027,P118,4,MC004,Grace Yamamoto,Chicago,USA,External Microphone,Electronics,TechGear,60,1400,Black Friday,24/11/23,27/11/23,Multi-channel,25000,All Customers,240,1
2678,2023-06-26,C012,P120,3,MC003,James Choi,Chicago,USA,Keyboard Mousepad,Accessories,TechGear,50,400,Back to School,1/8/23,31/8/23,TV,15000,Families,150,6
2679,2023-02-24,C029,P117,7,MC004,Chloe Dubois,Miami,USA,Bluetooth Speaker,Electronics,SoundWave,140,200,Black Friday,24/11/23,27/11/23,Multi-channel,25000,All Customers,980,2
2680,2023-09-10,C031,P117,1,MC001,Zoe Ramirez,Miami,USA,Bluetooth Speaker,Electronics,SoundWave,140,200,Spring Sale,1/3/23,15/3/23,Email,5000,All Customers,140,9
2681,2023-03-24,C009,P119,3,MC005,Isabella Tanaka,Chicago,USA,Adapter,Electronics,CableMax,40,800,Holiday Special,10/12/23,24/12/23,Email + Social Media,10000,Silver and Gold Tiers,120,3
2682,2023-11-11,C036,P106,4,MC001,Ryan Müller,Los Angeles,USA,Keyboard,Electronics,TechGear,110,1000,Spring Sale,1/3/23,15/3/23,Email,5000,All Customers,440,11
2683,2023-03-07,C006,P104,6,MC005,Noah Chen,Los Angeles,USA,Phone Case,Accessories,ProtectPro,10,800,Holiday Special,10/12/23,24/12/23,Email + Social Media,10000,Silver and Gold Tiers,60,3
2684,2023-05-07,C001,P101,7,MC003,John Doe,New York,USA,Wireless Mouse,Electronics,TechGear,20,500,Back to School,1/8/23,31/8/23,TV,15000,Families,140,5
2685,2023-09-27,C022,P105,4,MC005,Daniel Fernandez,Chicago,USA,Smart Watch,Electronics,TechGear,25,200,Holiday Special,10/12/23,24/12/23,Email + Social Media,10000,Silver and Gold Tiers,100,9
2686,2023-01-22,C019,P102,1,MC004,Abigail Nakamura,Chicago,USA,Bluetooth Headphones,Electronics,SoundWave,30,300,Black Friday,24/11/23,27/11/23,Multi-channel,25000,All Customers,30,1
2687,2023-01-01,C045,P102,3,MC001,Nora Zimmerman,Houston,USA,Bluetooth Headphones,Electronics,SoundWave,30,300,Spring Sale,1/3/23,15/3/23,Email,5000,All Customers,90,1
2688,2023-04-26,C001,P103,5,MC001,John Doe,New York,USA,USB-C Cable,Accessories,CableMax,15,1000,Spring Sale,1/3/23,15/3/23,Email,5000,All Customers,75,4
2689,2023-04-23,C032,P103,10,MC001,Christopher Lee,Los Angeles,USA,USB-C Cable,Accessories,CableMax,15,1000,Spring Sale,1/3/23,15/3/23,Email,5000,All Customers,150,4
2690,2023-11-10,C034,P114,2,MC002,Matthew Gonzalez,Houston,USA,Suitcase,Accessories,ProtectPro,120,1100,Summer Clearance,15/6/23,30/6/23,Social Media,7500,Gold Tier,240,11
2691,2023-01-18,C041,P118,5,MC003,Audrey Kuznetsov,Miami,USA,External Microphone,Electronics,TechGear,60,1400,Back to School,1/8/23,31/8/23,TV,15000,Families,300,1
2692,2023-04-19,C034,P101,2,MC005,Matthew Gonzalez,Houston,USA,Wireless Mouse,Electronics,TechGear,20,500,Holiday Special,10/12/23,24/12/23,Email + Social Media,10000,Silver and Gold Tiers,40,4
2693,2023-04-08,C018,P108,6,MC003,Alexander Rossi,New York,USA,Computer Case,Accessories,ProtectPro,110,500,Back to School,1/8/23,31/8/23,TV,15000,Families,660,4
2694,2023-07-10,C042,P110,7,MC001,Owen Takahashi,New York,USA,Briefcase,Accessories,ProtectPro,120,900,Spring Sale,1/3/23,15/3/23,Email,5000,All Customers,840,7
2695,2023-05-19,C003,P104,4,MC002,Alice Johnson,Chicago,USA,Phone Case,Accessories,ProtectPro,10,800,Summer Clearance,15/6/23,30/6/23,Social Media,7500,Gold Tier,40,5
2696,2024-01-01,C032,P107,9,MC001,Christopher Lee,Los Angeles,USA,Standing Desk,Accessories,SoundWave,140,1100,Spring Sale,1/3/23,15/3/23,Email,5000,All Customers,1260,1
2697,2023-12-14,C031,P119,9,MC003,Zoe Ramirez,Miami,USA,Adapter,Electronics,CableMax,40,800,Back to School,1/8/23,31/8/23,TV,15000,Families,360,12
2698,2023-05-14,C002,P110,4,MC002,Jane Smith,Los Angeles,USA,Briefcase,Accessories,ProtectPro,120,900,Summer Clearance,15/6/23,30/6/23,Social Media,7500,Gold Tier,480,5
2699,2023-06-27,C011,P118,10,MC002,Charlotte Hoffman,New York,USA,External Microphone,Electronics,TechGear,60,1400,Summer Clearance,15/6/23,30/6/23,Social Media,7500,Gold Tier,600,6
2700,2023-10-22,C010,P117,1,MC004,William Diaz,New York,USA,Bluetooth Speaker,Electronics,SoundWave,140,200,Black Friday,24/11/23,27/11/23,Multi-channel,25000,All Customers,140,10
2701,2023-06-21,C047,P110,8,MC004,Leah Fontaine,Miami,USA,Briefcase,Accessories,ProtectPro,120,900,Black Friday,24/11/23,27/11/23,Multi-channel,25000,All Customers,960,6
2702,2023-01-21,C047,P104,3,MC003,Leah Fontaine,Miami,USA,Phone Case,Accessories,ProtectPro,10,800,Back to School,1/8/23,31/8/23,TV,15000,Families,30,1
2703,2023-06-14,C029,P101,10,MC003,Chloe Dubois,Miami,USA,Wireless Mouse,Electronics,TechGear,20,500,Back to School,1/8/23,31/8/23,TV,15000,Families,200,6
2704,2023-06-16,C020,P110,10,MC004,Michael Andersen,Houston,USA,Briefcase,Accessories,ProtectPro,120,900,Black Friday,24/11/23,27/11/23,Multi-channel,25000,All Customers,1200,6
2705,2023-04-20,C050,P106,10,MC002,Caleb Reyes,Houston,USA,Keyboard,Electronics,TechGear,110,1000,Summer Clearance,15/6/23,30/6/23,Social Media,7500,Gold Tier,1100,4
2706,2023-10-22,C040,P114,2,MC005,Jack O'Brien,Miami,USA,Suitcase,Accessories,ProtectPro,120,1100,Holiday Special,10/12/23,24/12/23,Email + Social Media,10000,Silver and Gold Tiers,240,10
2707,2023-04-04,C049,P118,3,MC005,Mila Popovic,Los Angeles,USA,External Microphone,Electronics,TechGear,60,1400,Holiday Special,10/12/23,24/12/23,Email + Social Media,10000,Silver and Gold Tiers,180,4
2708,2023-03-21,C018,P108,7,MC002,Alexander Rossi,New York,USA,Computer Case,Accessories,ProtectPro,110,500,Summer Clearance,15/6/23,30/6/23,Social Media,7500,Gold Tier,770,3
2709,2023-12-29,C014,P107,3,MC005,Benjamin Larsson,Los Angeles,USA,Standing Desk,Accessories,SoundWave,140,1100,Holiday Special,10/12/23,24/12/23,Email + Social Media,10000,Silver and Gold Tiers,420,12
2710,2023-08-27,C016,P120,4,MC004,Lucas Morales,Los Angeles,USA,Keyboard Mousepad,Accessories,TechGear,50,400,Black Friday,24/11/23,27/11/23,Multi-channel,25000,All Customers,200,8
2711,2023-07-13,C007,P109,7,MC005,Ava Kowalski,Chicago,USA,Laptop,Electronics,TechGear,20,200,Holiday Special,10/12/23,24/12/23,Email + Social Media,10000,Silver and Gold Tiers,140,7
2712,2023-01-16,C017,P113,6,MC004,Evelyn Kovalenko,Houston,USA,Bluetooth Headphones Charger,Electronics,CableMax,150,300,Black Friday,24/11/23,27/11/23,Multi-channel,25000,All Customers,900,1
2713,2023-05-25,C008,P104,5,MC004,Mason Fitzgerald,Houston,USA,Phone Case,Accessories,ProtectPro,10,800,Black Friday,24/11/23,27/11/23,Multi-channel,25000,All Customers,50,5
2714,2023-05-12,C040,P113,6,MC001,Jack O'Brien,Miami,USA,Bluetooth Headphones Charger,Electronics,CableMax,150,300,Spring Sale,1/3/23,15/3/23,Email,5000,All Customers,900,5
2715,2023-12-01,C010,P113,5,MC001,William Diaz,New York,USA,Bluetooth Headphones Charger,Electronics,CableMax,150,300,Spring Sale,1/3/23,15/3/23,Email,5000,All Customers,750,12
2716,2023-01-20,C039,P115,4,MC002,Penelope Cheng,Los Angeles,USA,Gaming Headset,Electronics,SoundWave,50,200,Summer Clearance,15/6/23,30/6/23,Social Media,7500,Gold Tier,200,1
2717,2023-03-30,C042,P104,8,MC004,Owen Takahashi,New York,USA,Phone Case,Accessories,ProtectPro,10,800,Black Friday,24/11/23,27/11/23,Multi-channel,25000,All Customers,80,3
2718,2023-11-12,C001,P118,3,MC003,John Doe,New York,USA,External Microphone,Electronics,TechGear,60,1400,Back to School,1/8/23,31/8/23,TV,15000,Families,180,11
2719,2023-11-27,C026,P103,5,MC002,David Okafor,Los Angeles,USA,USB-C Cable,Accessories,CableMax,15,1000,Summer Clearance,15/6/23,30/6/23,Social Media,7500,Gold Tier,75,11
2720,2023-01-16,C035,P103,9,MC005,Scarlett Watanabe,Los Angeles,USA,USB-C Cable,Accessories,CableMax,15,1000,Holiday Special,10/12/23,24/12/23,Email + Social Media,10000,Silver and Gold Tiers,135,1
2721,2023-01-14,C040,P119,5,MC005,Jack O'Brien,Miami,USA,Adapter,Electronics,CableMax,40,800,Holiday Special,10/12/23,24/12/23,Email + Social Media,10000,Silver and Gold Tiers,200,1
2722,2023-02-02,C048,P111,10,MC004,Dylan Suzuki,New York,USA,Backpack,Accessories,ProtectPro,30,1300,Black Friday,24/11/23,27/11/23,Multi-channel,25000,All Customers,300,2
2723,2023-10-15,C043,P111,8,MC005,Hannah Eriksson,New York,USA,Backpack,Accessories,ProtectPro,30,1300,Holiday Special,10/12/23,24/12/23,Email + Social Media,10000,Silver and Gold Tiers,240,10
2724,2023-10-17,C033,P115,2,MC002,Lily Sørensen,New York,USA,Gaming Headset,Electronics,SoundWave,50,200,Summer Clearance,15/6/23,30/6/23,Social Media,7500,Gold Tier,100,10
2725,2023-05-29,C041,P115,8,MC001,Audrey Kuznetsov,Miami,USA,Gaming Headset,Electronics,SoundWave,50,200,Spring Sale,1/3/23,15/3/23,Email,5000,All Customers,400,5
2726,2023-05-02,C026,P119,10,MC005,David Okafor,Los Angeles,USA,Adapter,Electronics,CableMax,40,800,Holiday Special,10/12/23,24/12/23,Email + Social Media,10000,Silver and Gold Tiers,400,5
2727,2023-11-10,C003,P110,6,MC001,Alice Johnson,Chicago,USA,Briefcase,Accessories,ProtectPro,120,900,Spring Sale,1/3/23,15/3/23,Email,5000,All Customers,720,11
2728,2023-08-23,C015,P120,6,MC001,Harper Singh,Houston,USA,Keyboard Mousepad,Accessories,TechGear,50,400,Spring Sale,1/3/23,15/3/23,Email,5000,All Customers,300,8
2729,2023-02-08,C037,P118,8,MC002,Victoria Kozlov,Chicago,USA,External Microphone,Electronics,TechGear,60,1400,Summer Clearance,15/6/23,30/6/23,Social Media,7500,Gold Tier,480,2
2730,2023-03-09,C001,P104,3,MC003,John Doe,New York,USA,Phone Case,Accessories,ProtectPro,10,800,Back to School,1/8/23,31/8/23,TV,15000,Families,30,3
2731,2023-06-14,C034,P103,3,MC001,Matthew Gonzalez,Houston,USA,USB-C Cable,Accessories,CableMax,15,1000,Spring Sale,1/3/23,15/3/23,Email,5000,All Customers,45,6
2732,2023-05-13,C016,P108,8,MC003,Lucas Morales,Los Angeles,USA,Computer Case,Accessories,ProtectPro,110,500,Back to School,1/8/23,31/8/23,TV,15000,Families,880,5
2733,2023-05-10,C022,P108,7,MC005,Daniel Fernandez,Chicago,USA,Computer Case,Accessories,ProtectPro,110,500,Holiday Special,10/12/23,24/12/23,Email + Social Media,10000,Silver and Gold Tiers,770,5
2734,2023-09-28,C004,P109,5,MC002,Bob Wilson,Houston,USA,Laptop,Electronics,TechGear,20,200,Summer Clearance,15/6/23,30/6/23,Social Media,7500,Gold Tier,100,9
2735,2023-06-04,C010,P113,6,MC003,William Diaz,New York,USA,Bluetooth Headphones Charger,Electronics,CableMax,150,300,Back to School,1/8/23,31/8/23,TV,15000,Families,900,6
2736,2023-12-25,C046,P107,10,MC005,Isaac Nkosi,Houston,USA,Standing Desk,Accessories,SoundWave,140,1100,Holiday Special,10/12/23,24/12/23,Email + Social Media,10000,Silver and Gold Tiers,1400,12
2737,2023-01-31,C004,P106,8,MC002,Bob Wilson,Houston,USA,Keyboard,Electronics,TechGear,110,1000,Summer Clearance,15/6/23,30/6/23,Social Media,7500,Gold Tier,880,1
2738,2023-03-31,C045,P109,3,MC005,Nora Zimmerman,Houston,USA,Laptop,Electronics,TechGear,20,200,Holiday Special,10/12/23,24/12/23,Email + Social Media,10000,Silver and Gold Tiers,60,3
2739,2023-12-19,C046,P103,6,MC005,Isaac Nkosi,Houston,USA,USB-C Cable,Accessories,CableMax,15,1000,Holiday Special,10/12/23,24/12/23,Email + Social Media,10000,Silver and Gold Tiers,90,12
2740,2023-11-25,C030,P110,4,MC002,Andrew Ivanov,Miami,USA,Briefcase,Accessories,ProtectPro,120,900,Summer Clearance,15/6/23,30/6/23,Social Media,7500,Gold Tier,480,11
2741,2023-04-08,C004,P112,2,MC001,Bob Wilson,Houston,USA,Desk Chair,Accessories,TechGear,40,500,Spring Sale,1/3/23,15/3/23,Email,5000,All Customers,80,4
2742,2023-11-01,C004,P116,8,MC001,Bob Wilson,Houston,USA,Cleanup Kit,Accessories,TechGear,20,1300,Spring Sale,1/3/23,15/3/23,Email,5000,All Customers,160,11
2743,2023-02-13,C047,P113,7,MC004,Leah Fontaine,Miami,USA,Bluetooth Headphones Charger,Electronics,CableMax,150,300,Black Friday,24/11/23,27/11/23,Multi-channel,25000,All Customers,1050,2
2744,2023-10-30,C031,P117,8,MC003,Zoe Ramirez,Miami,USA,Bluetooth Speaker,Electronics,SoundWave,140,200,Back to School,1/8/23,31/8/23,TV,15000,Families,1120,10
2745,2023-03-14,C015,P112,2,MC004,Harper Singh,Houston,USA,Desk Chair,Accessories,TechGear,40,500,Black Friday,24/11/23,27/11/23,Multi-channel,25000,All Customers,80,3
2746,2023-01-19,C022,P118,9,MC005,Daniel Fernandez,Chicago,USA,External Microphone,Electronics,TechGear,60,1400,Holiday Special,10/12/23,24/12/23,Email + Social Media,10000,Silver and Gold Tiers,540,1
2747,2023-08-29,C018,P106,3,MC002,Alexander Rossi,New York,USA,Keyboard,Electronics,TechGear,110,1000,Summer Clearance,15/6/23,30/6/23,Social Media,7500,Gold Tier,330,8
2748,2023-01-26,C032,P111,3,MC001,Christopher Lee,Los Angeles,USA,Backpack,Accessories,ProtectPro,30,1300,Spring Sale,1/3/23,15/3/23,Email,5000,All Customers,90,1
2749,2023-05-18,C020,P110,7,MC005,Michael Andersen,Houston,USA,Briefcase,Accessories,ProtectPro,120,900,Holiday Special,10/12/23,24/12/23,Email + Social Media,10000,Silver and Gold Tiers,840,5
2750,2023-01-11,C002,P117,5,MC005,Jane Smith,Los Angeles,USA,Bluetooth Speaker,Electronics,SoundWave,140,200,Holiday Special,10/12/23,24/12/23,Email + Social Media,10000,Silver and Gold Tiers,700,1
2751,2023-09-01,C027,P111,10,MC004,Grace Yamamoto,Chicago,USA,Backpack,Accessories,ProtectPro,30,1300,Black Friday,24/11/23,27/11/23,Multi-channel,25000,All Customers,300,9
2752,2023-01-30,C038,P108,1,MC001,Thomas Sanchez,Houston,USA,Computer Case,Accessories,ProtectPro,110,500,Spring Sale,1/3/23,15/3/23,Email,5000,All Customers,110,1
2753,2023-06-22,C004,P106,10,MC002,Bob Wilson,Houston,USA,Keyboard,Electronics,TechGear,110,1000,Summer Clearance,15/6/23,30/6/23,Social Media,7500,Gold Tier,1100,6
2754,2023-07-16,C025,P117,1,MC003,Sofia Petrov,Los Angeles,USA,Bluetooth Speaker,Electronics,SoundWave,140,200,Back to School,1/8/23,31/8/23,TV,15000,Families,140,7
2755,2023-05-11,C028,P119,9,MC003,Joseph Mendoza,New York,USA,Adapter,Electronics,CableMax,40,800,Back to School,1/8/23,31/8/23,TV,15000,Families,360,5
2756,2023-11-19,C038,P109,7,MC004,Thomas Sanchez,Houston,USA,Laptop,Electronics,TechGear,20,200,Black Friday,24/11/23,27/11/23,Multi-channel,25000,All Customers,140,11
2757,2023-11-04,C024,P111,1,MC003,Samuel Kim,Chicago,USA,Backpack,Accessories,ProtectPro,30,1300,Back to School,1/8/23,31/8/23,TV,15000,Families,30,11
2758,2023-03-20,C050,P105,1,MC001,Caleb Reyes,Houston,USA,Smart Watch,Electronics,TechGear,25,200,Spring Sale,1/3/23,15/3/23,Email,5000,All Customers,25,3
2759,2023-11-04,C029,P103,4,MC001,Chloe Dubois,Miami,USA,USB-C Cable,Accessories,CableMax,15,1000,Spring Sale,1/3/23,15/3/23,Email,5000,All Customers,60,11
2760,2023-05-20,C031,P103,9,MC005,Zoe Ramirez,Miami,USA,USB-C Cable,Accessories,CableMax,15,1000,Holiday Special,10/12/23,24/12/23,Email + Social Media,10000,Silver and Gold Tiers,135,5
2761,2023-02-07,C011,P118,10,MC005,Charlotte Hoffman,New York,USA,External Microphone,Electronics,TechGear,60,1400,Holiday Special,10/12/23,24/12/23,Email + Social Media,10000,Silver and Gold Tiers,600,2
2762,2023-04-28,C013,P101,7,MC003,Amelia Gupta,Houston,USA,Wireless Mouse,Electronics,TechGear,20,500,Back to School,1/8/23,31/8/23,TV,15000,Families,140,4
2763,2023-01-15,C028,P108,7,MC003,Joseph Mendoza,New York,USA,Computer Case,Accessories,ProtectPro,110,500,Back to School,1/8/23,31/8/23,TV,15000,Families,770,1
2764,2023-09-11,C016,P118,1,MC005,Lucas Morales,Los Angeles,USA,External Microphone,Electronics,TechGear,60,1400,Holiday Special,10/12/23,24/12/23,Email + Social Media,10000,Silver and Gold Tiers,60,9
2765,2023-12-06,C016,P110,6,MC005,Lucas Morales,Los Angeles,USA,Briefcase,Accessories,ProtectPro,120,900,Holiday Special,10/12/23,24/12/23,Email + Social Media,10000,Silver and Gold Tiers,720,12
2766,2023-05-30,C047,P116,8,MC002,Leah Fontaine,Miami,USA,Cleanup Kit,Accessories,TechGear,20,1300,Summer Clearance,15/6/23,30/6/23,Social Media,7500,Gold Tier,160,5
2767,2023-08-21,C039,P112,8,MC005,Penelope Cheng,Los Angeles,USA,Desk Chair,Accessories,TechGear,40,500,Holiday Special,10/12/23,24/12/23,Email + Social Media,10000,Silver and Gold Tiers,320,8
2768,2023-11-23,C022,P104,9,MC002,Daniel Fernandez,Chicago,USA,Phone Case,Accessories,ProtectPro,10,800,Summer Clearance,15/6/23,30/6/23,Social Media,7500,Gold Tier,90,11
2769,2023-10-27,C050,P109,6,MC004,Caleb Reyes,Houston,USA,Laptop,Electronics,TechGear,20,200,Black Friday,24/11/23,27/11/23,Multi-channel,25000,All Customers,120,10
2770,2023-12-01,C031,P111,5,MC005,Zoe Ramirez,Miami,USA,Backpack,Accessories,ProtectPro,30,1300,Holiday Special,10/12/23,24/12/23,Email + Social Media,10000,Silver and Gold Tiers,150,12
2771,2023-11-27,C014,P113,4,MC004,Benjamin Larsson,Los Angeles,USA,Bluetooth Headphones Charger,Electronics,CableMax,150,300,Black Friday,24/11/23,27/11/23,Multi-channel,25000,All Customers,600,11
2772,2023-06-19,C008,P114,3,MC001,Mason Fitzgerald,Houston,USA,Suitcase,Accessories,ProtectPro,120,1100,Spring Sale,1/3/23,15/3/23,Email,5000,All Customers,360,6
2773,2023-11-07,C048,P107,5,MC003,Dylan Suzuki,New York,USA,Standing Desk,Accessories,SoundWave,140,1100,Back to School,1/8/23,31/8/23,TV,15000,Families,700,11
2774,2023-03-12,C049,P120,9,MC003,Mila Popovic,Los Angeles,USA,Keyboard Mousepad,Accessories,TechGear,50,400,Back to School,1/8/23,31/8/23,TV,15000,Families,450,3
2775,2023-04-08,C041,P120,4,MC003,Audrey Kuznetsov,Miami,USA,Keyboard Mousepad,Accessories,TechGear,50,400,Back to School,1/8/23,31/8/23,TV,15000,Families,200,4
2776,2023-09-19,C028,P105,8,MC004,Joseph Mendoza,New York,USA,Smart Watch,Electronics,TechGear,25,200,Black Friday,24/11/23,27/11/23,Multi-channel,25000,All Customers,200,9
2777,2023-02-26,C045,P115,10,MC003,Nora Zimmerman,Houston,USA,Gaming Headset,Electronics,SoundWave,50,200,Back to School,1/8/23,31/8/23,TV,15000,Families,500,2
2778,2023-11-20,C026,P106,5,MC001,David Okafor,Los Angeles,USA,Keyboard,Electronics,TechGear,110,1000,Spring Sale,1/3/23,15/3/23,Email,5000,All Customers,550,11
2779,2023-09-18,C039,P110,7,MC004,Penelope Cheng,Los Angeles,USA,Briefcase,Accessories,ProtectPro,120,900,Black Friday,24/11/23,27/11/23,Multi-channel,25000,All Customers,840,9
2780,2023-08-12,C014,P106,7,MC003,Benjamin Larsson,Los Angeles,USA,Keyboard,Electronics,TechGear,110,1000,Back to School,1/8/23,31/8/23,TV,15000,Families,770,8
2781,2023-12-21,C041,P108,4,MC004,Audrey Kuznetsov,Miami,USA,Computer Case,Accessories,ProtectPro,110,500,Black Friday,24/11/23,27/11/23,Multi-channel,25000,All Customers,440,12
2782,2023-05-06,C025,P101,3,MC005,Sofia Petrov,Los Angeles,USA,Wireless Mouse,Electronics,TechGear,20,500,Holiday Special,10/12/23,24/12/23,Email + Social Media,10000,Silver and Gold Tiers,60,5
2783,2023-03-04,C011,P104,10,MC002,Charlotte Hoffman,New York,USA,Phone Case,Accessories,ProtectPro,10,800,Summer Clearance,15/6/23,30/6/23,Social Media,7500,Gold Tier,100,3
2784,2023-11-12,C009,P119,7,MC003,Isabella Tanaka,Chicago,USA,Adapter,Electronics,CableMax,40,800,Back to School,1/8/23,31/8/23,TV,15000,Families,280,11
2785,2023-03-25,C047,P111,6,MC001,Leah Fontaine,Miami,USA,Backpack,Accessories,ProtectPro,30,1300,Spring Sale,1/3/23,15/3/23,Email,5000,All Customers,180,3
2786,2023-04-03,C012,P120,5,MC003,James Choi,Chicago,USA,Keyboard Mousepad,Accessories,TechGear,50,400,Back to School,1/8/23,31/8/23,TV,15000,Families,250,4
2787,2023-01-12,C038,P104,1,MC003,Thomas Sanchez,Houston,USA,Phone Case,Accessories,ProtectPro,10,800,Back to School,1/8/23,31/8/23,TV,15000,Families,10,1
2788,2023-09-02,C005,P117,2,MC005,Emma Brown,Miami,USA,Bluetooth Speaker,Electronics,SoundWave,140,200,Holiday Special,10/12/23,24/12/23,Email + Social Media,10000,Silver and Gold Tiers,280,9
2789,2023-12-06,C016,P109,1,MC005,Lucas Morales,Los Angeles,USA,Laptop,Electronics,TechGear,20,200,Holiday Special,10/12/23,24/12/23,Email + Social Media,10000,Silver and Gold Tiers,20,12
2790,2023-02-07,C036,P120,2,MC002,Ryan Müller,Los Angeles,USA,Keyboard Mousepad,Accessories,TechGear,50,400,Summer Clearance,15/6/23,30/6/23,Social Media,7500,Gold Tier,100,2
2791,2023-08-13,C011,P101,8,MC001,Charlotte Hoffman,New York,USA,Wireless Mouse,Electronics,TechGear,20,500,Spring Sale,1/3/23,15/3/23,Email,5000,All Customers,160,8
2792,2023-07-10,C007,P108,7,MC005,Ava Kowalski,Chicago,USA,Computer Case,Accessories,ProtectPro,110,500,Holiday Special,10/12/23,24/12/23,Email + Social Media,10000,Silver and Gold Tiers,770,7
2793,2023-03-11,C022,P101,10,MC003,Daniel Fernandez,Chicago,USA,Wireless Mouse,Electronics,TechGear,20,500,Back to School,1/8/23,31/8/23,TV,15000,Families,200,3
2794,2023-12-24,C028,P112,6,MC004,Joseph Mendoza,New York,USA,Desk Chair,Accessories,TechGear,40,500,Black Friday,24/11/23,27/11/23,Multi-channel,25000,All Customers,240,12
2795,2023-09-22,C027,P103,10,MC001,Grace Yamamoto,Chicago,USA,USB-C Cable,Accessories,CableMax,15,1000,Spring Sale,1/3/23,15/3/23,Email,5000,All Customers,150,9
2796,2023-01-29,C025,P104,3,MC004,Sofia Petrov,Los Angeles,USA,Phone Case,Accessories,ProtectPro,10,800,Black Friday,24/11/23,27/11/23,Multi-channel,25000,All Customers,30,1
2797,2023-09-13,C031,P102,10,MC003,Zoe Ramirez,Miami,USA,Bluetooth Headphones,Electronics,SoundWave,30,300,Back to School,1/8/23,31/8/23,TV,15000,Families,300,9
2798,2023-11-29,C012,P117,10,MC004,James Choi,Chicago,USA,Bluetooth Speaker,Electronics,SoundWave,140,200,Black Friday,24/11/23,27/11/23,Multi-channel,25000,All Customers,1400,11
2799,2023-03-01,C005,P119,4,MC005,Emma Brown,Miami,USA,Adapter,Electronics,CableMax,40,800,Holiday Special,10/12/23,24/12/23,Email + Social Media,10000,Silver and Gold Tiers,160,3
2800,2023-12-21,C017,P117,4,MC002,Evelyn Kovalenko,Houston,USA,Bluetooth Speaker,Electronics,SoundWave,140,200,Summer Clearance,15/6/23,30/6/23,Social Media,7500,Gold Tier,560,12
2801,2023-11-22,C020,P119,8,MC005,Michael Andersen,Houston,USA,Adapter,Electronics,CableMax,40,800,Holiday Special,10/12/23,24/12/23,Email + Social Media,10000,Silver and Gold Tiers,320,11
2802,2023-04-21,C014,P117,2,MC004,Benjamin Larsson,Los Angeles,USA,Bluetooth Speaker,Electronics,SoundWave,140,200,Black Friday,24/11/23,27/11/23,Multi-channel,25000,All Customers,280,4
2803,2023-09-04,C049,P116,1,MC001,Mila Popovic,Los Angeles,USA,Cleanup Kit,Accessories,TechGear,20,1300,Spring Sale,1/3/23,15/3/23,Email,5000,All Customers,20,9
2804,2023-11-30,C004,P108,2,MC001,Bob Wilson,Houston,USA,Computer Case,Accessories,ProtectPro,110,500,Spring Sale,1/3/23,15/3/23,Email,5000,All Customers,220,11
2805,2023-04-15,C018,P103,1,MC005,Alexander Rossi,New York,USA,USB-C Cable,Accessories,CableMax,15,1000,Holiday Special,10/12/23,24/12/23,Email + Social Media,10000,Silver and Gold Tiers,15,4
2806,2023-07-22,C018,P115,7,MC003,Alexander Rossi,New York,USA,Gaming Headset,Electronics,SoundWave,50,200,Back to School,1/8/23,31/8/23,TV,15000,Families,350,7
2807,2023-11-03,C021,P120,7,MC002,Emily Schwartz,Los Angeles,USA,Keyboard Mousepad,Accessories,TechGear,50,400,Summer Clearance,15/6/23,30/6/23,Social Media,7500,Gold Tier,350,11
2808,2023-09-19,C018,P113,1,MC003,Alexander Rossi,New York,USA,Bluetooth Headphones Charger,Electronics,CableMax,150,300,Back to School,1/8/23,31/8/23,TV,15000,Families,150,9
2809,2023-11-11,C001,P101,7,MC005,John Doe,New York,USA,Wireless Mouse,Electronics,TechGear,20,500,Holiday Special,10/12/23,24/12/23,Email + Social Media,10000,Silver and Gold Tiers,140,11
2810,2023-05-23,C038,P112,5,MC002,Thomas Sanchez,Houston,USA,Desk Chair,Accessories,TechGear,40,500,Summer Clearance,15/6/23,30/6/23,Social Media,7500,Gold Tier,200,5
2811,2023-08-28,C048,P115,6,MC001,Dylan Suzuki,New York,USA,Gaming Headset,Electronics,SoundWave,50,200,Spring Sale,1/3/23,15/3/23,Email,5000,All Customers,300,8
2812,2023-06-14,C032,P119,4,MC002,Christopher Lee,Los Angeles,USA,Adapter,Electronics,CableMax,40,800,Summer Clearance,15/6/23,30/6/23,Social Media,7500,Gold Tier,160,6
2813,2023-02-05,C008,P113,9,MC004,Mason Fitzgerald,Houston,USA,Bluetooth Headphones Charger,Electronics,CableMax,150,300,Black Friday,24/11/23,27/11/23,Multi-channel,25000,All Customers,1350,2
2814,2023-06-05,C004,P110,5,MC002,Bob Wilson,Houston,USA,Briefcase,Accessories,ProtectPro,120,900,Summer Clearance,15/6/23,30/6/23,Social Media,7500,Gold Tier,600,6
2815,2023-02-01,C024,P109,7,MC005,Samuel Kim,Chicago,USA,Laptop,Electronics,TechGear,20,200,Holiday Special,10/12/23,24/12/23,Email + Social Media,10000,Silver and Gold Tiers,140,2
2816,2023-11-10,C003,P115,3,MC003,Alice Johnson,Chicago,USA,Gaming Headset,Electronics,SoundWave,50,200,Back to School,1/8/23,31/8/23,TV,15000,Families,150,11
2817,2023-08-12,C020,P103,7,MC004,Michael Andersen,Houston,USA,USB-C Cable,Accessories,CableMax,15,1000,Black Friday,24/11/23,27/11/23,Multi-channel,25000,All Customers,105,8
2818,2023-05-24,C026,P115,9,MC001,David Okafor,Los Angeles,USA,Gaming Headset,Electronics,SoundWave,50,200,Spring Sale,1/3/23,15/3/23,Email,5000,All Customers,450,5
2819,2023-06-02,C030,P115,2,MC003,Andrew Ivanov,Miami,USA,Gaming Headset,Electronics,SoundWave,50,200,Back to School,1/8/23,31/8/23,TV,15000,Families,100,6
2820,2023-03-07,C011,P106,10,MC001,Charlotte Hoffman,New York,USA,Keyboard,Electronics,TechGear,110,1000,Spring Sale,1/3/23,15/3/23,Email,5000,All Customers,1100,3
2821,2023-10-31,C002,P116,7,MC004,Jane Smith,Los Angeles,USA,Cleanup Kit,Accessories,TechGear,20,1300,Black Friday,24/11/23,27/11/23,Multi-channel,25000,All Customers,140,10
2822,2023-08-19,C047,P113,10,MC001,Leah Fontaine,Miami,USA,Bluetooth Headphones Charger,Electronics,CableMax,150,300,Spring Sale,1/3/23,15/3/23,Email,5000,All Customers,1500,8
2823,2023-06-01,C017,P119,8,MC004,Evelyn Kovalenko,Houston,USA,Adapter,Electronics,CableMax,40,800,Black Friday,24/11/23,27/11/23,Multi-channel,25000,All Customers,320,6
2824,2023-04-10,C006,P110,5,MC001,Noah Chen,Los Angeles,USA,Briefcase,Accessories,ProtectPro,120,900,Spring Sale,1/3/23,15/3/23,Email,5000,All Customers,600,4
2825,2023-08-03,C012,P109,6,MC003,James Choi,Chicago,USA,Laptop,Electronics,TechGear,20,200,Back to School,1/8/23,31/8/23,TV,15000,Families,120,8
2826,2023-01-05,C048,P101,1,MC003,Dylan Suzuki,New York,USA,Wireless Mouse,Electronics,TechGear,20,500,Back to School,1/8/23,31/8/23,TV,15000,Families,20,1
2827,2023-01-29,C004,P112,7,MC001,Bob Wilson,Houston,USA,Desk Chair,Accessories,TechGear,40,500,Spring Sale,1/3/23,15/3/23,Email,5000,All Customers,280,1
2828,2023-11-13,C032,P110,1,MC001,Christopher Lee,Los Angeles,USA,Briefcase,Accessories,ProtectPro,120,900,Spring Sale,1/3/23,15/3/23,Email,5000,All Customers,120,11
2829,2023-10-28,C022,P106,2,MC001,Daniel Fernandez,Chicago,USA,Keyboard,Electronics,TechGear,110,1000,Spring Sale,1/3/23,15/3/23,Email,5000,All Customers,220,10
2830,2023-07-19,C001,P106,1,MC004,John Doe,New York,USA,Keyboard,Electronics,TechGear,110,1000,Black Friday,24/11/23,27/11/23,Multi-channel,25000,All Customers,110,7
2831,2023-09-01,C045,P116,10,MC003,Nora Zimmerman,Houston,USA,Cleanup Kit,Accessories,TechGear,20,1300,Back to School,1/8/23,31/8/23,TV,15000,Families,200,9
2832,2023-08-14,C006,P106,2,MC005,Noah Chen,Los Angeles,USA,Keyboard,Electronics,TechGear,110,1000,Holiday Special,10/12/23,24/12/23,Email + Social Media,10000,Silver and Gold Tiers,220,8
2833,2023-01-05,C036,P103,8,MC002,Ryan Müller,Los Angeles,USA,USB-C Cable,Accessories,CableMax,15,1000,Summer Clearance,15/6/23,30/6/23,Social Media,7500,Gold Tier,120,1
2834,2023-05-02,C019,P116,7,MC005,Abigail Nakamura,Chicago,USA,Cleanup Kit,Accessories,TechGear,20,1300,Holiday Special,10/12/23,24/12/23,Email + Social Media,10000,Silver and Gold Tiers,140,5
2835,2023-01-30,C050,P105,10,MC001,Caleb Reyes,Houston,USA,Smart Watch,Electronics,TechGear,25,200,Spring Sale,1/3/23,15/3/23,Email,5000,All Customers,250,1
2836,2023-10-28,C043,P112,8,MC004,Hannah Eriksson,New York,USA,Desk Chair,Accessories,TechGear,40,500,Black Friday,24/11/23,27/11/23,Multi-channel,25000,All Customers,320,10
2837,2023-03-20,C034,P109,6,MC001,Matthew Gonzalez,Houston,USA,Laptop,Electronics,TechGear,20,200,Spring Sale,1/3/23,15/3/23,Email,5000,All Customers,120,3
2838,2023-01-05,C011,P106,7,MC003,Charlotte Hoffman,New York,USA,Keyboard,Electronics,TechGear,110,1000,Back to School,1/8/23,31/8/23,TV,15000,Families,770,1
2839,2023-03-12,C036,P111,4,MC001,Ryan Müller,Los Angeles,USA,Backpack,Accessories,ProtectPro,30,1300,Spring Sale,1/3/23,15/3/23,Email,5000,All Customers,120,3
2840,2023-10-02,C024,P113,8,MC001,Samuel Kim,Chicago,USA,Bluetooth Headphones Charger,Electronics,CableMax,150,300,Spring Sale,1/3/23,15/3/23,Email,5000,All Customers,1200,10
2841,2023-07-22,C043,P118,5,MC005,Hannah Eriksson,New York,USA,External Microphone,Electronics,TechGear,60,1400,Holiday Special,10/12/23,24/12/23,Email + Social Media,10000,Silver and Gold Tiers,300,7
2842,2023-01-27,C030,P103,3,MC004,Andrew Ivanov,Miami,USA,USB-C Cable,Accessories,CableMax,15,1000,Black Friday,24/11/23,27/11/23,Multi-channel,25000,All Customers,45,1
2843,2023-08-29,C043,P105,4,MC001,Hannah Eriksson,New York,USA,Smart Watch,Electronics,TechGear,25,200,Spring Sale,1/3/23,15/3/23,Email,5000,All Customers,100,8
2844,2023-05-31,C038,P114,7,MC001,Thomas Sanchez,Houston,USA,Suitcase,Accessories,ProtectPro,120,1100,Spring Sale,1/3/23,15/3/23,Email,5000,All Customers,840,5
2845,2023-11-22,C027,P118,8,MC004,Grace Yamamoto,Chicago,USA,External Microphone,Electronics,TechGear,60,1400,Black Friday,24/11/23,27/11/23,Multi-channel,25000,All Customers,480,11
2846,2023-01-14,C014,P108,6,MC005,Benjamin Larsson,Los Angeles,USA,Computer Case,Accessories,ProtectPro,110,500,Holiday Special,10/12/23,24/12/23,Email + Social Media,10000,Silver and Gold Tiers,660,1
2847,2023-11-12,C033,P108,9,MC004,Lily Sørensen,New York,USA,Computer Case,Accessories,ProtectPro,110,500,Black Friday,24/11/23,27/11/23,Multi-channel,25000,All Customers,990,11
2848,2023-06-04,C024,P110,4,MC003,Samuel Kim,Chicago,USA,Briefcase,Accessories,ProtectPro,120,900,Back to School,1/8/23,31/8/23,TV,15000,Families,480,6
2849,2023-11-04,C014,P117,4,MC005,Benjamin Larsson,Los Angeles,USA,Bluetooth Speaker,Electronics,SoundWave,140,200,Holiday Special,10/12/23,24/12/23,Email + Social Media,10000,Silver and Gold Tiers,560,11
2850,2023-04-12,C012,P113,4,MC002,James Choi,Chicago,USA,Bluetooth Headphones Charger,Electronics,CableMax,150,300,Summer Clearance,15/6/23,30/6/23,Social Media,7500,Gold Tier,600,4
2851,2023-10-20,C041,P104,2,MC002,Audrey Kuznetsov,Miami,USA,Phone Case,Accessories,ProtectPro,10,800,Summer Clearance,15/6/23,30/6/23,Social Media,7500,Gold Tier,20,10
2852,2023-01-10,C005,P103,7,MC004,Emma Brown,Miami,USA,USB-C Cable,Accessories,CableMax,15,1000,Black Friday,24/11/23,27/11/23,Multi-channel,25000,All Customers,105,1
2853,2023-06-02,C021,P105,6,MC005,Emily Schwartz,Los Angeles,USA,Smart Watch,Electronics,TechGear,25,200,Holiday Special,10/12/23,24/12/23,Email + Social Media,10000,Silver and Gold Tiers,150,6
2854,2023-02-14,C035,P110,9,MC003,Scarlett Watanabe,Los Angeles,USA,Briefcase,Accessories,ProtectPro,120,900,Back to School,1/8/23,31/8/23,TV,15000,Families,1080,2
2855,2023-01-28,C040,P116,10,MC004,Jack O'Brien,Miami,USA,Cleanup Kit,Accessories,TechGear,20,1300,Black Friday,24/11/23,27/11/23,Multi-channel,25000,All Customers,200,1
2856,2023-10-03,C040,P117,3,MC001,Jack O'Brien,Miami,USA,Bluetooth Speaker,Electronics,SoundWave,140,200,Spring Sale,1/3/23,15/3/23,Email,5000,All Customers,420,10
2857,2023-05-07,C039,P102,10,MC004,Penelope Cheng,Los Angeles,USA,Bluetooth Headphones,Electronics,SoundWave,30,300,Black Friday,24/11/23,27/11/23,Multi-channel,25000,All Customers,300,5
2858,2023-08-01,C050,P107,7,MC003,Caleb Reyes,Houston,USA,Standing Desk,Accessories,SoundWave,140,1100,Back to School,1/8/23,31/8/23,TV,15000,Families,980,8
2859,2023-09-24,C001,P116,1,MC002,John Doe,New York,USA,Cleanup Kit,Accessories,TechGear,20,1300,Summer Clearance,15/6/23,30/6/23,Social Media,7500,Gold Tier,20,9
2860,2023-10-29,C001,P106,6,MC001,John Doe,New York,USA,Keyboard,Electronics,TechGear,110,1000,Spring Sale,1/3/23,15/3/23,Email,5000,All Customers,660,10
2861,2023-08-06,C050,P117,2,MC003,Caleb Reyes,Houston,USA,Bluetooth Speaker,Electronics,SoundWave,140,200,Back to School,1/8/23,31/8/23,TV,15000,Families,280,8
2862,2023-05-16,C017,P102,1,MC001,Evelyn Kovalenko,Houston,USA,Bluetooth Headphones,Electronics,SoundWave,30,300,Spring Sale,1/3/23,15/3/23,Email,5000,All Customers,30,5
2863,2023-12-25,C048,P115,3,MC002,Dylan Suzuki,New York,USA,Gaming Headset,Electronics,SoundWave,50,200,Summer Clearance,15/6/23,30/6/23,Social Media,7500,Gold Tier,150,12
2864,2023-04-08,C006,P114,10,MC003,Noah Chen,Los Angeles,USA,Suitcase,Accessories,ProtectPro,120,1100,Back to School,1/8/23,31/8/23,TV,15000,Families,1200,4
2865,2023-07-15,C044,P118,3,MC004,Gabriel Santos,Los Angeles,USA,External Microphone,Electronics,TechGear,60,1400,Black Friday,24/11/23,27/11/23,Multi-channel,25000,All Customers,180,7
2866,2023-10-10,C045,P106,6,MC001,Nora Zimmerman,Houston,USA,Keyboard,Electronics,TechGear,110,1000,Spring Sale,1/3/23,15/3/23,Email,5000,All Customers,660,10
2867,2023-03-09,C014,P119,7,MC005,Benjamin Larsson,Los Angeles,USA,Adapter,Electronics,CableMax,40,800,Holiday Special,10/12/23,24/12/23,Email + Social Media,10000,Silver and Gold Tiers,280,3
2868,2023-05-05,C037,P106,8,MC005,Victoria Kozlov,Chicago,USA,Keyboard,Electronics,TechGear,110,1000,Holiday Special,10/12/23,24/12/23,Email + Social Media,10000,Silver and Gold Tiers,880,5
2869,2023-04-20,C049,P113,2,MC004,Mila Popovic,Los Angeles,USA,Bluetooth Headphones Charger,Electronics,CableMax,150,300,Black Friday,24/11/23,27/11/23,Multi-channel,25000,All Customers,300,4
2870,2023-07-06,C043,P103,8,MC005,Hannah Eriksson,New York,USA,USB-C Cable,Accessories,CableMax,15,1000,Holiday Special,10/12/23,24/12/23,Email + Social Media,10000,Silver and Gold Tiers,120,7
2871,2023-09-20,C019,P118,6,MC002,Abigail Nakamura,Chicago,USA,External Microphone,Electronics,TechGear,60,1400,Summer Clearance,15/6/23,30/6/23,Social Media,7500,Gold Tier,360,9
2872,2023-01-13,C036,P113,9,MC004,Ryan Müller,Los Angeles,USA,Bluetooth Headphones Charger,Electronics,CableMax,150,300,Black Friday,24/11/23,27/11/23,Multi-channel,25000,All Customers,1350,1
2873,2023-03-12,C015,P111,2,MC001,Harper Singh,Houston,USA,Backpack,Accessories,ProtectPro,30,1300,Spring Sale,1/3/23,15/3/23,Email,5000,All Customers,60,3
2874,2023-04-13,C028,P105,1,MC002,Joseph Mendoza,New York,USA,Smart Watch,Electronics,TechGear,25,200,Summer Clearance,15/6/23,30/6/23,Social Media,7500,Gold Tier,25,4
2875,2023-11-14,C030,P104,5,MC001,Andrew Ivanov,Miami,USA,Phone Case,Accessories,ProtectPro,10,800,Spring Sale,1/3/23,15/3/23,Email,5000,All Customers,50,11
2876,2023-11-08,C019,P104,4,MC004,Abigail Nakamura,Chicago,USA,Phone Case,Accessories,ProtectPro,10,800,Black Friday,24/11/23,27/11/23,Multi-channel,25000,All Customers,40,11
2877,2023-02-27,C012,P101,8,MC004,James Choi,Chicago,USA,Wireless Mouse,Electronics,TechGear,20,500,Black Friday,24/11/23,27/11/23,Multi-channel,25000,All Customers,160,2
2878,2023-01-10,C047,P107,6,MC004,Leah Fontaine,Miami,USA,Standing Desk,Accessories,SoundWave,140,1100,Black Friday,24/11/23,27/11/23,Multi-channel,25000,All Customers,840,1
2879,2023-06-02,C044,P112,1,MC004,Gabriel Santos,Los Angeles,USA,Desk Chair,Accessories,TechGear,40,500,Black Friday,24/11/23,27/11/23,Multi-channel,25000,All Customers,40,6
2880,2023-04-20,C046,P105,6,MC002,Isaac Nkosi,Houston,USA,Smart Watch,Electronics,TechGear,25,200,Summer Clearance,15/6/23,30/6/23,Social Media,7500,Gold Tier,150,4
2881,2023-11-19,C033,P101,5,MC005,Lily Sørensen,New York,USA,Wireless Mouse,Electronics,TechGear,20,500,Holiday Special,10/12/23,24/12/23,Email + Social Media,10000,Silver and Gold Tiers,100,11
2882,2023-04-04,C012,P117,7,MC001,James Choi,Chicago,USA,Bluetooth Speaker,Electronics,SoundWave,140,200,Spring Sale,1/3/23,15/3/23,Email,5000,All Customers,980,4
2883,2023-04-03,C036,P112,1,MC003,Ryan Müller,Los Angeles,USA,Desk Chair,Accessories,TechGear,40,500,Back to School,1/8/23,31/8/23,TV,15000,Families,40,4
2884,2023-05-31,C036,P101,6,MC005,Ryan Müller,Los Angeles,USA,Wireless Mouse,Electronics,TechGear,20,500,Holiday Special,10/12/23,24/12/23,Email + Social Media,10000,Silver and Gold Tiers,120,5
2885,2023-10-18,C004,P114,7,MC004,Bob Wilson,Houston,USA,Suitcase,Accessories,ProtectPro,120,1100,Black Friday,24/11/23,27/11/23,Multi-channel,25000,All Customers,840,10
2886,2023-04-24,C005,P108,8,MC002,Emma Brown,Miami,USA,Computer Case,Accessories,ProtectPro,110,500,Summer Clearance,15/6/23,30/6/23,Social Media,7500,Gold Tier,880,4
2887,2023-07-02,C012,P119,7,MC004,James Choi,Chicago,USA,Adapter,Electronics,CableMax,40,800,Black Friday,24/11/23,27/11/23,Multi-channel,25000,All Customers,280,7
2888,2023-03-31,C002,P116,4,MC002,Jane Smith,Los Angeles,USA,Cleanup Kit,Accessories,TechGear,20,1300,Summer Clearance,15/6/23,30/6/23,Social Media,7500,Gold Tier,80,3
2889,2023-08-01,C040,P111,9,MC001,Jack O'Brien,Miami,USA,Backpack,Accessories,ProtectPro,30,1300,Spring Sale,1/3/23,15/3/23,Email,5000,All Customers,270,8
2890,2023-07-23,C034,P111,5,MC005,Matthew Gonzalez,Houston,USA,Backpack,Accessories,ProtectPro,30,1300,Holiday Special,10/12/23,24/12/23,Email + Social Media,10000,Silver and Gold Tiers,150,7
2891,2023-07-17,C002,P103,4,MC005,Jane Smith,Los Angeles,USA,USB-C Cable,Accessories,CableMax,15,1000,Holiday Special,10/12/23,24/12/23,Email + Social Media,10000,Silver and Gold Tiers,60,7
2892,2023-08-22,C023,P107,2,MC005,Elizabeth Novak,Miami,USA,Standing Desk,Accessories,SoundWave,140,1100,Holiday Special,10/12/23,24/12/23,Email + Social Media,10000,Silver and Gold Tiers,280,8
2893,2023-07-07,C042,P102,4,MC002,Owen Takahashi,New York,USA,Bluetooth Headphones,Electronics,SoundWave,30,300,Summer Clearance,15/6/23,30/6/23,Social Media,7500,Gold Tier,120,7
2894,2023-10-27,C019,P102,6,MC005,Abigail Nakamura,Chicago,USA,Bluetooth Headphones,Electronics,SoundWave,30,300,Holiday Special,10/12/23,24/12/23,Email + Social Media,10000,Silver and Gold Tiers,180,10
2895,2023-01-15,C038,P103,9,MC002,Thomas Sanchez,Houston,USA,USB-C Cable,Accessories,CableMax,15,1000,Summer Clearance,15/6/23,30/6/23,Social Media,7500,Gold Tier,135,1
2896,2023-01-28,C001,P114,8,MC004,John Doe,New York,USA,Suitcase,Accessories,ProtectPro,120,1100,Black Friday,24/11/23,27/11/23,Multi-channel,25000,All Customers,960,1
2897,2023-11-13,C017,P107,5,MC003,Evelyn Kovalenko,Houston,USA,Standing Desk,Accessories,SoundWave,140,1100,Back to School,1/8/23,31/8/23,TV,15000,Families,700,11
2898,2023-05-03,C011,P106,4,MC004,Charlotte Hoffman,New York,USA,Keyboard,Electronics,TechGear,110,1000,Black Friday,24/11/23,27/11/23,Multi-channel,25000,All Customers,440,5
2899,2023-12-05,C026,P111,6,MC002,David Okafor,Los Angeles,USA,Backpack,Accessories,ProtectPro,30,1300,Summer Clearance,15/6/23,30/6/23,Social Media,7500,Gold Tier,180,12
2900,2023-02-06,C018,P105,2,MC001,Alexander Rossi,New York,USA,Smart Watch,Electronics,TechGear,25,200,Spring Sale,1/3/23,15/3/23,Email,5000,All Customers,50,2
2901,2023-11-24,C036,P104,1,MC002,Ryan Müller,Los Angeles,USA,Phone Case,Accessories,ProtectPro,10,800,Summer Clearance,15/6/23,30/6/23,Social Media,7500,Gold Tier,10,11
2902,2023-01-11,C004,P105,6,MC001,Bob Wilson,Houston,USA,Smart Watch,Electronics,TechGear,25,200,Spring Sale,1/3/23,15/3/23,Email,5000,All Customers,150,1
2903,2023-03-14,C024,P107,7,MC001,Samuel Kim,Chicago,USA,Standing Desk,Accessories,SoundWave,140,1100,Spring Sale,1/3/23,15/3/23,Email,5000,All Customers,980,3
2904,2023-02-03,C013,P114,7,MC003,Amelia Gupta,Houston,USA,Suitcase,Accessories,ProtectPro,120,1100,Back to School,1/8/23,31/8/23,TV,15000,Families,840,2
2905,2023-01-16,C003,P103,4,MC004,Alice Johnson,Chicago,USA,USB-C Cable,Accessories,CableMax,15,1000,Black Friday,24/11/23,27/11/23,Multi-channel,25000,All Customers,60,1
2906,2023-06-08,C037,P119,3,MC005,Victoria Kozlov,Chicago,USA,Adapter,Electronics,CableMax,40,800,Holiday Special,10/12/23,24/12/23,Email + Social Media,10000,Silver and Gold Tiers,120,6
2907,2023-10-26,C030,P116,2,MC001,Andrew Ivanov,Miami,USA,Cleanup Kit,Accessories,TechGear,20,1300,Spring Sale,1/3/23,15/3/23,Email,5000,All Customers,40,10
2908,2023-11-18,C012,P110,6,MC001,James Choi,Chicago,USA,Briefcase,Accessories,ProtectPro,120,900,Spring Sale,1/3/23,15/3/23,Email,5000,All Customers,720,11
2909,2023-11-10,C016,P104,7,MC005,Lucas Morales,Los Angeles,USA,Phone Case,Accessories,ProtectPro,10,800,Holiday Special,10/12/23,24/12/23,Email + Social Media,10000,Silver and Gold Tiers,70,11
2910,2023-03-23,C013,P106,2,MC004,Amelia Gupta,Houston,USA,Keyboard,Electronics,TechGear,110,1000,Black Friday,24/11/23,27/11/23,Multi-channel,25000,All Customers,220,3
2911,2023-03-14,C019,P120,3,MC005,Abigail Nakamura,Chicago,USA,Keyboard Mousepad,Accessories,TechGear,50,400,Holiday Special,10/12/23,24/12/23,Email + Social Media,10000,Silver and Gold Tiers,150,3
2912,2023-07-07,C025,P112,3,MC001,Sofia Petrov,Los Angeles,USA,Desk Chair,Accessories,TechGear,40,500,Spring Sale,1/3/23,15/3/23,Email,5000,All Customers,120,7
2913,2023-12-22,C037,P120,4,MC004,Victoria Kozlov,Chicago,USA,Keyboard Mousepad,Accessories,TechGear,50,400,Black Friday,24/11/23,27/11/23,Multi-channel,25000,All Customers,200,12
2914,2023-09-14,C025,P111,8,MC003,Sofia Petrov,Los Angeles,USA,Backpack,Accessories,ProtectPro,30,1300,Back to School,1/8/23,31/8/23,TV,15000,Families,240,9
2915,2023-08-01,C031,P104,4,MC002,Zoe Ramirez,Miami,USA,Phone Case,Accessories,ProtectPro,10,800,Summer Clearance,15/6/23,30/6/23,Social Media,7500,Gold Tier,40,8
2916,2023-12-26,C045,P108,8,MC004,Nora Zimmerman,Houston,USA,Computer Case,Accessories,ProtectPro,110,500,Black Friday,24/11/23,27/11/23,Multi-channel,25000,All Customers,880,12
2917,2023-02-26,C043,P114,4,MC004,Hannah Eriksson,New York,USA,Suitcase,Accessories,ProtectPro,120,1100,Black Friday,24/11/23,27/11/23,Multi-channel,25000,All Customers,480,2
2918,2023-06-08,C037,P114,10,MC003,Victoria Kozlov,Chicago,USA,Suitcase,Accessories,ProtectPro,120,1100,Back to School,1/8/23,31/8/23,TV,15000,Families,1200,6
2919,2023-01-18,C025,P119,6,MC004,Sofia Petrov,Los Angeles,USA,Adapter,Electronics,CableMax,40,800,Black Friday,24/11/23,27/11/23,Multi-channel,25000,All Customers,240,1
2920,2023-06-10,C046,P114,3,MC003,Isaac Nkosi,Houston,USA,Suitcase,Accessories,ProtectPro,120,1100,Back to School,1/8/23,31/8/23,TV,15000,Families,360,6
2921,2023-01-23,C018,P113,1,MC003,Alexander Rossi,New York,USA,Bluetooth Headphones Charger,Electronics,CableMax,150,300,Back to School,1/8/23,31/8/23,TV,15000,Families,150,1
2922,2023-04-20,C024,P119,6,MC005,Samuel Kim,Chicago,USA,Adapter,Electronics,CableMax,40,800,Holiday Special,10/12/23,24/12/23,Email + Social Media,10000,Silver and Gold Tiers,240,4
2923,2023-11-29,C033,P112,8,MC005,Lily Sørensen,New York,USA,Desk Chair,Accessories,TechGear,40,500,Holiday Special,10/12/23,24/12/23,Email + Social Media,10000,Silver and Gold Tiers,320,11
2924,2023-03-28,C026,P118,3,MC002,David Okafor,Los Angeles,USA,External Microphone,Electronics,TechGear,60,1400,Summer Clearance,15/6/23,30/6/23,Social Media,7500,Gold Tier,180,3
2925,2023-01-13,C018,P117,7,MC003,Alexander Rossi,New York,USA,Bluetooth Speaker,Electronics,SoundWave,140,200,Back to School,1/8/23,31/8/23,TV,15000,Families,980,1
2926,2023-10-29,C032,P102,8,MC005,Christopher Lee,Los Angeles,USA,Bluetooth Headphones,Electronics,SoundWave,30,300,Holiday Special,10/12/23,24/12/23,Email + Social Media,10000,Silver and Gold Tiers,240,10
2927,2023-12-22,C021,P112,2,MC004,Emily Schwartz,Los Angeles,USA,Desk Chair,Accessories,TechGear,40,500,Black Friday,24/11/23,27/11/23,Multi-channel,25000,All Customers,80,12
2928,2023-11-28,C039,P107,8,MC004,Penelope Cheng,Los Angeles,USA,Standing Desk,Accessories,SoundWave,140,1100,Black Friday,24/11/23,27/11/23,Multi-channel,25000,All Customers,1120,11
2929,2023-12-18,C015,P101,8,MC002,Harper Singh,Houston,USA,Wireless Mouse,Electronics,TechGear,20,500,Summer Clearance,15/6/23,30/6/23,Social Media,7500,Gold Tier,160,12
2930,2023-12-04,C040,P109,5,MC005,Jack O'Brien,Miami,USA,Laptop,Electronics,TechGear,20,200,Holiday Special,10/12/23,24/12/23,Email + Social Media,10000,Silver and Gold Tiers,100,12
2931,2023-01-19,C026,P117,7,MC004,David Okafor,Los Angeles,USA,Bluetooth Speaker,Electronics,SoundWave,140,200,Black Friday,24/11/23,27/11/23,Multi-channel,25000,All Customers,980,1
2932,2023-10-13,C012,P105,1,MC001,James Choi,Chicago,USA,Smart Watch,Electronics,TechGear,25,200,Spring Sale,1/3/23,15/3/23,Email,5000,All Customers,25,10
2933,2023-03-26,C050,P104,3,MC003,Caleb Reyes,Houston,USA,Phone Case,Accessories,ProtectPro,10,800,Back to School,1/8/23,31/8/23,TV,15000,Families,30,3
2934,2023-10-03,C043,P107,7,MC001,Hannah Eriksson,New York,USA,Standing Desk,Accessories,SoundWave,140,1100,Spring Sale,1/3/23,15/3/23,Email,5000,All Customers,980,10
2935,2023-05-19,C003,P115,8,MC003,Alice Johnson,Chicago,USA,Gaming Headset,Electronics,SoundWave,50,200,Back to School,1/8/23,31/8/23,TV,15000,Families,400,5
2936,2023-06-09,C048,P109,4,MC003,Dylan Suzuki,New York,USA,Laptop,Electronics,TechGear,20,200,Back to School,1/8/23,31/8/23,TV,15000,Families,80,6
2937,2023-10-05,C015,P115,6,MC004,Harper Singh,Houston,USA,Gaming Headset,Electronics,SoundWave,50,200,Black Friday,24/11/23,27/11/23,Multi-channel,25000,All Customers,300,10
2938,2023-06-11,C009,P103,5,MC003,Isabella Tanaka,Chicago,USA,USB-C Cable,Accessories,CableMax,15,1000,Back to School,1/8/23,31/8/23,TV,15000,Families,75,6
2939,2023-04-12,C008,P109,1,MC001,Mason Fitzgerald,Houston,USA,Laptop,Electronics,TechGear,20,200,Spring Sale,1/3/23,15/3/23,Email,5000,All Customers,20,4
2940,2023-03-17,C039,P112,10,MC002,Penelope Cheng,Los Angeles,USA,Desk Chair,Accessories,TechGear,40,500,Summer Clearance,15/6/23,30/6/23,Social Media,7500,Gold Tier,400,3
2941,2023-03-08,C012,P118,3,MC005,James Choi,Chicago,USA,External Microphone,Electronics,TechGear,60,1400,Holiday Special,10/12/23,24/12/23,Email + Social Media,10000,Silver and Gold Tiers,180,3
2942,2023-10-26,C036,P107,9,MC003,Ryan Müller,Los Angeles,USA,Standing Desk,Accessories,SoundWave,140,1100,Back to School,1/8/23,31/8/23,TV,15000,Families,1260,10
2943,2023-01-01,C032,P104,10,MC005,Christopher Lee,Los Angeles,USA,Phone Case,Accessories,ProtectPro,10,800,Holiday Special,10/12/23,24/12/23,Email + Social Media,10000,Silver and Gold Tiers,100,1
2944,2023-08-07,C004,P102,4,MC004,Bob Wilson,Houston,USA,Bluetooth Headphones,Electronics,SoundWave,30,300,Black Friday,24/11/23,27/11/23,Multi-channel,25000,All Customers,120,8
2945,2023-03-03,C005,P110,2,MC001,Emma Brown,Miami,USA,Briefcase,Accessories,ProtectPro,120,900,Spring Sale,1/3/23,15/3/23,Email,5000,All Customers,240,3
2946,2023-01-19,C043,P109,1,MC002,Hannah Eriksson,New York,USA,Laptop,Electronics,TechGear,20,200,Summer Clearance,15/6/23,30/6/23,Social Media,7500,Gold Tier,20,1
2947,2023-09-10,C024,P109,8,MC003,Samuel Kim,Chicago,USA,Laptop,Electronics,TechGear,20,200,Back to School,1/8/23,31/8/23,TV,15000,Families,160,9
2948,2023-06-24,C025,P109,8,MC002,Sofia Petrov,Los Angeles,USA,Laptop,Electronics,TechGear,20,200,Summer Clearance,15/6/23,30/6/23,Social Media,7500,Gold Tier,160,6
2949,2023-12-16,C012,P110,8,MC003,James Choi,Chicago,USA,Briefcase,Accessories,ProtectPro,120,900,Back to School,1/8/23,31/8/23,TV,15000,Families,960,12
2950,2023-12-19,C025,P108,4,MC003,Sofia Petrov,Los Angeles,USA,Computer Case,Accessories,ProtectPro,110,500,Back to School,1/8/23,31/8/23,TV,15000,Families,440,12
2951,2023-05-16,C034,P116,5,MC004,Matthew Gonzalez,Houston,USA,Cleanup Kit,Accessories,TechGear,20,1300,Black Friday,24/11/23,27/11/23,Multi-channel,25000,All Customers,100,5
2952,2023-12-10,C020,P114,4,MC002,Michael Andersen,Houston,USA,Suitcase,Accessories,ProtectPro,120,1100,Summer Clearance,15/6/23,30/6/23,Social Media,7500,Gold Tier,480,12
2953,2023-08-25,C005,P118,9,MC005,Emma Brown,Miami,USA,External Microphone,Electronics,TechGear,60,1400,Holiday Special,10/12/23,24/12/23,Email + Social Media,10000,Silver and Gold Tiers,540,8
2954,2023-03-20,C006,P105,10,MC001,Noah Chen,Los Angeles,USA,Smart Watch,Electronics,TechGear,25,200,Spring Sale,1/3/23,15/3/23,Email,5000,All Customers,250,3
2955,2023-11-09,C038,P108,6,MC001,Thomas Sanchez,Houston,USA,Computer Case,Accessories,ProtectPro,110,500,Spring Sale,1/3/23,15/3/23,Email,5000,All Customers,660,11
2956,2023-12-14,C022,P120,4,MC005,Daniel Fernandez,Chicago,USA,Keyboard Mousepad,Accessories,TechGear,50,400,Holiday Special,10/12/23,24/12/23,Email + Social Media,10000,Silver and Gold Tiers,200,12
2957,2023-07-25,C033,P109,9,MC005,Lily Sørensen,New York,USA,Laptop,Electronics,TechGear,20,200,Holiday Special,10/12/23,24/12/23,Email + Social Media,10000,Silver and Gold Tiers,180,7
2958,2023-03-31,C025,P101,9,MC005,Sofia Petrov,Los Angeles,USA,Wireless Mouse,Electronics,TechGear,20,500,Holiday Special,10/12/23,24/12/23,Email + Social Media,10000,Silver and Gold Tiers,180,3
2959,2023-11-02,C037,P116,8,MC005,Victoria Kozlov,Chicago,USA,Cleanup Kit,Accessories,TechGear,20,1300,Holiday Special,10/12/23,24/12/23,Email + Social Media,10000,Silver and Gold Tiers,160,11
2960,2023-11-09,C037,P117,9,MC005,Victoria Kozlov,Chicago,USA,Bluetooth Speaker,Electronics,SoundWave,140,200,Holiday Special,10/12/23,24/12/23,Email + Social Media,10000,Silver and Gold Tiers,1260,11
2961,2023-05-27,C010,P119,7,MC001,William Diaz,New York,USA,Adapter,Electronics,CableMax,40,800,Spring Sale,1/3/23,15/3/23,Email,5000,All Customers,280,5
2962,2023-02-17,C019,P109,4,MC002,Abigail Nakamura,Chicago,USA,Laptop,Electronics,TechGear,20,200,Summer Clearance,15/6/23,30/6/23,Social Media,7500,Gold Tier,80,2
2963,2023-04-04,C025,P111,4,MC003,Sofia Petrov,Los Angeles,USA,Backpack,Accessories,ProtectPro,30,1300,Back to School,1/8/23,31/8/23,TV,15000,Families,120,4
2964,2023-12-04,C019,P112,3,MC001,Abigail Nakamura,Chicago,USA,Desk Chair,Accessories,TechGear,40,500,Spring Sale,1/3/23,15/3/23,Email,5000,All Customers,120,12
2965,2023-12-30,C035,P116,1,MC005,Scarlett Watanabe,Los Angeles,USA,Cleanup Kit,Accessories,TechGear,20,1300,Holiday Special,10/12/23,24/12/23,Email + Social Media,10000,Silver and Gold Tiers,20,12
2966,2023-09-18,C036,P108,1,MC005,Ryan Müller,Los Angeles,USA,Computer Case,Accessories,ProtectPro,110,500,Holiday Special,10/12/23,24/12/23,Email + Social Media,10000,Silver and Gold Tiers,110,9
2967,2023-03-06,C009,P114,1,MC002,Isabella Tanaka,Chicago,USA,Suitcase,Accessories,ProtectPro,120,1100,Summer Clearance,15/6/23,30/6/23,Social Media,7500,Gold Tier,120,3
2968,2023-06-27,C049,P108,9,MC003,Mila Popovic,Los Angeles,USA,Computer Case,Accessories,ProtectPro,110,500,Back to School,1/8/23,31/8/23,TV,15000,Families,990,6
2969,2023-04-26,C016,P110,6,MC002,Lucas Morales,Los Angeles,USA,Briefcase,Accessories,ProtectPro,120,900,Summer Clearance,15/6/23,30/6/23,Social Media,7500,Gold Tier,720,4
2970,2023-08-09,C046,P102,9,MC002,Isaac Nkosi,Houston,USA,Bluetooth Headphones,Electronics,SoundWave,30,300,Summer Clearance,15/6/23,30/6/23,Social Media,7500,Gold Tier,270,8
2971,2023-07-22,C008,P110,4,MC005,Mason Fitzgerald,Houston,USA,Briefcase,Accessories,ProtectPro,120,900,Holiday Special,10/12/23,24/12/23,Email + Social Media,10000,Silver and Gold Tiers,480,7
2972,2023-09-05,C046,P101,5,MC003,Isaac Nkosi,Houston,USA,Wireless Mouse,Electronics,TechGear,20,500,Back to School,1/8/23,31/8/23,TV,15000,Families,100,9
2973,2023-11-24,C037,P115,8,MC005,Victoria Kozlov,Chicago,USA,Gaming Headset,Electronics,SoundWave,50,200,Holiday Special,10/12/23,24/12/23,Email + Social Media,10000,Silver and Gold Tiers,400,11
2974,2023-06-05,C047,P110,9,MC003,Leah Fontaine,Miami,USA,Briefcase,Accessories,ProtectPro,120,900,Back to School,1/8/23,31/8/23,TV,15000,Families,1080,6
2975,2023-10-14,C036,P116,8,MC004,Ryan Müller,Los Angeles,USA,Cleanup Kit,Accessories,TechGear,20,1300,Black Friday,24/11/23,27/11/23,Multi-channel,25000,All Customers,160,10
2976,2023-01-25,C048,P101,4,MC002,Dylan Suzuki,New York,USA,Wireless Mouse,Electronics,TechGear,20,500,Summer Clearance,15/6/23,30/6/23,Social Media,7500,Gold Tier,80,1
2977,2023-05-19,C046,P107,2,MC003,Isaac Nkosi,Houston,USA,Standing Desk,Accessories,SoundWave,140,1100,Back to School,1/8/23,31/8/23,TV,15000,Families,280,5
2978,2023-04-23,C031,P112,6,MC003,Zoe Ramirez,Miami,USA,Desk Chair,Accessories,TechGear,40,500,Back to School,1/8/23,31/8/23,TV,15000,Families,240,4
2979,2023-02-14,C035,P110,9,MC004,Scarlett Watanabe,Los Angeles,USA,Briefcase,Accessories,ProtectPro,120,900,Black Friday,24/11/23,27/11/23,Multi-channel,25000,All Customers,1080,2
2980,2023-03-17,C009,P106,1,MC001,Isabella Tanaka,Chicago,USA,Keyboard,Electronics,TechGear,110,1000,Spring Sale,1/3/23,15/3/23,Email,5000,All Customers,110,3
2981,2023-01-26,C037,P118,9,MC005,Victoria Kozlov,Chicago,USA,External Microphone,Electronics,TechGear,60,1400,Holiday Special,10/12/23,24/12/23,Email + Social Media,10000,Silver and Gold Tiers,540,1
2982,2023-02-14,C049,P114,8,MC005,Mila Popovic,Los Angeles,USA,Suitcase,Accessories,ProtectPro,120,1100,Holiday Special,10/12/23,24/12/23,Email + Social Media,10000,Silver and Gold Tiers,960,2
2983,2023-12-22,C048,P105,2,MC001,Dylan Suzuki,New York,USA,Smart Watch,Electronics,TechGear,25,200,Spring Sale,1/3/23,15/3/23,Email,5000,All Customers,50,12
2984,2023-12-17,C045,P114,3,MC003,Nora Zimmerman,Houston,USA,Suitcase,Accessories,ProtectPro,120,1100,Back to School,1/8/23,31/8/23,TV,15000,Families,360,12
2985,2023-08-08,C021,P113,6,MC004,Emily Schwartz,Los Angeles,USA,Bluetooth Headphones Charger,Electronics,CableMax,150,300,Black Friday,24/11/23,27/11/23,Multi-channel,25000,All Customers,900,8
2986,2023-03-23,C043,P101,2,MC005,Hannah Eriksson,New York,USA,Wireless Mouse,Electronics,TechGear,20,500,Holiday Special,10/12/23,24/12/23,Email + Social Media,10000,Silver and Gold Tiers,40,3
2987,2023-05-03,C028,P107,2,MC003,Joseph Mendoza,New York,USA,Standing Desk,Accessories,SoundWave,140,1100,Back to School,1/8/23,31/8/23,TV,15000,Families,280,5
2988,2023-04-22,C042,P115,10,MC001,Owen Takahashi,New York,USA,Gaming Headset,Electronics,SoundWave,50,200,Spring Sale,1/3/23,15/3/23,Email,5000,All Customers,500,4
2989,2023-05-30,C005,P120,9,MC001,Emma Brown,Miami,USA,Keyboard Mousepad,Accessories,TechGear,50,400,Spring Sale,1/3/23,15/3/23,Email,5000,All Customers,450,5
2990,2023-03-17,C015,P107,7,MC002,Harper Singh,Houston,USA,Standing Desk,Accessories,SoundWave,140,1100,Summer Clearance,15/6/23,30/6/23,Social Media,7500,Gold Tier,980,3
2991,2023-01-28,C010,P111,8,MC001,William Diaz,New York,USA,Backpack,Accessories,ProtectPro,30,1300,Spring Sale,1/3/23,15/3/23,Email,5000,All Customers,240,1
2992,2023-10-22,C013,P104,1,MC005,Amelia Gupta,Houston,USA,Phone Case,Accessories,ProtectPro,10,800,Holiday Special,10/12/23,24/12/23,Email + Social Media,10000,Silver and Gold Tiers,10,10
2993,2023-05-02,C016,P117,1,MC002,Lucas Morales,Los Angeles,USA,Bluetooth Speaker,Electronics,SoundWave,140,200,Summer Clearance,15/6/23,30/6/23,Social Media,7500,Gold Tier,140,5
2994,2023-12-22,C029,P117,9,MC003,Chloe Dubois,Miami,USA,Bluetooth Speaker,Electronics,SoundWave,140,200,Back to School,1/8/23,31/8/23,TV,15000,Families,1260,12
2995,2023-03-21,C024,P118,5,MC001,Samuel Kim,Chicago,USA,External Microphone,Electronics,TechGear,60,1400,Spring Sale,1/3/23,15/3/23,Email,5000,All Customers,300,3
2996,2023-03-14,C020,P119,5,MC003,Michael Andersen,Houston,USA,Adapter,Electronics,CableMax,40,800,Back to School,1/8/23,31/8/23,TV,15000,Families,200,3
2997,2023-10-30,C020,P116,8,MC003,Michael Andersen,Houston,USA,Cleanup Kit,Accessories,TechGear,20,1300,Back to School,1/8/23,31/8/23,TV,15000,Families,160,10
2998,2023-01-30,C026,P120,4,MC005,David Okafor,Los Angeles,USA,Keyboard Mousepad,Accessories,TechGear,50,400,Holiday Special,10/12/23,24/12/23,Email + Social Media,10000,Silver and Gold Tiers,200,1
2999,2023-05-14,C020,P106,4,MC005,Michael Andersen,Houston,USA,Keyboard,Electronics,TechGear,110,1000,Holiday Special,10/12/23,24/12/23,Email + Social Media,10000,Silver and Gold Tiers,440,5
3000,2023-11-04,C039,P102,5,MC002,Penelope Cheng,Los Angeles,USA,Bluetooth Headphones,Electronics,SoundWave,30,300,Summer Clearance,15/6/23,30/6/23,Social Media,7500,Gold Tier,150,11
3001,2023-06-24,C012,P110,5,MC002,James Choi,Chicago,USA,Briefcase,Accessories,ProtectPro,120,900,Summer Clearance,15/6/23,30/6/23,Social Media,7500,Gold Tier,600,6
3002,2023-01-21,C042,P113,7,MC002,Owen Takahashi,New York,USA,Bluetooth Headphones Charger,Electronics,CableMax,150,300,Summer Clearance,15/6/23,30/6/23,Social Media,7500,Gold Tier,1050,1
3003,2023-07-15,C036,P107,7,MC002,Ryan Müller,Los Angeles,USA,Standing Desk,Accessories,SoundWave,140,1100,Summer Clearance,15/6/23,30/6/23,Social Media,7500,Gold Tier,980,7
3004,2023-06-01,C023,P102,8,MC002,Elizabeth Novak,Miami,USA,Bluetooth Headphones,Electronics,SoundWave,30,300,Summer Clearance,15/6/23,30/6/23,Social Media,7500,Gold Tier,240,6
3005,2023-04-15,C019,P108,2,MC004,Abigail Nakamura,Chicago,USA,Computer Case,Accessories,ProtectPro,110,500,Black Friday,24/11/23,27/11/23,Multi-channel,25000,All Customers,220,4
3006,2023-10-01,C046,P102,1,MC003,Isaac Nkosi,Houston,USA,Bluetooth Headphones,Electronics,SoundWave,30,300,Back to School,1/8/23,31/8/23,TV,15000,Families,30,10
3007,2023-06-01,C001,P102,1,MC003,John Doe,New York,USA,Bluetooth Headphones,Electronics,SoundWave,30,300,Back to School,1/8/23,31/8/23,TV,15000,Families,30,6
3008,2023-11-19,C041,P108,9,MC005,Audrey Kuznetsov,Miami,USA,Computer Case,Accessories,ProtectPro,110,500,Holiday Special,10/12/23,24/12/23,Email + Social Media,10000,Silver and Gold Tiers,990,11
3009,2023-09-25,C002,P108,4,MC005,Jane Smith,Los Angeles,USA,Computer Case,Accessories,ProtectPro,110,500,Holiday Special,10/12/23,24/12/23,Email + Social Media,10000,Silver and Gold Tiers,440,9
3010,2023-09-25,C019,P115,9,MC003,Abigail Nakamura,Chicago,USA,Gaming Headset,Electronics,SoundWave,50,200,Back to School,1/8/23,31/8/23,TV,15000,Families,450,9
3011,2023-10-03,C013,P111,8,MC004,Amelia Gupta,Houston,USA,Backpack,Accessories,ProtectPro,30,1300,Black Friday,24/11/23,27/11/23,Multi-channel,25000,All Customers,240,10
3012,2023-02-28,C028,P110,1,MC004,Joseph Mendoza,New York,USA,Briefcase,Accessories,ProtectPro,120,900,Black Friday,24/11/23,27/11/23,Multi-channel,25000,All Customers,120,2
3013,2023-03-31,C034,P101,1,MC001,Matthew Gonzalez,Houston,USA,Wireless Mouse,Electronics,TechGear,20,500,Spring Sale,1/3/23,15/3/23,Email,5000,All Customers,20,3
3014,2023-07-04,C030,P107,5,MC002,Andrew Ivanov,Miami,USA,Standing Desk,Accessories,SoundWave,140,1100,Summer Clearance,15/6/23,30/6/23,Social Media,7500,Gold Tier,700,7
3015,2023-10-10,C020,P117,9,MC005,Michael Andersen,Houston,USA,Bluetooth Speaker,Electronics,SoundWave,140,200,Holiday Special,10/12/23,24/12/23,Email + Social Media,10000,Silver and Gold Tiers,1260,10
3016,2023-05-03,C046,P106,2,MC003,Isaac Nkosi,Houston,USA,Keyboard,Electronics,TechGear,110,1000,Back to School,1/8/23,31/8/23,TV,15000,Families,220,5
3017,2023-07-07,C009,P113,4,MC003,Isabella Tanaka,Chicago,USA,Bluetooth Headphones Charger,Electronics,CableMax,150,300,Back to School,1/8/23,31/8/23,TV,15000,Families,600,7
3018,2023-01-02,C045,P115,4,MC004,Nora Zimmerman,Houston,USA,Gaming Headset,Electronics,SoundWave,50,200,Black Friday,24/11/23,27/11/23,Multi-channel,25000,All Customers,200,1
3019,2023-01-17,C030,P115,7,MC001,Andrew Ivanov,Miami,USA,Gaming Headset,Electronics,SoundWave,50,200,Spring Sale,1/3/23,15/3/23,Email,5000,All Customers,350,1
3020,2023-11-29,C013,P108,4,MC002,Amelia Gupta,Houston,USA,Computer Case,Accessories,ProtectPro,110,500,Summer Clearance,15/6/23,30/6/23,Social Media,7500,Gold Tier,440,11
3021,2023-11-03,C046,P113,8,MC005,Isaac Nkosi,Houston,USA,Bluetooth Headphones Charger,Electronics,CableMax,150,300,Holiday Special,10/12/23,24/12/23,Email + Social Media,10000,Silver and Gold Tiers,1200,11
3022,2023-01-11,C031,P111,8,MC004,Zoe Ramirez,Miami,USA,Backpack,Accessories,ProtectPro,30,1300,Black Friday,24/11/23,27/11/23,Multi-channel,25000,All Customers,240,1
3023,2023-04-01,C016,P112,7,MC005,Lucas Morales,Los Angeles,USA,Desk Chair,Accessories,TechGear,40,500,Holiday Special,10/12/23,24/12/23,Email + Social Media,10000,Silver and Gold Tiers,280,4
3024,2023-08-24,C020,P115,10,MC002,Michael Andersen,Houston,USA,Gaming Headset,Electronics,SoundWave,50,200,Summer Clearance,15/6/23,30/6/23,Social Media,7500,Gold Tier,500,8
3025,2023-11-12,C026,P120,3,MC002,David Okafor,Los Angeles,USA,Keyboard Mousepad,Accessories,TechGear,50,400,Summer Clearance,15/6/23,30/6/23,Social Media,7500,Gold Tier,150,11
3026,2023-08-23,C005,P113,7,MC003,Emma Brown,Miami,USA,Bluetooth Headphones Charger,Electronics,CableMax,150,300,Back to School,1/8/23,31/8/23,TV,15000,Families,1050,8
3027,2023-08-22,C034,P112,3,MC005,Matthew Gonzalez,Houston,USA,Desk Chair,Accessories,TechGear,40,500,Holiday Special,10/12/23,24/12/23,Email + Social Media,10000,Silver and Gold Tiers,120,8
3028,2023-01-28,C025,P112,6,MC002,Sofia Petrov,Los Angeles,USA,Desk Chair,Accessories,TechGear,40,500,Summer Clearance,15/6/23,30/6/23,Social Media,7500,Gold Tier,240,1
3029,2023-04-21,C036,P114,5,MC003,Ryan Müller,Los Angeles,USA,Suitcase,Accessories,ProtectPro,120,1100,Back to School,1/8/23,31/8/23,TV,15000,Families,600,4
3030,2023-11-09,C049,P107,5,MC001,Mila Popovic,Los Angeles,USA,Standing Desk,Accessories,SoundWave,140,1100,Spring Sale,1/3/23,15/3/23,Email,5000,All Customers,700,11
3031,2023-03-14,C007,P106,2,MC005,Ava Kowalski,Chicago,USA,Keyboard,Electronics,TechGear,110,1000,Holiday Special,10/12/23,24/12/23,Email + Social Media,10000,Silver and Gold Tiers,220,3
3032,2023-10-22,C045,P103,3,MC005,Nora Zimmerman,Houston,USA,USB-C Cable,Accessories,CableMax,15,1000,Holiday Special,10/12/23,24/12/23,Email + Social Media,10000,Silver and Gold Tiers,45,10
3033,2023-05-12,C016,P115,10,MC002,Lucas Morales,Los Angeles,USA,Gaming Headset,Electronics,SoundWave,50,200,Summer Clearance,15/6/23,30/6/23,Social Media,7500,Gold Tier,500,5
3034,2023-12-08,C006,P109,7,MC001,Noah Chen,Los Angeles,USA,Laptop,Electronics,TechGear,20,200,Spring Sale,1/3/23,15/3/23,Email,5000,All Customers,140,12
3035,2023-03-22,C042,P113,10,MC005,Owen Takahashi,New York,USA,Bluetooth Headphones Charger,Electronics,CableMax,150,300,Holiday Special,10/12/23,24/12/23,Email + Social Media,10000,Silver and Gold Tiers,1500,3
3036,2023-05-30,C033,P117,1,MC003,Lily Sørensen,New York,USA,Bluetooth Speaker,Electronics,SoundWave,140,200,Back to School,1/8/23,31/8/23,TV,15000,Families,140,5
3037,2023-01-26,C033,P105,9,MC004,Lily Sørensen,New York,USA,Smart Watch,Electronics,TechGear,25,200,Black Friday,24/11/23,27/11/23,Multi-channel,25000,All Customers,225,1
3038,2023-04-11,C035,P113,3,MC004,Scarlett Watanabe,Los Angeles,USA,Bluetooth Headphones Charger,Electronics,CableMax,150,300,Black Friday,24/11/23,27/11/23,Multi-channel,25000,All Customers,450,4
3039,2023-11-20,C044,P119,10,MC005,Gabriel Santos,Los Angeles,USA,Adapter,Electronics,CableMax,40,800,Holiday Special,10/12/23,24/12/23,Email + Social Media,10000,Silver and Gold Tiers,400,11
3040,2023-03-13,C010,P116,5,MC004,William Diaz,New York,USA,Cleanup Kit,Accessories,TechGear,20,1300,Black Friday,24/11/23,27/11/23,Multi-channel,25000,All Customers,100,3
3041,2023-05-04,C021,P113,7,MC002,Emily Schwartz,Los Angeles,USA,Bluetooth Headphones Charger,Electronics,CableMax,150,300,Summer Clearance,15/6/23,30/6/23,Social Media,7500,Gold Tier,1050,5
3042,2023-10-12,C023,P119,9,MC001,Elizabeth Novak,Miami,USA,Adapter,Electronics,CableMax,40,800,Spring Sale,1/3/23,15/3/23,Email,5000,All Customers,360,10
3043,2023-03-23,C026,P115,5,MC004,David Okafor,Los Angeles,USA,Gaming Headset,Electronics,SoundWave,50,200,Black Friday,24/11/23,27/11/23,Multi-channel,25000,All Customers,250,3
3044,2023-03-26,C042,P111,2,MC005,Owen Takahashi,New York,USA,Backpack,Accessories,ProtectPro,30,1300,Holiday Special,10/12/23,24/12/23,Email + Social Media,10000,Silver and Gold Tiers,60,3
3045,2023-01-24,C011,P110,5,MC003,Charlotte Hoffman,New York,USA,Briefcase,Accessories,ProtectPro,120,900,Back to School,1/8/23,31/8/23,TV,15000,Families,600,1
3046,2023-10-27,C029,P112,9,MC004,Chloe Dubois,Miami,USA,Desk Chair,Accessories,TechGear,40,500,Black Friday,24/11/23,27/11/23,Multi-channel,25000,All Customers,360,10
3047,2023-11-23,C036,P116,1,MC002,Ryan Müller,Los Angeles,USA,Cleanup Kit,Accessories,TechGear,20,1300,Summer Clearance,15/6/23,30/6/23,Social Media,7500,Gold Tier,20,11
3048,2023-03-19,C041,P119,3,MC004,Audrey Kuznetsov,Miami,USA,Adapter,Electronics,CableMax,40,800,Black Friday,24/11/23,27/11/23,Multi-channel,25000,All Customers,120,3
3049,2023-04-20,C022,P110,7,MC001,Daniel Fernandez,Chicago,USA,Briefcase,Accessories,ProtectPro,120,900,Spring Sale,1/3/23,15/3/23,Email,5000,All Customers,840,4
3050,2023-09-22,C014,P113,3,MC002,Benjamin Larsson,Los Angeles,USA,Bluetooth Headphones Charger,Electronics,CableMax,150,300,Summer Clearance,15/6/23,30/6/23,Social Media,7500,Gold Tier,450,9
3051,2023-07-20,C003,P115,2,MC003,Alice Johnson,Chicago,USA,Gaming Headset,Electronics,SoundWave,50,200,Back to School,1/8/23,31/8/23,TV,15000,Families,100,7
3052,2023-07-25,C026,P112,6,MC005,David Okafor,Los Angeles,USA,Desk Chair,Accessories,TechGear,40,500,Holiday Special,10/12/23,24/12/23,Email + Social Media,10000,Silver and Gold Tiers,240,7
3053,2023-10-04,C029,P101,7,MC004,Chloe Dubois,Miami,USA,Wireless Mouse,Electronics,TechGear,20,500,Black Friday,24/11/23,27/11/23,Multi-channel,25000,All Customers,140,10
3054,2023-12-15,C020,P104,3,MC003,Michael Andersen,Houston,USA,Phone Case,Accessories,ProtectPro,10,800,Back to School,1/8/23,31/8/23,TV,15000,Families,30,12
3055,2023-11-29,C036,P106,8,MC001,Ryan Müller,Los Angeles,USA,Keyboard,Electronics,TechGear,110,1000,Spring Sale,1/3/23,15/3/23,Email,5000,All Customers,880,11
3056,2023-11-01,C029,P102,9,MC004,Chloe Dubois,Miami,USA,Bluetooth Headphones,Electronics,SoundWave,30,300,Black Friday,24/11/23,27/11/23,Multi-channel,25000,All Customers,270,11
3057,2023-06-06,C026,P114,8,MC004,David Okafor,Los Angeles,USA,Suitcase,Accessories,ProtectPro,120,1100,Black Friday,24/11/23,27/11/23,Multi-channel,25000,All Customers,960,6
3058,2023-11-18,C025,P110,8,MC005,Sofia Petrov,Los Angeles,USA,Briefcase,Accessories,ProtectPro,120,900,Holiday Special,10/12/23,24/12/23,Email + Social Media,10000,Silver and Gold Tiers,960,11
3059,2023-05-02,C040,P116,9,MC002,Jack O'Brien,Miami,USA,Cleanup Kit,Accessories,TechGear,20,1300,Summer Clearance,15/6/23,30/6/23,Social Media,7500,Gold Tier,180,5
3060,2023-04-06,C029,P109,3,MC001,Chloe Dubois,Miami,USA,Laptop,Electronics,TechGear,20,200,Spring Sale,1/3/23,15/3/23,Email,5000,All Customers,60,4
3061,2023-12-18,C001,P108,9,MC002,John Doe,New York,USA,Computer Case,Accessories,ProtectPro,110,500,Summer Clearance,15/6/23,30/6/23,Social Media,7500,Gold Tier,990,12
3062,2023-09-29,C040,P112,8,MC001,Jack O'Brien,Miami,USA,Desk Chair,Accessories,TechGear,40,500,Spring Sale,1/3/23,15/3/23,Email,5000,All Customers,320,9
3063,2023-02-09,C011,P118,6,MC005,Charlotte Hoffman,New York,USA,External Microphone,Electronics,TechGear,60,1400,Holiday Special,10/12/23,24/12/23,Email + Social Media,10000,Silver and Gold Tiers,360,2
3064,2023-08-14,C035,P116,4,MC005,Scarlett Watanabe,Los Angeles,USA,Cleanup Kit,Accessories,TechGear,20,1300,Holiday Special,10/12/23,24/12/23,Email + Social Media,10000,Silver and Gold Tiers,80,8
3065,2023-11-19,C041,P103,1,MC002,Audrey Kuznetsov,Miami,USA,USB-C Cable,Accessories,CableMax,15,1000,Summer Clearance,15/6/23,30/6/23,Social Media,7500,Gold Tier,15,11
3066,2023-08-01,C005,P115,10,MC005,Emma Brown,Miami,USA,Gaming Headset,Electronics,SoundWave,50,200,Holiday Special,10/12/23,24/12/23,Email + Social Media,10000,Silver and Gold Tiers,500,8
3067,2023-05-16,C014,P103,7,MC005,Benjamin Larsson,Los Angeles,USA,USB-C Cable,Accessories,CableMax,15,1000,Holiday Special,10/12/23,24/12/23,Email + Social Media,10000,Silver and Gold Tiers,105,5
3068,2023-07-18,C006,P105,9,MC002,Noah Chen,Los Angeles,USA,Smart Watch,Electronics,TechGear,25,200,Summer Clearance,15/6/23,30/6/23,Social Media,7500,Gold Tier,225,7
3069,2023-07-31,C025,P110,5,MC001,Sofia Petrov,Los Angeles,USA,Briefcase,Accessories,ProtectPro,120,900,Spring Sale,1/3/23,15/3/23,Email,5000,All Customers,600,7
3070,2023-11-25,C004,P114,1,MC002,Bob Wilson,Houston,USA,Suitcase,Accessories,ProtectPro,120,1100,Summer Clearance,15/6/23,30/6/23,Social Media,7500,Gold Tier,120,11
3071,2023-09-14,C016,P118,10,MC005,Lucas Morales,Los Angeles,USA,External Microphone,Electronics,TechGear,60,1400,Holiday Special,10/12/23,24/12/23,Email + Social Media,10000,Silver and Gold Tiers,600,9
3072,2023-05-08,C014,P118,5,MC002,Benjamin Larsson,Los Angeles,USA,External Microphone,Electronics,TechGear,60,1400,Summer Clearance,15/6/23,30/6/23,Social Media,7500,Gold Tier,300,5
3073,2023-09-30,C050,P108,5,MC005,Caleb Reyes,Houston,USA,Computer Case,Accessories,ProtectPro,110,500,Holiday Special,10/12/23,24/12/23,Email + Social Media,10000,Silver and Gold Tiers,550,9
3074,2023-12-24,C019,P111,5,MC003,Abigail Nakamura,Chicago,USA,Backpack,Accessories,ProtectPro,30,1300,Back to School,1/8/23,31/8/23,TV,15000,Families,150,12
3075,2023-03-05,C003,P103,3,MC002,Alice Johnson,Chicago,USA,USB-C Cable,Accessories,CableMax,15,1000,Summer Clearance,15/6/23,30/6/23,Social Media,7500,Gold Tier,45,3
3076,2023-07-04,C023,P115,10,MC003,Elizabeth Novak,Miami,USA,Gaming Headset,Electronics,SoundWave,50,200,Back to School,1/8/23,31/8/23,TV,15000,Families,500,7
3077,2023-10-15,C028,P108,9,MC001,Joseph Mendoza,New York,USA,Computer Case,Accessories,ProtectPro,110,500,Spring Sale,1/3/23,15/3/23,Email,5000,All Customers,990,10
3078,2023-04-19,C033,P112,5,MC004,Lily Sørensen,New York,USA,Desk Chair,Accessories,TechGear,40,500,Black Friday,24/11/23,27/11/23,Multi-channel,25000,All Customers,200,4
3079,2023-09-21,C022,P110,9,MC004,Daniel Fernandez,Chicago,USA,Briefcase,Accessories,ProtectPro,120,900,Black Friday,24/11/23,27/11/23,Multi-channel,25000,All Customers,1080,9
3080,2023-04-19,C008,P117,1,MC003,Mason Fitzgerald,Houston,USA,Bluetooth Speaker,Electronics,SoundWave,140,200,Back to School,1/8/23,31/8/23,TV,15000,Families,140,4
3081,2023-12-13,C019,P101,8,MC001,Abigail Nakamura,Chicago,USA,Wireless Mouse,Electronics,TechGear,20,500,Spring Sale,1/3/23,15/3/23,Email,5000,All Customers,160,12
3082,2023-04-13,C006,P105,6,MC004,Noah Chen,Los Angeles,USA,Smart Watch,Electronics,TechGear,25,200,Black Friday,24/11/23,27/11/23,Multi-channel,25000,All Customers,150,4
3083,2023-01-16,C036,P105,3,MC004,Ryan Müller,Los Angeles,USA,Smart Watch,Electronics,TechGear,25,200,Black Friday,24/11/23,27/11/23,Multi-channel,25000,All Customers,75,1
3084,2023-09-17,C008,P111,8,MC005,Mason Fitzgerald,Houston,USA,Backpack,Accessories,ProtectPro,30,1300,Holiday Special,10/12/23,24/12/23,Email + Social Media,10000,Silver and Gold Tiers,240,9
3085,2023-11-23,C004,P109,5,MC002,Bob Wilson,Houston,USA,Laptop,Electronics,TechGear,20,200,Summer Clearance,15/6/23,30/6/23,Social Media,7500,Gold Tier,100,11
3086,2023-03-31,C048,P118,10,MC001,Dylan Suzuki,New York,USA,External Microphone,Electronics,TechGear,60,1400,Spring Sale,1/3/23,15/3/23,Email,5000,All Customers,600,3
3087,2023-04-04,C041,P117,1,MC001,Audrey Kuznetsov,Miami,USA,Bluetooth Speaker,Electronics,SoundWave,140,200,Spring Sale,1/3/23,15/3/23,Email,5000,All Customers,140,4
3088,2023-10-06,C002,P102,1,MC002,Jane Smith,Los Angeles,USA,Bluetooth Headphones,Electronics,SoundWave,30,300,Summer Clearance,15/6/23,30/6/23,Social Media,7500,Gold Tier,30,10
3089,2023-08-04,C001,P118,8,MC001,John Doe,New York,USA,External Microphone,Electronics,TechGear,60,1400,Spring Sale,1/3/23,15/3/23,Email,5000,All Customers,480,8
3090,2023-07-19,C002,P114,3,MC001,Jane Smith,Los Angeles,USA,Suitcase,Accessories,ProtectPro,120,1100,Spring Sale,1/3/23,15/3/23,Email,5000,All Customers,360,7
3091,2023-08-17,C024,P108,10,MC001,Samuel Kim,Chicago,USA,Computer Case,Accessories,ProtectPro,110,500,Spring Sale,1/3/23,15/3/23,Email,5000,All Customers,1100,8
3092,2023-04-02,C045,P118,9,MC002,Nora Zimmerman,Houston,USA,External Microphone,Electronics,TechGear,60,1400,Summer Clearance,15/6/23,30/6/23,Social Media,7500,Gold Tier,540,4
3093,2023-02-26,C015,P111,6,MC003,Harper Singh,Houston,USA,Backpack,Accessories,ProtectPro,30,1300,Back to School,1/8/23,31/8/23,TV,15000,Families,180,2
3094,2023-03-30,C035,P111,4,MC004,Scarlett Watanabe,Los Angeles,USA,Backpack,Accessories,ProtectPro,30,1300,Black Friday,24/11/23,27/11/23,Multi-channel,25000,All Customers,120,3
3095,2023-10-30,C013,P104,10,MC005,Amelia Gupta,Houston,USA,Phone Case,Accessories,ProtectPro,10,800,Holiday Special,10/12/23,24/12/23,Email + Social Media,10000,Silver and Gold Tiers,100,10
3096,2023-05-28,C045,P119,7,MC004,Nora Zimmerman,Houston,USA,Adapter,Electronics,CableMax,40,800,Black Friday,24/11/23,27/11/23,Multi-channel,25000,All Customers,280,5
3097,2023-08-18,C011,P119,3,MC002,Charlotte Hoffman,New York,USA,Adapter,Electronics,CableMax,40,800,Summer Clearance,15/6/23,30/6/23,Social Media,7500,Gold Tier,120,8
3098,2023-08-07,C016,P103,9,MC002,Lucas Morales,Los Angeles,USA,USB-C Cable,Accessories,CableMax,15,1000,Summer Clearance,15/6/23,30/6/23,Social Media,7500,Gold Tier,135,8
3099,2023-01-04,C021,P112,3,MC002,Emily Schwartz,Los Angeles,USA,Desk Chair,Accessories,TechGear,40,500,Summer Clearance,15/6/23,30/6/23,Social Media,7500,Gold Tier,120,1
3100,2023-03-15,C030,P108,9,MC002,Andrew Ivanov,Miami,USA,Computer Case,Accessories,ProtectPro,110,500,Summer Clearance,15/6/23,30/6/23,Social Media,7500,Gold Tier,990,3
3101,2023-11-24,C009,P102,4,MC003,Isabella Tanaka,Chicago,USA,Bluetooth Headphones,Electronics,SoundWave,30,300,Back to School,1/8/23,31/8/23,TV,15000,Families,120,11
3102,2023-04-18,C037,P114,8,MC001,Victoria Kozlov,Chicago,USA,Suitcase,Accessories,ProtectPro,120,1100,Spring Sale,1/3/23,15/3/23,Email,5000,All Customers,960,4
3103,2023-09-23,C025,P107,8,MC004,Sofia Petrov,Los Angeles,USA,Standing Desk,Accessories,SoundWave,140,1100,Black Friday,24/11/23,27/11/23,Multi-channel,25000,All Customers,1120,9
3104,2023-01-19,C014,P113,6,MC002,Benjamin Larsson,Los Angeles,USA,Bluetooth Headphones Charger,Electronics,CableMax,150,300,Summer Clearance,15/6/23,30/6/23,Social Media,7500,Gold Tier,900,1
3105,2023-10-08,C035,P101,5,MC001,Scarlett Watanabe,Los Angeles,USA,Wireless Mouse,Electronics,TechGear,20,500,Spring Sale,1/3/23,15/3/23,Email,5000,All Customers,100,10
3106,2023-07-31,C036,P118,7,MC004,Ryan Müller,Los Angeles,USA,External Microphone,Electronics,TechGear,60,1400,Black Friday,24/11/23,27/11/23,Multi-channel,25000,All Customers,420,7
3107,2023-10-19,C015,P113,7,MC001,Harper Singh,Houston,USA,Bluetooth Headphones Charger,Electronics,CableMax,150,300,Spring Sale,1/3/23,15/3/23,Email,5000,All Customers,1050,10
3108,2023-06-12,C036,P111,7,MC001,Ryan Müller,Los Angeles,USA,Backpack,Accessories,ProtectPro,30,1300,Spring Sale,1/3/23,15/3/23,Email,5000,All Customers,210,6
3109,2023-06-14,C018,P111,3,MC002,Alexander Rossi,New York,USA,Backpack,Accessories,ProtectPro,30,1300,Summer Clearance,15/6/23,30/6/23,Social Media,7500,Gold Tier,90,6
3110,2023-11-24,C013,P109,4,MC005,Amelia Gupta,Houston,USA,Laptop,Electronics,TechGear,20,200,Holiday Special,10/12/23,24/12/23,Email + Social Media,10000,Silver and Gold Tiers,80,11
3111,2023-01-26,C039,P108,8,MC005,Penelope Cheng,Los Angeles,USA,Computer Case,Accessories,ProtectPro,110,500,Holiday Special,10/12/23,24/12/23,Email + Social Media,10000,Silver and Gold Tiers,880,1
3112,2023-03-13,C035,P109,10,MC004,Scarlett Watanabe,Los Angeles,USA,Laptop,Electronics,TechGear,20,200,Black Friday,24/11/23,27/11/23,Multi-channel,25000,All Customers,200,3
3113,2023-07-17,C033,P114,10,MC001,Lily Sørensen,New York,USA,Suitcase,Accessories,ProtectPro,120,1100,Spring Sale,1/3/23,15/3/23,Email,5000,All Customers,1200,7
3114,2023-08-30,C038,P116,5,MC004,Thomas Sanchez,Houston,USA,Cleanup Kit,Accessories,TechGear,20,1300,Black Friday,24/11/23,27/11/23,Multi-channel,25000,All Customers,100,8
3115,2023-08-22,C037,P112,8,MC001,Victoria Kozlov,Chicago,USA,Desk Chair,Accessories,TechGear,40,500,Spring Sale,1/3/23,15/3/23,Email,5000,All Customers,320,8
3116,2023-12-28,C004,P111,2,MC004,Bob Wilson,Houston,USA,Backpack,Accessories,ProtectPro,30,1300,Black Friday,24/11/23,27/11/23,Multi-channel,25000,All Customers,60,12
3117,2023-05-14,C047,P109,1,MC002,Leah Fontaine,Miami,USA,Laptop,Electronics,TechGear,20,200,Summer Clearance,15/6/23,30/6/23,Social Media,7500,Gold Tier,20,5
3118,2023-11-22,C019,P106,6,MC004,Abigail Nakamura,Chicago,USA,Keyboard,Electronics,TechGear,110,1000,Black Friday,24/11/23,27/11/23,Multi-channel,25000,All Customers,660,11
3119,2023-08-17,C036,P117,5,MC003,Ryan Müller,Los Angeles,USA,Bluetooth Speaker,Electronics,SoundWave,140,200,Back to School,1/8/23,31/8/23,TV,15000,Families,700,8
3120,2023-08-25,C039,P106,2,MC004,Penelope Cheng,Los Angeles,USA,Keyboard,Electronics,TechGear,110,1000,Black Friday,24/11/23,27/11/23,Multi-channel,25000,All Customers,220,8
3121,2023-01-28,C027,P119,6,MC004,Grace Yamamoto,Chicago,USA,Adapter,Electronics,CableMax,40,800,Black Friday,24/11/23,27/11/23,Multi-channel,25000,All Customers,240,1
3122,2023-08-23,C027,P104,10,MC004,Grace Yamamoto,Chicago,USA,Phone Case,Accessories,ProtectPro,10,800,Black Friday,24/11/23,27/11/23,Multi-channel,25000,All Customers,100,8
3123,2023-05-06,C046,P109,8,MC003,Isaac Nkosi,Houston,USA,Laptop,Electronics,TechGear,20,200,Back to School,1/8/23,31/8/23,TV,15000,Families,160,5
3124,2023-08-31,C044,P114,4,MC005,Gabriel Santos,Los Angeles,USA,Suitcase,Accessories,ProtectPro,120,1100,Holiday Special,10/12/23,24/12/23,Email + Social Media,10000,Silver and Gold Tiers,480,8
3125,2023-04-12,C007,P105,10,MC003,Ava Kowalski,Chicago,USA,Smart Watch,Electronics,TechGear,25,200,Back to School,1/8/23,31/8/23,TV,15000,Families,250,4
3126,2023-04-22,C013,P101,4,MC005,Amelia Gupta,Houston,USA,Wireless Mouse,Electronics,TechGear,20,500,Holiday Special,10/12/23,24/12/23,Email + Social Media,10000,Silver and Gold Tiers,80,4
3127,2023-10-29,C005,P105,6,MC003,Emma Brown,Miami,USA,Smart Watch,Electronics,TechGear,25,200,Back to School,1/8/23,31/8/23,TV,15000,Families,150,10
3128,2023-08-07,C001,P119,2,MC004,John Doe,New York,USA,Adapter,Electronics,CableMax,40,800,Black Friday,24/11/23,27/11/23,Multi-channel,25000,All Customers,80,8
3129,2023-05-09,C016,P120,4,MC003,Lucas Morales,Los Angeles,USA,Keyboard Mousepad,Accessories,TechGear,50,400,Back to School,1/8/23,31/8/23,TV,15000,Families,200,5
3130,2023-05-13,C003,P120,10,MC005,Alice Johnson,Chicago,USA,Keyboard Mousepad,Accessories,TechGear,50,400,Holiday Special,10/12/23,24/12/23,Email + Social Media,10000,Silver and Gold Tiers,500,5
3131,2023-06-05,C018,P113,2,MC002,Alexander Rossi,New York,USA,Bluetooth Headphones Charger,Electronics,CableMax,150,300,Summer Clearance,15/6/23,30/6/23,Social Media,7500,Gold Tier,300,6
3132,2023-12-21,C029,P119,6,MC005,Chloe Dubois,Miami,USA,Adapter,Electronics,CableMax,40,800,Holiday Special,10/12/23,24/12/23,Email + Social Media,10000,Silver and Gold Tiers,240,12
3133,2023-12-18,C016,P120,6,MC001,Lucas Morales,Los Angeles,USA,Keyboard Mousepad,Accessories,TechGear,50,400,Spring Sale,1/3/23,15/3/23,Email,5000,All Customers,300,12
3134,2023-12-25,C037,P113,6,MC004,Victoria Kozlov,Chicago,USA,Bluetooth Headphones Charger,Electronics,CableMax,150,300,Black Friday,24/11/23,27/11/23,Multi-channel,25000,All Customers,900,12
3135,2023-10-06,C025,P105,10,MC002,Sofia Petrov,Los Angeles,USA,Smart Watch,Electronics,TechGear,25,200,Summer Clearance,15/6/23,30/6/23,Social Media,7500,Gold Tier,250,10
3136,2023-03-13,C011,P116,4,MC004,Charlotte Hoffman,New York,USA,Cleanup Kit,Accessories,TechGear,20,1300,Black Friday,24/11/23,27/11/23,Multi-channel,25000,All Customers,80,3
3137,2023-09-14,C004,P108,9,MC004,Bob Wilson,Houston,USA,Computer Case,Accessories,ProtectPro,110,500,Black Friday,24/11/23,27/11/23,Multi-channel,25000,All Customers,990,9
3138,2023-11-06,C042,P118,6,MC001,Owen Takahashi,New York,USA,External Microphone,Electronics,TechGear,60,1400,Spring Sale,1/3/23,15/3/23,Email,5000,All Customers,360,11
3139,2023-02-10,C019,P119,5,MC005,Abigail Nakamura,Chicago,USA,Adapter,Electronics,CableMax,40,800,Holiday Special,10/12/23,24/12/23,Email + Social Media,10000,Silver and Gold Tiers,200,2
3140,2023-05-23,C013,P120,7,MC002,Amelia Gupta,Houston,USA,Keyboard Mousepad,Accessories,TechGear,50,400,Summer Clearance,15/6/23,30/6/23,Social Media,7500,Gold Tier,350,5
3141,2023-01-11,C030,P106,8,MC005,Andrew Ivanov,Miami,USA,Keyboard,Electronics,TechGear,110,1000,Holiday Special,10/12/23,24/12/23,Email + Social Media,10000,Silver and Gold Tiers,880,1
3142,2023-12-11,C001,P111,9,MC001,John Doe,New York,USA,Backpack,Accessories,ProtectPro,30,1300,Spring Sale,1/3/23,15/3/23,Email,5000,All Customers,270,12
3143,2023-03-15,C044,P115,5,MC002,Gabriel Santos,Los Angeles,USA,Gaming Headset,Electronics,SoundWave,50,200,Summer Clearance,15/6/23,30/6/23,Social Media,7500,Gold Tier,250,3
3144,2023-11-09,C006,P103,8,MC001,Noah Chen,Los Angeles,USA,USB-C Cable,Accessories,CableMax,15,1000,Spring Sale,1/3/23,15/3/23,Email,5000,All Customers,120,11
3145,2023-10-24,C032,P106,8,MC005,Christopher Lee,Los Angeles,USA,Keyboard,Electronics,TechGear,110,1000,Holiday Special,10/12/23,24/12/23,Email + Social Media,10000,Silver and Gold Tiers,880,10
3146,2023-05-28,C039,P101,4,MC005,Penelope Cheng,Los Angeles,USA,Wireless Mouse,Electronics,TechGear,20,500,Holiday Special,10/12/23,24/12/23,Email + Social Media,10000,Silver and Gold Tiers,80,5
3147,2023-01-08,C027,P115,9,MC003,Grace Yamamoto,Chicago,USA,Gaming Headset,Electronics,SoundWave,50,200,Back to School,1/8/23,31/8/23,TV,15000,Families,450,1
3148,2023-02-11,C003,P119,5,MC002,Alice Johnson,Chicago,USA,Adapter,Electronics,CableMax,40,800,Summer Clearance,15/6/23,30/6/23,Social Media,7500,Gold Tier,200,2
3149,2023-03-22,C004,P103,4,MC001,Bob Wilson,Houston,USA,USB-C Cable,Accessories,CableMax,15,1000,Spring Sale,1/3/23,15/3/23,Email,5000,All Customers,60,3
3150,2023-08-14,C045,P104,2,MC001,Nora Zimmerman,Houston,USA,Phone Case,Accessories,ProtectPro,10,800,Spring Sale,1/3/23,15/3/23,Email,5000,All Customers,20,8
3151,2023-10-05,C020,P103,4,MC005,Michael Andersen,Houston,USA,USB-C Cable,Accessories,CableMax,15,1000,Holiday Special,10/12/23,24/12/23,Email + Social Media,10000,Silver and Gold Tiers,60,10
3152,2023-08-25,C019,P116,9,MC001,Abigail Nakamura,Chicago,USA,Cleanup Kit,Accessories,TechGear,20,1300,Spring Sale,1/3/23,15/3/23,Email,5000,All Customers,180,8
3153,2023-06-24,C003,P101,3,MC005,Alice Johnson,Chicago,USA,Wireless Mouse,Electronics,TechGear,20,500,Holiday Special,10/12/23,24/12/23,Email + Social Media,10000,Silver and Gold Tiers,60,6
3154,2023-11-16,C008,P102,6,MC002,Mason Fitzgerald,Houston,USA,Bluetooth Headphones,Electronics,SoundWave,30,300,Summer Clearance,15/6/23,30/6/23,Social Media,7500,Gold Tier,180,11
3155,2023-07-17,C045,P112,2,MC003,Nora Zimmerman,Houston,USA,Desk Chair,Accessories,TechGear,40,500,Back to School,1/8/23,31/8/23,TV,15000,Families,80,7
3156,2023-04-16,C041,P104,6,MC002,Audrey Kuznetsov,Miami,USA,Phone Case,Accessories,ProtectPro,10,800,Summer Clearance,15/6/23,30/6/23,Social Media,7500,Gold Tier,60,4
3157,2023-03-28,C025,P103,10,MC005,Sofia Petrov,Los Angeles,USA,USB-C Cable,Accessories,CableMax,15,1000,Holiday Special,10/12/23,24/12/23,Email + Social Media,10000,Silver and Gold Tiers,150,3
3158,2023-09-29,C038,P101,9,MC004,Thomas Sanchez,Houston,USA,Wireless Mouse,Electronics,TechGear,20,500,Black Friday,24/11/23,27/11/23,Multi-channel,25000,All Customers,180,9
3159,2023-01-06,C001,P114,5,MC001,John Doe,New York,USA,Suitcase,Accessories,ProtectPro,120,1100,Spring Sale,1/3/23,15/3/23,Email,5000,All Customers,600,1
3160,2023-04-26,C049,P110,1,MC005,Mila Popovic,Los Angeles,USA,Briefcase,Accessories,ProtectPro,120,900,Holiday Special,10/12/23,24/12/23,Email + Social Media,10000,Silver and Gold Tiers,120,4
3161,2023-07-28,C044,P102,5,MC005,Gabriel Santos,Los Angeles,USA,Bluetooth Headphones,Electronics,SoundWave,30,300,Holiday Special,10/12/23,24/12/23,Email + Social Media,10000,Silver and Gold Tiers,150,7
3162,2023-07-23,C021,P102,6,MC002,Emily Schwartz,Los Angeles,USA,Bluetooth Headphones,Electronics,SoundWave,30,300,Summer Clearance,15/6/23,30/6/23,Social Media,7500,Gold Tier,180,7
3163,2023-03-07,C041,P110,5,MC002,Audrey Kuznetsov,Miami,USA,Briefcase,Accessories,ProtectPro,120,900,Summer Clearance,15/6/23,30/6/23,Social Media,7500,Gold Tier,600,3
3164,2023-06-07,C010,P112,6,MC001,William Diaz,New York,USA,Desk Chair,Accessories,TechGear,40,500,Spring Sale,1/3/23,15/3/23,Email,5000,All Customers,240,6
3165,2023-12-17,C009,P114,1,MC003,Isabella Tanaka,Chicago,USA,Suitcase,Accessories,ProtectPro,120,1100,Back to School,1/8/23,31/8/23,TV,15000,Families,120,12
3166,2023-09-17,C004,P111,1,MC001,Bob Wilson,Houston,USA,Backpack,Accessories,ProtectPro,30,1300,Spring Sale,1/3/23,15/3/23,Email,5000,All Customers,30,9
3167,2023-04-10,C009,P118,10,MC001,Isabella Tanaka,Chicago,USA,External Microphone,Electronics,TechGear,60,1400,Spring Sale,1/3/23,15/3/23,Email,5000,All Customers,600,4
3168,2023-09-23,C046,P107,6,MC003,Isaac Nkosi,Houston,USA,Standing Desk,Accessories,SoundWave,140,1100,Back to School,1/8/23,31/8/23,TV,15000,Families,840,9
3169,2023-11-01,C016,P115,1,MC004,Lucas Morales,Los Angeles,USA,Gaming Headset,Electronics,SoundWave,50,200,Black Friday,24/11/23,27/11/23,Multi-channel,25000,All Customers,50,11
3170,2023-04-24,C022,P119,6,MC003,Daniel Fernandez,Chicago,USA,Adapter,Electronics,CableMax,40,800,Back to School,1/8/23,31/8/23,TV,15000,Families,240,4
3171,2023-07-14,C008,P117,9,MC004,Mason Fitzgerald,Houston,USA,Bluetooth Speaker,Electronics,SoundWave,140,200,Black Friday,24/11/23,27/11/23,Multi-channel,25000,All Customers,1260,7
3172,2023-01-28,C007,P115,5,MC004,Ava Kowalski,Chicago,USA,Gaming Headset,Electronics,SoundWave,50,200,Black Friday,24/11/23,27/11/23,Multi-channel,25000,All Customers,250,1
3173,2023-03-31,C025,P110,10,MC005,Sofia Petrov,Los Angeles,USA,Briefcase,Accessories,ProtectPro,120,900,Holiday Special,10/12/23,24/12/23,Email + Social Media,10000,Silver and Gold Tiers,1200,3
3174,2023-05-10,C020,P102,8,MC002,Michael Andersen,Houston,USA,Bluetooth Headphones,Electronics,SoundWave,30,300,Summer Clearance,15/6/23,30/6/23,Social Media,7500,Gold Tier,240,5
3175,2023-10-01,C034,P119,5,MC001,Matthew Gonzalez,Houston,USA,Adapter,Electronics,CableMax,40,800,Spring Sale,1/3/23,15/3/23,Email,5000,All Customers,200,10
3176,2023-07-15,C042,P118,10,MC003,Owen Takahashi,New York,USA,External Microphone,Electronics,TechGear,60,1400,Back to School,1/8/23,31/8/23,TV,15000,Families,600,7
3177,2023-07-08,C030,P107,9,MC004,Andrew Ivanov,Miami,USA,Standing Desk,Accessories,SoundWave,140,1100,Black Friday,24/11/23,27/11/23,Multi-channel,25000,All Customers,1260,7
3178,2023-12-19,C004,P101,6,MC003,Bob Wilson,Houston,USA,Wireless Mouse,Electronics,TechGear,20,500,Back to School,1/8/23,31/8/23,TV,15000,Families,120,12
3179,2023-01-04,C027,P114,8,MC005,Grace Yamamoto,Chicago,USA,Suitcase,Accessories,ProtectPro,120,1100,Holiday Special,10/12/23,24/12/23,Email + Social Media,10000,Silver and Gold Tiers,960,1
3180,2023-12-23,C045,P120,1,MC002,Nora Zimmerman,Houston,USA,Keyboard Mousepad,Accessories,TechGear,50,400,Summer Clearance,15/6/23,30/6/23,Social Media,7500,Gold Tier,50,12
3181,2023-08-14,C032,P116,7,MC001,Christopher Lee,Los Angeles,USA,Cleanup Kit,Accessories,TechGear,20,1300,Spring Sale,1/3/23,15/3/23,Email,5000,All Customers,140,8
3182,2023-12-21,C048,P107,10,MC001,Dylan Suzuki,New York,USA,Standing Desk,Accessories,SoundWave,140,1100,Spring Sale,1/3/23,15/3/23,Email,5000,All Customers,1400,12
3183,2023-09-30,C013,P117,3,MC003,Amelia Gupta,Houston,USA,Bluetooth Speaker,Electronics,SoundWave,140,200,Back to School,1/8/23,31/8/23,TV,15000,Families,420,9
3184,2023-10-25,C029,P108,3,MC005,Chloe Dubois,Miami,USA,Computer Case,Accessories,ProtectPro,110,500,Holiday Special,10/12/23,24/12/23,Email + Social Media,10000,Silver and Gold Tiers,330,10
3185,2023-05-27,C027,P120,6,MC004,Grace Yamamoto,Chicago,USA,Keyboard Mousepad,Accessories,TechGear,50,400,Black Friday,24/11/23,27/11/23,Multi-channel,25000,All Customers,300,5
3186,2023-07-28,C021,P102,3,MC001,Emily Schwartz,Los Angeles,USA,Bluetooth Headphones,Electronics,SoundWave,30,300,Spring Sale,1/3/23,15/3/23,Email,5000,All Customers,90,7
3187,2023-05-13,C017,P106,3,MC001,Evelyn Kovalenko,Houston,USA,Keyboard,Electronics,TechGear,110,1000,Spring Sale,1/3/23,15/3/23,Email,5000,All Customers,330,5
3188,2023-12-06,C019,P115,3,MC002,Abigail Nakamura,Chicago,USA,Gaming Headset,Electronics,SoundWave,50,200,Summer Clearance,15/6/23,30/6/23,Social Media,7500,Gold Tier,150,12
3189,2023-05-05,C010,P114,5,MC003,William Diaz,New York,USA,Suitcase,Accessories,ProtectPro,120,1100,Back to School,1/8/23,31/8/23,TV,15000,Families,600,5
3190,2023-08-31,C008,P109,10,MC005,Mason Fitzgerald,Houston,USA,Laptop,Electronics,TechGear,20,200,Holiday Special,10/12/23,24/12/23,Email + Social Media,10000,Silver and Gold Tiers,200,8
3191,2023-09-22,C022,P105,10,MC001,Daniel Fernandez,Chicago,USA,Smart Watch,Electronics,TechGear,25,200,Spring Sale,1/3/23,15/3/23,Email,5000,All Customers,250,9
3192,2023-04-05,C031,P110,8,MC001,Zoe Ramirez,Miami,USA,Briefcase,Accessories,ProtectPro,120,900,Spring Sale,1/3/23,15/3/23,Email,5000,All Customers,960,4
3193,2023-02-19,C025,P116,4,MC001,Sofia Petrov,Los Angeles,USA,Cleanup Kit,Accessories,TechGear,20,1300,Spring Sale,1/3/23,15/3/23,Email,5000,All Customers,80,2
3194,2023-06-13,C002,P113,1,MC005,Jane Smith,Los Angeles,USA,Bluetooth Headphones Charger,Electronics,CableMax,150,300,Holiday Special,10/12/23,24/12/23,Email + Social Media,10000,Silver and Gold Tiers,150,6
3195,2023-04-10,C021,P105,10,MC002,Emily Schwartz,Los Angeles,USA,Smart Watch,Electronics,TechGear,25,200,Summer Clearance,15/6/23,30/6/23,Social Media,7500,Gold Tier,250,4
3196,2023-03-14,C049,P120,9,MC002,Mila Popovic,Los Angeles,USA,Keyboard Mousepad,Accessories,TechGear,50,400,Summer Clearance,15/6/23,30/6/23,Social Media,7500,Gold Tier,450,3
3197,2023-06-18,C017,P111,8,MC003,Evelyn Kovalenko,Houston,USA,Backpack,Accessories,ProtectPro,30,1300,Back to School,1/8/23,31/8/23,TV,15000,Families,240,6
3198,2023-09-25,C042,P116,5,MC002,Owen Takahashi,New York,USA,Cleanup Kit,Accessories,TechGear,20,1300,Summer Clearance,15/6/23,30/6/23,Social Media,7500,Gold Tier,100,9
3199,2023-09-22,C007,P116,10,MC002,Ava Kowalski,Chicago,USA,Cleanup Kit,Accessories,TechGear,20,1300,Summer Clearance,15/6/23,30/6/23,Social Media,7500,Gold Tier,200,9
3200,2023-01-11,C028,P120,8,MC004,Joseph Mendoza,New York,USA,Keyboard Mousepad,Accessories,TechGear,50,400,Black Friday,24/11/23,27/11/23,Multi-channel,25000,All Customers,400,1
3201,2023-10-06,C031,P102,9,MC003,Zoe Ramirez,Miami,USA,Bluetooth Headphones,Electronics,SoundWave,30,300,Back to School,1/8/23,31/8/23,TV,15000,Families,270,10
3202,2023-05-14,C044,P111,4,MC001,Gabriel Santos,Los Angeles,USA,Backpack,Accessories,ProtectPro,30,1300,Spring Sale,1/3/23,15/3/23,Email,5000,All Customers,120,5
3203,2023-11-06,C030,P112,10,MC001,Andrew Ivanov,Miami,USA,Desk Chair,Accessories,TechGear,40,500,Spring Sale,1/3/23,15/3/23,Email,5000,All Customers,400,11
3204,2023-06-20,C017,P119,8,MC005,Evelyn Kovalenko,Houston,USA,Adapter,Electronics,CableMax,40,800,Holiday Special,10/12/23,24/12/23,Email + Social Media,10000,Silver and Gold Tiers,320,6
3205,2023-05-27,C046,P113,7,MC002,Isaac Nkosi,Houston,USA,Bluetooth Headphones Charger,Electronics,CableMax,150,300,Summer Clearance,15/6/23,30/6/23,Social Media,7500,Gold Tier,1050,5
3206,2023-12-25,C038,P101,9,MC004,Thomas Sanchez,Houston,USA,Wireless Mouse,Electronics,TechGear,20,500,Black Friday,24/11/23,27/11/23,Multi-channel,25000,All Customers,180,12
3207,2023-04-10,C014,P109,10,MC002,Benjamin Larsson,Los Angeles,USA,Laptop,Electronics,TechGear,20,200,Summer Clearance,15/6/23,30/6/23,Social Media,7500,Gold Tier,200,4
3208,2023-01-13,C048,P114,10,MC002,Dylan Suzuki,New York,USA,Suitcase,Accessories,ProtectPro,120,1100,Summer Clearance,15/6/23,30/6/23,Social Media,7500,Gold Tier,1200,1
3209,2023-06-15,C026,P117,8,MC004,David Okafor,Los Angeles,USA,Bluetooth Speaker,Electronics,SoundWave,140,200,Black Friday,24/11/23,27/11/23,Multi-channel,25000,All Customers,1120,6
3210,2023-02-02,C045,P107,5,MC005,Nora Zimmerman,Houston,USA,Standing Desk,Accessories,SoundWave,140,1100,Holiday Special,10/12/23,24/12/23,Email + Social Media,10000,Silver and Gold Tiers,700,2
3211,2023-03-16,C033,P101,2,MC004,Lily Sørensen,New York,USA,Wireless Mouse,Electronics,TechGear,20,500,Black Friday,24/11/23,27/11/23,Multi-channel,25000,All Customers,40,3
3212,2023-02-26,C034,P104,8,MC002,Matthew Gonzalez,Houston,USA,Phone Case,Accessories,ProtectPro,10,800,Summer Clearance,15/6/23,30/6/23,Social Media,7500,Gold Tier,80,2
3213,2023-11-10,C009,P101,10,MC001,Isabella Tanaka,Chicago,USA,Wireless Mouse,Electronics,TechGear,20,500,Spring Sale,1/3/23,15/3/23,Email,5000,All Customers,200,11
3214,2023-02-07,C028,P118,5,MC004,Joseph Mendoza,New York,USA,External Microphone,Electronics,TechGear,60,1400,Black Friday,24/11/23,27/11/23,Multi-channel,25000,All Customers,300,2
3215,2023-01-18,C020,P113,6,MC004,Michael Andersen,Houston,USA,Bluetooth Headphones Charger,Electronics,CableMax,150,300,Black Friday,24/11/23,27/11/23,Multi-channel,25000,All Customers,900,1
3216,2023-04-17,C022,P101,4,MC004,Daniel Fernandez,Chicago,USA,Wireless Mouse,Electronics,TechGear,20,500,Black Friday,24/11/23,27/11/23,Multi-channel,25000,All Customers,80,4
3217,2023-03-10,C013,P109,9,MC002,Amelia Gupta,Houston,USA,Laptop,Electronics,TechGear,20,200,Summer Clearance,15/6/23,30/6/23,Social Media,7500,Gold Tier,180,3
3218,2023-09-30,C029,P120,6,MC003,Chloe Dubois,Miami,USA,Keyboard Mousepad,Accessories,TechGear,50,400,Back to School,1/8/23,31/8/23,TV,15000,Families,300,9
3219,2023-11-15,C006,P102,4,MC002,Noah Chen,Los Angeles,USA,Bluetooth Headphones,Electronics,SoundWave,30,300,Summer Clearance,15/6/23,30/6/23,Social Media,7500,Gold Tier,120,11
3220,2023-09-11,C015,P107,9,MC005,Harper Singh,Houston,USA,Standing Desk,Accessories,SoundWave,140,1100,Holiday Special,10/12/23,24/12/23,Email + Social Media,10000,Silver and Gold Tiers,1260,9
3221,2023-08-14,C032,P105,10,MC001,Christopher Lee,Los Angeles,USA,Smart Watch,Electronics,TechGear,25,200,Spring Sale,1/3/23,15/3/23,Email,5000,All Customers,250,8
3222,2023-04-29,C016,P106,10,MC005,Lucas Morales,Los Angeles,USA,Keyboard,Electronics,TechGear,110,1000,Holiday Special,10/12/23,24/12/23,Email + Social Media,10000,Silver and Gold Tiers,1100,4
3223,2023-08-17,C035,P109,9,MC004,Scarlett Watanabe,Los Angeles,USA,Laptop,Electronics,TechGear,20,200,Black Friday,24/11/23,27/11/23,Multi-channel,25000,All Customers,180,8
3224,2023-04-21,C005,P108,3,MC002,Emma Brown,Miami,USA,Computer Case,Accessories,ProtectPro,110,500,Summer Clearance,15/6/23,30/6/23,Social Media,7500,Gold Tier,330,4
3225,2023-09-09,C013,P120,2,MC001,Amelia Gupta,Houston,USA,Keyboard Mousepad,Accessories,TechGear,50,400,Spring Sale,1/3/23,15/3/23,Email,5000,All Customers,100,9
3226,2023-03-12,C037,P116,8,MC001,Victoria Kozlov,Chicago,USA,Cleanup Kit,Accessories,TechGear,20,1300,Spring Sale,1/3/23,15/3/23,Email,5000,All Customers,160,3
3227,2023-11-14,C016,P110,7,MC005,Lucas Morales,Los Angeles,USA,Briefcase,Accessories,ProtectPro,120,900,Holiday Special,10/12/23,24/12/23,Email + Social Media,10000,Silver and Gold Tiers,840,11
3228,2023-01-11,C036,P110,2,MC003,Ryan Müller,Los Angeles,USA,Briefcase,Accessories,ProtectPro,120,900,Back to School,1/8/23,31/8/23,TV,15000,Families,240,1
3229,2023-12-17,C007,P105,10,MC002,Ava Kowalski,Chicago,USA,Smart Watch,Electronics,TechGear,25,200,Summer Clearance,15/6/23,30/6/23,Social Media,7500,Gold Tier,250,12
3230,2023-12-14,C038,P117,4,MC001,Thomas Sanchez,Houston,USA,Bluetooth Speaker,Electronics,SoundWave,140,200,Spring Sale,1/3/23,15/3/23,Email,5000,All Customers,560,12
3231,2023-11-25,C028,P120,4,MC003,Joseph Mendoza,New York,USA,Keyboard Mousepad,Accessories,TechGear,50,400,Back to School,1/8/23,31/8/23,TV,15000,Families,200,11
3232,2023-05-18,C033,P116,5,MC001,Lily Sørensen,New York,USA,Cleanup Kit,Accessories,TechGear,20,1300,Spring Sale,1/3/23,15/3/23,Email,5000,All Customers,100,5
3233,2023-06-17,C031,P105,2,MC001,Zoe Ramirez,Miami,USA,Smart Watch,Electronics,TechGear,25,200,Spring Sale,1/3/23,15/3/23,Email,5000,All Customers,50,6
3234,2023-01-17,C006,P109,1,MC002,Noah Chen,Los Angeles,USA,Laptop,Electronics,TechGear,20,200,Summer Clearance,15/6/23,30/6/23,Social Media,7500,Gold Tier,20,1
3235,2023-09-07,C049,P113,1,MC001,Mila Popovic,Los Angeles,USA,Bluetooth Headphones Charger,Electronics,CableMax,150,300,Spring Sale,1/3/23,15/3/23,Email,5000,All Customers,150,9
3236,2023-02-16,C008,P117,2,MC005,Mason Fitzgerald,Houston,USA,Bluetooth Speaker,Electronics,SoundWave,140,200,Holiday Special,10/12/23,24/12/23,Email + Social Media,10000,Silver and Gold Tiers,280,2
3237,2023-06-09,C004,P114,10,MC003,Bob Wilson,Houston,USA,Suitcase,Accessories,ProtectPro,120,1100,Back to School,1/8/23,31/8/23,TV,15000,Families,1200,6
3238,2023-09-10,C035,P105,2,MC004,Scarlett Watanabe,Los Angeles,USA,Smart Watch,Electronics,TechGear,25,200,Black Friday,24/11/23,27/11/23,Multi-channel,25000,All Customers,50,9
3239,2023-10-05,C028,P109,8,MC002,Joseph Mendoza,New York,USA,Laptop,Electronics,TechGear,20,200,Summer Clearance,15/6/23,30/6/23,Social Media,7500,Gold Tier,160,10
3240,2023-10-09,C037,P116,2,MC003,Victoria Kozlov,Chicago,USA,Cleanup Kit,Accessories,TechGear,20,1300,Back to School,1/8/23,31/8/23,TV,15000,Families,40,10
3241,2023-12-10,C019,P115,6,MC001,Abigail Nakamura,Chicago,USA,Gaming Headset,Electronics,SoundWave,50,200,Spring Sale,1/3/23,15/3/23,Email,5000,All Customers,300,12
3242,2023-05-29,C003,P103,8,MC003,Alice Johnson,Chicago,USA,USB-C Cable,Accessories,CableMax,15,1000,Back to School,1/8/23,31/8/23,TV,15000,Families,120,5
3243,2023-06-29,C034,P106,6,MC002,Matthew Gonzalez,Houston,USA,Keyboard,Electronics,TechGear,110,1000,Summer Clearance,15/6/23,30/6/23,Social Media,7500,Gold Tier,660,6
3244,2023-06-07,C028,P103,6,MC003,Joseph Mendoza,New York,USA,USB-C Cable,Accessories,CableMax,15,1000,Back to School,1/8/23,31/8/23,TV,15000,Families,90,6
3245,2023-06-01,C050,P104,7,MC003,Caleb Reyes,Houston,USA,Phone Case,Accessories,ProtectPro,10,800,Back to School,1/8/23,31/8/23,TV,15000,Families,70,6
3246,2023-11-24,C039,P110,9,MC004,Penelope Cheng,Los Angeles,USA,Briefcase,Accessories,ProtectPro,120,900,Black Friday,24/11/23,27/11/23,Multi-channel,25000,All Customers,1080,11
3247,2023-10-07,C014,P117,10,MC001,Benjamin Larsson,Los Angeles,USA,Bluetooth Speaker,Electronics,SoundWave,140,200,Spring Sale,1/3/23,15/3/23,Email,5000,All Customers,1400,10
3248,2023-05-05,C006,P103,4,MC005,Noah Chen,Los Angeles,USA,USB-C Cable,Accessories,CableMax,15,1000,Holiday Special,10/12/23,24/12/23,Email + Social Media,10000,Silver and Gold Tiers,60,5
3249,2023-12-29,C032,P120,6,MC005,Christopher Lee,Los Angeles,USA,Keyboard Mousepad,Accessories,TechGear,50,400,Holiday Special,10/12/23,24/12/23,Email + Social Media,10000,Silver and Gold Tiers,300,12
3250,2023-10-25,C043,P110,8,MC003,Hannah Eriksson,New York,USA,Briefcase,Accessories,ProtectPro,120,900,Back to School,1/8/23,31/8/23,TV,15000,Families,960,10
3251,2023-01-25,C010,P114,1,MC005,William Diaz,New York,USA,Suitcase,Accessories,ProtectPro,120,1100,Holiday Special,10/12/23,24/12/23,Email + Social Media,10000,Silver and Gold Tiers,120,1
3252,2023-08-19,C017,P118,9,MC001,Evelyn Kovalenko,Houston,USA,External Microphone,Electronics,TechGear,60,1400,Spring Sale,1/3/23,15/3/23,Email,5000,All Customers,540,8
3253,2023-04-17,C003,P110,7,MC003,Alice Johnson,Chicago,USA,Briefcase,Accessories,ProtectPro,120,900,Back to School,1/8/23,31/8/23,TV,15000,Families,840,4
3254,2023-10-07,C004,P103,8,MC004,Bob Wilson,Houston,USA,USB-C Cable,Accessories,CableMax,15,1000,Black Friday,24/11/23,27/11/23,Multi-channel,25000,All Customers,120,10
3255,2023-08-01,C026,P111,8,MC001,David Okafor,Los Angeles,USA,Backpack,Accessories,ProtectPro,30,1300,Spring Sale,1/3/23,15/3/23,Email,5000,All Customers,240,8
3256,2023-07-13,C041,P106,3,MC003,Audrey Kuznetsov,Miami,USA,Keyboard,Electronics,TechGear,110,1000,Back to School,1/8/23,31/8/23,TV,15000,Families,330,7
3257,2023-01-21,C002,P105,4,MC001,Jane Smith,Los Angeles,USA,Smart Watch,Electronics,TechGear,25,200,Spring Sale,1/3/23,15/3/23,Email,5000,All Customers,100,1
3258,2023-09-17,C006,P120,10,MC005,Noah Chen,Los Angeles,USA,Keyboard Mousepad,Accessories,TechGear,50,400,Holiday Special,10/12/23,24/12/23,Email + Social Media,10000,Silver and Gold Tiers,500,9
3259,2023-08-01,C041,P109,3,MC005,Audrey Kuznetsov,Miami,USA,Laptop,Electronics,TechGear,20,200,Holiday Special,10/12/23,24/12/23,Email + Social Media,10000,Silver and Gold Tiers,60,8
3260,2023-02-17,C030,P107,9,MC001,Andrew Ivanov,Miami,USA,Standing Desk,Accessories,SoundWave,140,1100,Spring Sale,1/3/23,15/3/23,Email,5000,All Customers,1260,2
3261,2023-12-27,C023,P114,5,MC001,Elizabeth Novak,Miami,USA,Suitcase,Accessories,ProtectPro,120,1100,Spring Sale,1/3/23,15/3/23,Email,5000,All Customers,600,12
3262,2023-07-08,C009,P116,5,MC005,Isabella Tanaka,Chicago,USA,Cleanup Kit,Accessories,TechGear,20,1300,Holiday Special,10/12/23,24/12/23,Email + Social Media,10000,Silver and Gold Tiers,100,7
3263,2023-01-25,C011,P103,9,MC002,Charlotte Hoffman,New York,USA,USB-C Cable,Accessories,CableMax,15,1000,Summer Clearance,15/6/23,30/6/23,Social Media,7500,Gold Tier,135,1
3264,2023-04-29,C038,P101,4,MC002,Thomas Sanchez,Houston,USA,Wireless Mouse,Electronics,TechGear,20,500,Summer Clearance,15/6/23,30/6/23,Social Media,7500,Gold Tier,80,4
3265,2023-03-19,C036,P105,10,MC001,Ryan Müller,Los Angeles,USA,Smart Watch,Electronics,TechGear,25,200,Spring Sale,1/3/23,15/3/23,Email,5000,All Customers,250,3
3266,2023-04-20,C046,P101,1,MC001,Isaac Nkosi,Houston,USA,Wireless Mouse,Electronics,TechGear,20,500,Spring Sale,1/3/23,15/3/23,Email,5000,All Customers,20,4
3267,2023-01-14,C029,P103,6,MC003,Chloe Dubois,Miami,USA,USB-C Cable,Accessories,CableMax,15,1000,Back to School,1/8/23,31/8/23,TV,15000,Families,90,1
3268,2023-06-19,C014,P117,1,MC005,Benjamin Larsson,Los Angeles,USA,Bluetooth Speaker,Electronics,SoundWave,140,200,Holiday Special,10/12/23,24/12/23,Email + Social Media,10000,Silver and Gold Tiers,140,6
3269,2023-01-17,C009,P110,1,MC002,Isabella Tanaka,Chicago,USA,Briefcase,Accessories,ProtectPro,120,900,Summer Clearance,15/6/23,30/6/23,Social Media,7500,Gold Tier,120,1
3270,2023-08-04,C006,P106,7,MC003,Noah Chen,Los Angeles,USA,Keyboard,Electronics,TechGear,110,1000,Back to School,1/8/23,31/8/23,TV,15000,Families,770,8
3271,2023-08-16,C009,P105,7,MC005,Isabella Tanaka,Chicago,USA,Smart Watch,Electronics,TechGear,25,200,Holiday Special,10/12/23,24/12/23,Email + Social Media,10000,Silver and Gold Tiers,175,8
3272,2023-01-04,C034,P101,6,MC003,Matthew Gonzalez,Houston,USA,Wireless Mouse,Electronics,TechGear,20,500,Back to School,1/8/23,31/8/23,TV,15000,Families,120,1
3273,2023-09-29,C044,P112,3,MC005,Gabriel Santos,Los Angeles,USA,Desk Chair,Accessories,TechGear,40,500,Holiday Special,10/12/23,24/12/23,Email + Social Media,10000,Silver and Gold Tiers,120,9
3274,2023-06-27,C023,P112,10,MC001,Elizabeth Novak,Miami,USA,Desk Chair,Accessories,TechGear,40,500,Spring Sale,1/3/23,15/3/23,Email,5000,All Customers,400,6
3275,2023-12-11,C032,P120,6,MC002,Christopher Lee,Los Angeles,USA,Keyboard Mousepad,Accessories,TechGear,50,400,Summer Clearance,15/6/23,30/6/23,Social Media,7500,Gold Tier,300,12
3276,2023-09-05,C002,P106,6,MC005,Jane Smith,Los Angeles,USA,Keyboard,Electronics,TechGear,110,1000,Holiday Special,10/12/23,24/12/23,Email + Social Media,10000,Silver and Gold Tiers,660,9
3277,2023-05-04,C034,P109,10,MC002,Matthew Gonzalez,Houston,USA,Laptop,Electronics,TechGear,20,200,Summer Clearance,15/6/23,30/6/23,Social Media,7500,Gold Tier,200,5
3278,2023-05-09,C004,P103,7,MC005,Bob Wilson,Houston,USA,USB-C Cable,Accessories,CableMax,15,1000,Holiday Special,10/12/23,24/12/23,Email + Social Media,10000,Silver and Gold Tiers,105,5
3279,2023-04-17,C009,P112,5,MC001,Isabella Tanaka,Chicago,USA,Desk Chair,Accessories,TechGear,40,500,Spring Sale,1/3/23,15/3/23,Email,5000,All Customers,200,4
3280,2023-06-05,C020,P112,8,MC001,Michael Andersen,Houston,USA,Desk Chair,Accessories,TechGear,40,500,Spring Sale,1/3/23,15/3/23,Email,5000,All Customers,320,6
3281,2023-03-22,C011,P118,7,MC005,Charlotte Hoffman,New York,USA,External Microphone,Electronics,TechGear,60,1400,Holiday Special,10/12/23,24/12/23,Email + Social Media,10000,Silver and Gold Tiers,420,3
3282,2023-02-01,C024,P108,1,MC001,Samuel Kim,Chicago,USA,Computer Case,Accessories,ProtectPro,110,500,Spring Sale,1/3/23,15/3/23,Email,5000,All Customers,110,2
3283,2023-03-02,C004,P106,4,MC002,Bob Wilson,Houston,USA,Keyboard,Electronics,TechGear,110,1000,Summer Clearance,15/6/23,30/6/23,Social Media,7500,Gold Tier,440,3
3284,2023-03-24,C028,P103,7,MC004,Joseph Mendoza,New York,USA,USB-C Cable,Accessories,CableMax,15,1000,Black Friday,24/11/23,27/11/23,Multi-channel,25000,All Customers,105,3
3285,2023-12-05,C011,P103,8,MC003,Charlotte Hoffman,New York,USA,USB-C Cable,Accessories,CableMax,15,1000,Back to School,1/8/23,31/8/23,TV,15000,Families,120,12
3286,2023-08-21,C003,P112,5,MC005,Alice Johnson,Chicago,USA,Desk Chair,Accessories,TechGear,40,500,Holiday Special,10/12/23,24/12/23,Email + Social Media,10000,Silver and Gold Tiers,200,8
3287,2023-11-09,C018,P120,1,MC002,Alexander Rossi,New York,USA,Keyboard Mousepad,Accessories,TechGear,50,400,Summer Clearance,15/6/23,30/6/23,Social Media,7500,Gold Tier,50,11
3288,2023-01-01,C045,P114,10,MC001,Nora Zimmerman,Houston,USA,Suitcase,Accessories,ProtectPro,120,1100,Spring Sale,1/3/23,15/3/23,Email,5000,All Customers,1200,1
3289,2023-11-08,C006,P114,2,MC005,Noah Chen,Los Angeles,USA,Suitcase,Accessories,ProtectPro,120,1100,Holiday Special,10/12/23,24/12/23,Email + Social Media,10000,Silver and Gold Tiers,240,11
3290,2023-09-13,C009,P115,8,MC004,Isabella Tanaka,Chicago,USA,Gaming Headset,Electronics,SoundWave,50,200,Black Friday,24/11/23,27/11/23,Multi-channel,25000,All Customers,400,9
3291,2023-02-18,C010,P120,10,MC001,William Diaz,New York,USA,Keyboard Mousepad,Accessories,TechGear,50,400,Spring Sale,1/3/23,15/3/23,Email,5000,All Customers,500,2
3292,2023-10-12,C019,P106,10,MC002,Abigail Nakamura,Chicago,USA,Keyboard,Electronics,TechGear,110,1000,Summer Clearance,15/6/23,30/6/23,Social Media,7500,Gold Tier,1100,10
3293,2023-10-27,C025,P115,6,MC001,Sofia Petrov,Los Angeles,USA,Gaming Headset,Electronics,SoundWave,50,200,Spring Sale,1/3/23,15/3/23,Email,5000,All Customers,300,10
3294,2023-11-07,C020,P114,9,MC001,Michael Andersen,Houston,USA,Suitcase,Accessories,ProtectPro,120,1100,Spring Sale,1/3/23,15/3/23,Email,5000,All Customers,1080,11
3295,2023-02-20,C044,P118,9,MC003,Gabriel Santos,Los Angeles,USA,External Microphone,Electronics,TechGear,60,1400,Back to School,1/8/23,31/8/23,TV,15000,Families,540,2
3296,2023-07-17,C044,P103,8,MC002,Gabriel Santos,Los Angeles,USA,USB-C Cable,Accessories,CableMax,15,1000,Summer Clearance,15/6/23,30/6/23,Social Media,7500,Gold Tier,120,7
3297,2023-10-30,C006,P101,7,MC001,Noah Chen,Los Angeles,USA,Wireless Mouse,Electronics,TechGear,20,500,Spring Sale,1/3/23,15/3/23,Email,5000,All Customers,140,10
3298,2023-08-01,C006,P112,4,MC005,Noah Chen,Los Angeles,USA,Desk Chair,Accessories,TechGear,40,500,Holiday Special,10/12/23,24/12/23,Email + Social Media,10000,Silver and Gold Tiers,160,8
3299,2023-12-15,C006,P104,2,MC001,Noah Chen,Los Angeles,USA,Phone Case,Accessories,ProtectPro,10,800,Spring Sale,1/3/23,15/3/23,Email,5000,All Customers,20,12
3300,2023-11-10,C027,P113,6,MC001,Grace Yamamoto,Chicago,USA,Bluetooth Headphones Charger,Electronics,CableMax,150,300,Spring Sale,1/3/23,15/3/23,Email,5000,All Customers,900,11
3301,2023-02-07,C025,P120,6,MC004,Sofia Petrov,Los Angeles,USA,Keyboard Mousepad,Accessories,TechGear,50,400,Black Friday,24/11/23,27/11/23,Multi-channel,25000,All Customers,300,2
3302,2023-03-09,C023,P111,4,MC001,Elizabeth Novak,Miami,USA,Backpack,Accessories,ProtectPro,30,1300,Spring Sale,1/3/23,15/3/23,Email,5000,All Customers,120,3
3303,2023-09-20,C040,P117,10,MC004,Jack O'Brien,Miami,USA,Bluetooth Speaker,Electronics,SoundWave,140,200,Black Friday,24/11/23,27/11/23,Multi-channel,25000,All Customers,1400,9
3304,2023-05-31,C018,P120,3,MC004,Alexander Rossi,New York,USA,Keyboard Mousepad,Accessories,TechGear,50,400,Black Friday,24/11/23,27/11/23,Multi-channel,25000,All Customers,150,5
3305,2023-11-15,C029,P119,1,MC004,Chloe Dubois,Miami,USA,Adapter,Electronics,CableMax,40,800,Black Friday,24/11/23,27/11/23,Multi-channel,25000,All Customers,40,11
3306,2023-05-19,C013,P113,5,MC005,Amelia Gupta,Houston,USA,Bluetooth Headphones Charger,Electronics,CableMax,150,300,Holiday Special,10/12/23,24/12/23,Email + Social Media,10000,Silver and Gold Tiers,750,5
3307,2023-03-04,C027,P107,1,MC003,Grace Yamamoto,Chicago,USA,Standing Desk,Accessories,SoundWave,140,1100,Back to School,1/8/23,31/8/23,TV,15000,Families,140,3
3308,2023-05-31,C044,P120,6,MC004,Gabriel Santos,Los Angeles,USA,Keyboard Mousepad,Accessories,TechGear,50,400,Black Friday,24/11/23,27/11/23,Multi-channel,25000,All Customers,300,5
3309,2023-03-01,C050,P116,2,MC002,Caleb Reyes,Houston,USA,Cleanup Kit,Accessories,TechGear,20,1300,Summer Clearance,15/6/23,30/6/23,Social Media,7500,Gold Tier,40,3
3310,2023-10-31,C039,P117,5,MC003,Penelope Cheng,Los Angeles,USA,Bluetooth Speaker,Electronics,SoundWave,140,200,Back to School,1/8/23,31/8/23,TV,15000,Families,700,10
3311,2023-04-02,C015,P113,6,MC003,Harper Singh,Houston,USA,Bluetooth Headphones Charger,Electronics,CableMax,150,300,Back to School,1/8/23,31/8/23,TV,15000,Families,900,4
3312,2023-02-03,C048,P104,8,MC005,Dylan Suzuki,New York,USA,Phone Case,Accessories,ProtectPro,10,800,Holiday Special,10/12/23,24/12/23,Email + Social Media,10000,Silver and Gold Tiers,80,2
3313,2023-07-09,C032,P117,8,MC002,Christopher Lee,Los Angeles,USA,Bluetooth Speaker,Electronics,SoundWave,140,200,Summer Clearance,15/6/23,30/6/23,Social Media,7500,Gold Tier,1120,7
3314,2023-04-12,C049,P108,4,MC002,Mila Popovic,Los Angeles,USA,Computer Case,Accessories,ProtectPro,110,500,Summer Clearance,15/6/23,30/6/23,Social Media,7500,Gold Tier,440,4
3315,2023-06-26,C006,P102,6,MC002,Noah Chen,Los Angeles,USA,Bluetooth Headphones,Electronics,SoundWave,30,300,Summer Clearance,15/6/23,30/6/23,Social Media,7500,Gold Tier,180,6
3316,2023-07-05,C019,P112,2,MC002,Abigail Nakamura,Chicago,USA,Desk Chair,Accessories,TechGear,40,500,Summer Clearance,15/6/23,30/6/23,Social Media,7500,Gold Tier,80,7
3317,2023-07-17,C006,P105,3,MC005,Noah Chen,Los Angeles,USA,Smart Watch,Electronics,TechGear,25,200,Holiday Special,10/12/23,24/12/23,Email + Social Media,10000,Silver and Gold Tiers,75,7
3318,2023-08-27,C044,P109,4,MC002,Gabriel Santos,Los Angeles,USA,Laptop,Electronics,TechGear,20,200,Summer Clearance,15/6/23,30/6/23,Social Media,7500,Gold Tier,80,8
3319,2023-07-29,C008,P119,8,MC002,Mason Fitzgerald,Houston,USA,Adapter,Electronics,CableMax,40,800,Summer Clearance,15/6/23,30/6/23,Social Media,7500,Gold Tier,320,7
3320,2023-10-21,C030,P111,10,MC002,Andrew Ivanov,Miami,USA,Backpack,Accessories,ProtectPro,30,1300,Summer Clearance,15/6/23,30/6/23,Social Media,7500,Gold Tier,300,10
3321,2023-04-15,C020,P104,10,MC002,Michael Andersen,Houston,USA,Phone Case,Accessories,ProtectPro,10,800,Summer Clearance,15/6/23,30/6/23,Social Media,7500,Gold Tier,100,4
3322,2023-02-05,C030,P105,9,MC005,Andrew Ivanov,Miami,USA,Smart Watch,Electronics,TechGear,25,200,Holiday Special,10/12/23,24/12/23,Email + Social Media,10000,Silver and Gold Tiers,225,2
3323,2023-09-23,C039,P118,9,MC004,Penelope Cheng,Los Angeles,USA,External Microphone,Electronics,TechGear,60,1400,Black Friday,24/11/23,27/11/23,Multi-channel,25000,All Customers,540,9
3324,2023-04-12,C028,P110,10,MC005,Joseph Mendoza,New York,USA,Briefcase,Accessories,ProtectPro,120,900,Holiday Special,10/12/23,24/12/23,Email + Social Media,10000,Silver and Gold Tiers,1200,4
3325,2023-12-27,C016,P110,9,MC004,Lucas Morales,Los Angeles,USA,Briefcase,Accessories,ProtectPro,120,900,Black Friday,24/11/23,27/11/23,Multi-channel,25000,All Customers,1080,12
3326,2023-11-04,C013,P105,9,MC002,Amelia Gupta,Houston,USA,Smart Watch,Electronics,TechGear,25,200,Summer Clearance,15/6/23,30/6/23,Social Media,7500,Gold Tier,225,11
3327,2023-03-27,C040,P112,10,MC005,Jack O'Brien,Miami,USA,Desk Chair,Accessories,TechGear,40,500,Holiday Special,10/12/23,24/12/23,Email + Social Media,10000,Silver and Gold Tiers,400,3
3328,2023-05-07,C023,P110,9,MC003,Elizabeth Novak,Miami,USA,Briefcase,Accessories,ProtectPro,120,900,Back to School,1/8/23,31/8/23,TV,15000,Families,1080,5
3329,2023-06-24,C030,P113,10,MC003,Andrew Ivanov,Miami,USA,Bluetooth Headphones Charger,Electronics,CableMax,150,300,Back to School,1/8/23,31/8/23,TV,15000,Families,1500,6
3330,2023-05-03,C040,P116,5,MC002,Jack O'Brien,Miami,USA,Cleanup Kit,Accessories,TechGear,20,1300,Summer Clearance,15/6/23,30/6/23,Social Media,7500,Gold Tier,100,5
3331,2023-01-23,C008,P106,2,MC004,Mason Fitzgerald,Houston,USA,Keyboard,Electronics,TechGear,110,1000,Black Friday,24/11/23,27/11/23,Multi-channel,25000,All Customers,220,1
3332,2023-05-15,C028,P109,9,MC001,Joseph Mendoza,New York,USA,Laptop,Electronics,TechGear,20,200,Spring Sale,1/3/23,15/3/23,Email,5000,All Customers,180,5
3333,2023-08-09,C007,P106,10,MC004,Ava Kowalski,Chicago,USA,Keyboard,Electronics,TechGear,110,1000,Black Friday,24/11/23,27/11/23,Multi-channel,25000,All Customers,1100,8
3334,2023-07-06,C046,P112,2,MC004,Isaac Nkosi,Houston,USA,Desk Chair,Accessories,TechGear,40,500,Black Friday,24/11/23,27/11/23,Multi-channel,25000,All Customers,80,7
3335,2023-04-20,C030,P119,6,MC004,Andrew Ivanov,Miami,USA,Adapter,Electronics,CableMax,40,800,Black Friday,24/11/23,27/11/23,Multi-channel,25000,All Customers,240,4
3336,2023-08-08,C050,P109,6,MC004,Caleb Reyes,Houston,USA,Laptop,Electronics,TechGear,20,200,Black Friday,24/11/23,27/11/23,Multi-channel,25000,All Customers,120,8
3337,2023-04-10,C031,P104,5,MC001,Zoe Ramirez,Miami,USA,Phone Case,Accessories,ProtectPro,10,800,Spring Sale,1/3/23,15/3/23,Email,5000,All Customers,50,4
3338,2023-01-24,C010,P117,3,MC001,William Diaz,New York,USA,Bluetooth Speaker,Electronics,SoundWave,140,200,Spring Sale,1/3/23,15/3/23,Email,5000,All Customers,420,1
3339,2023-04-15,C044,P102,4,MC001,Gabriel Santos,Los Angeles,USA,Bluetooth Headphones,Electronics,SoundWave,30,300,Spring Sale,1/3/23,15/3/23,Email,5000,All Customers,120,4
3340,2023-12-11,C001,P101,2,MC005,John Doe,New York,USA,Wireless Mouse,Electronics,TechGear,20,500,Holiday Special,10/12/23,24/12/23,Email + Social Media,10000,Silver and Gold Tiers,40,12
3341,2023-02-19,C031,P105,7,MC001,Zoe Ramirez,Miami,USA,Smart Watch,Electronics,TechGear,25,200,Spring Sale,1/3/23,15/3/23,Email,5000,All Customers,175,2
3342,2023-02-18,C042,P103,7,MC003,Owen Takahashi,New York,USA,USB-C Cable,Accessories,CableMax,15,1000,Back to School,1/8/23,31/8/23,TV,15000,Families,105,2
3343,2023-06-23,C018,P104,6,MC003,Alexander Rossi,New York,USA,Phone Case,Accessories,ProtectPro,10,800,Back to School,1/8/23,31/8/23,TV,15000,Families,60,6
3344,2023-05-21,C025,P102,5,MC003,Sofia Petrov,Los Angeles,USA,Bluetooth Headphones,Electronics,SoundWave,30,300,Back to School,1/8/23,31/8/23,TV,15000,Families,150,5
3345,2023-08-25,C024,P106,1,MC003,Samuel Kim,Chicago,USA,Keyboard,Electronics,TechGear,110,1000,Back to School,1/8/23,31/8/23,TV,15000,Families,110,8
3346,2023-12-27,C043,P115,3,MC002,Hannah Eriksson,New York,USA,Gaming Headset,Electronics,SoundWave,50,200,Summer Clearance,15/6/23,30/6/23,Social Media,7500,Gold Tier,150,12
3347,2023-07-17,C007,P113,4,MC003,Ava Kowalski,Chicago,USA,Bluetooth Headphones Charger,Electronics,CableMax,150,300,Back to School,1/8/23,31/8/23,TV,15000,Families,600,7
3348,2023-01-14,C012,P115,8,MC003,James Choi,Chicago,USA,Gaming Headset,Electronics,SoundWave,50,200,Back to School,1/8/23,31/8/23,TV,15000,Families,400,1
3349,2023-07-10,C029,P103,9,MC001,Chloe Dubois,Miami,USA,USB-C Cable,Accessories,CableMax,15,1000,Spring Sale,1/3/23,15/3/23,Email,5000,All Customers,135,7
3350,2023-11-25,C012,P116,1,MC005,James Choi,Chicago,USA,Cleanup Kit,Accessories,TechGear,20,1300,Holiday Special,10/12/23,24/12/23,Email + Social Media,10000,Silver and Gold Tiers,20,11
3351,2023-10-09,C036,P115,2,MC004,Ryan Müller,Los Angeles,USA,Gaming Headset,Electronics,SoundWave,50,200,Black Friday,24/11/23,27/11/23,Multi-channel,25000,All Customers,100,10
3352,2023-09-27,C014,P108,5,MC003,Benjamin Larsson,Los Angeles,USA,Computer Case,Accessories,ProtectPro,110,500,Back to School,1/8/23,31/8/23,TV,15000,Families,550,9
3353,2023-06-11,C047,P119,2,MC005,Leah Fontaine,Miami,USA,Adapter,Electronics,CableMax,40,800,Holiday Special,10/12/23,24/12/23,Email + Social Media,10000,Silver and Gold Tiers,80,6
3354,2023-02-05,C027,P115,5,MC003,Grace Yamamoto,Chicago,USA,Gaming Headset,Electronics,SoundWave,50,200,Back to School,1/8/23,31/8/23,TV,15000,Families,250,2
3355,2023-12-03,C023,P103,10,MC001,Elizabeth Novak,Miami,USA,USB-C Cable,Accessories,CableMax,15,1000,Spring Sale,1/3/23,15/3/23,Email,5000,All Customers,150,12
3356,2023-12-18,C038,P104,3,MC005,Thomas Sanchez,Houston,USA,Phone Case,Accessories,ProtectPro,10,800,Holiday Special,10/12/23,24/12/23,Email + Social Media,10000,Silver and Gold Tiers,30,12
3357,2023-07-06,C043,P117,6,MC001,Hannah Eriksson,New York,USA,Bluetooth Speaker,Electronics,SoundWave,140,200,Spring Sale,1/3/23,15/3/23,Email,5000,All Customers,840,7
3358,2023-06-01,C030,P101,6,MC005,Andrew Ivanov,Miami,USA,Wireless Mouse,Electronics,TechGear,20,500,Holiday Special,10/12/23,24/12/23,Email + Social Media,10000,Silver and Gold Tiers,120,6
3359,2023-04-16,C004,P109,9,MC002,Bob Wilson,Houston,USA,Laptop,Electronics,TechGear,20,200,Summer Clearance,15/6/23,30/6/23,Social Media,7500,Gold Tier,180,4
3360,2023-07-05,C013,P106,2,MC003,Amelia Gupta,Houston,USA,Keyboard,Electronics,TechGear,110,1000,Back to School,1/8/23,31/8/23,TV,15000,Families,220,7
3361,2023-10-22,C044,P119,8,MC001,Gabriel Santos,Los Angeles,USA,Adapter,Electronics,CableMax,40,800,Spring Sale,1/3/23,15/3/23,Email,5000,All Customers,320,10
3362,2023-09-17,C046,P107,10,MC001,Isaac Nkosi,Houston,USA,Standing Desk,Accessories,SoundWave,140,1100,Spring Sale,1/3/23,15/3/23,Email,5000,All Customers,1400,9
3363,2023-12-14,C007,P112,1,MC002,Ava Kowalski,Chicago,USA,Desk Chair,Accessories,TechGear,40,500,Summer Clearance,15/6/23,30/6/23,Social Media,7500,Gold Tier,40,12
3364,2023-03-14,C044,P115,1,MC005,Gabriel Santos,Los Angeles,USA,Gaming Headset,Electronics,SoundWave,50,200,Holiday Special,10/12/23,24/12/23,Email + Social Media,10000,Silver and Gold Tiers,50,3
3365,2023-01-16,C013,P108,1,MC004,Amelia Gupta,Houston,USA,Computer Case,Accessories,ProtectPro,110,500,Black Friday,24/11/23,27/11/23,Multi-channel,25000,All Customers,110,1
3366,2023-08-25,C006,P104,4,MC002,Noah Chen,Los Angeles,USA,Phone Case,Accessories,ProtectPro,10,800,Summer Clearance,15/6/23,30/6/23,Social Media,7500,Gold Tier,40,8
3367,2023-08-16,C008,P107,3,MC005,Mason Fitzgerald,Houston,USA,Standing Desk,Accessories,SoundWave,140,1100,Holiday Special,10/12/23,24/12/23,Email + Social Media,10000,Silver and Gold Tiers,420,8
3368,2023-08-24,C012,P102,10,MC002,James Choi,Chicago,USA,Bluetooth Headphones,Electronics,SoundWave,30,300,Summer Clearance,15/6/23,30/6/23,Social Media,7500,Gold Tier,300,8
3369,2023-07-17,C013,P113,10,MC002,Amelia Gupta,Houston,USA,Bluetooth Headphones Charger,Electronics,CableMax,150,300,Summer Clearance,15/6/23,30/6/23,Social Media,7500,Gold Tier,1500,7
3370,2023-02-12,C045,P110,1,MC005,Nora Zimmerman,Houston,USA,Briefcase,Accessories,ProtectPro,120,900,Holiday Special,10/12/23,24/12/23,Email + Social Media,10000,Silver and Gold Tiers,120,2
3371,2023-02-23,C008,P106,8,MC004,Mason Fitzgerald,Houston,USA,Keyboard,Electronics,TechGear,110,1000,Black Friday,24/11/23,27/11/23,Multi-channel,25000,All Customers,880,2
3372,2023-10-02,C046,P111,2,MC003,Isaac Nkosi,Houston,USA,Backpack,Accessories,ProtectPro,30,1300,Back to School,1/8/23,31/8/23,TV,15000,Families,60,10
3373,2023-02-04,C002,P112,1,MC004,Jane Smith,Los Angeles,USA,Desk Chair,Accessories,TechGear,40,500,Black Friday,24/11/23,27/11/23,Multi-channel,25000,All Customers,40,2
3374,2023-02-24,C021,P109,10,MC005,Emily Schwartz,Los Angeles,USA,Laptop,Electronics,TechGear,20,200,Holiday Special,10/12/23,24/12/23,Email + Social Media,10000,Silver and Gold Tiers,200,2
3375,2023-02-15,C017,P101,2,MC004,Evelyn Kovalenko,Houston,USA,Wireless Mouse,Electronics,TechGear,20,500,Black Friday,24/11/23,27/11/23,Multi-channel,25000,All Customers,40,2
3376,2023-01-12,C022,P120,7,MC001,Daniel Fernandez,Chicago,USA,Keyboard Mousepad,Accessories,TechGear,50,400,Spring Sale,1/3/23,15/3/23,Email,5000,All Customers,350,1
3377,2023-03-25,C018,P119,7,MC003,Alexander Rossi,New York,USA,Adapter,Electronics,CableMax,40,800,Back to School,1/8/23,31/8/23,TV,15000,Families,280,3
3378,2023-07-06,C009,P110,5,MC004,Isabella Tanaka,Chicago,USA,Briefcase,Accessories,ProtectPro,120,900,Black Friday,24/11/23,27/11/23,Multi-channel,25000,All Customers,600,7
3379,2023-07-23,C047,P116,1,MC005,Leah Fontaine,Miami,USA,Cleanup Kit,Accessories,TechGear,20,1300,Holiday Special,10/12/23,24/12/23,Email + Social Media,10000,Silver and Gold Tiers,20,7
3380,2023-09-22,C040,P112,7,MC005,Jack O'Brien,Miami,USA,Desk Chair,Accessories,TechGear,40,500,Holiday Special,10/12/23,24/12/23,Email + Social Media,10000,Silver and Gold Tiers,280,9
3381,2023-04-17,C036,P114,5,MC005,Ryan Müller,Los Angeles,USA,Suitcase,Accessories,ProtectPro,120,1100,Holiday Special,10/12/23,24/12/23,Email + Social Media,10000,Silver and Gold Tiers,600,4
3382,2023-12-23,C036,P101,8,MC002,Ryan Müller,Los Angeles,USA,Wireless Mouse,Electronics,TechGear,20,500,Summer Clearance,15/6/23,30/6/23,Social Media,7500,Gold Tier,160,12
3383,2023-09-08,C031,P119,7,MC003,Zoe Ramirez,Miami,USA,Adapter,Electronics,CableMax,40,800,Back to School,1/8/23,31/8/23,TV,15000,Families,280,9
3384,2023-08-02,C026,P112,3,MC004,David Okafor,Los Angeles,USA,Desk Chair,Accessories,TechGear,40,500,Black Friday,24/11/23,27/11/23,Multi-channel,25000,All Customers,120,8
3385,2023-11-13,C009,P116,6,MC004,Isabella Tanaka,Chicago,USA,Cleanup Kit,Accessories,TechGear,20,1300,Black Friday,24/11/23,27/11/23,Multi-channel,25000,All Customers,120,11
3386,2023-10-16,C034,P102,1,MC004,Matthew Gonzalez,Houston,USA,Bluetooth Headphones,Electronics,SoundWave,30,300,Black Friday,24/11/23,27/11/23,Multi-channel,25000,All Customers,30,10
3387,2023-02-01,C010,P113,10,MC002,William Diaz,New York,USA,Bluetooth Headphones Charger,Electronics,CableMax,150,300,Summer Clearance,15/6/23,30/6/23,Social Media,7500,Gold Tier,1500,2
3388,2023-04-16,C050,P119,1,MC005,Caleb Reyes,Houston,USA,Adapter,Electronics,CableMax,40,800,Holiday Special,10/12/23,24/12/23,Email + Social Media,10000,Silver and Gold Tiers,40,4
3389,2023-08-25,C011,P106,6,MC003,Charlotte Hoffman,New York,USA,Keyboard,Electronics,TechGear,110,1000,Back to School,1/8/23,31/8/23,TV,15000,Families,660,8
3390,2023-09-19,C022,P105,8,MC004,Daniel Fernandez,Chicago,USA,Smart Watch,Electronics,TechGear,25,200,Black Friday,24/11/23,27/11/23,Multi-channel,25000,All Customers,200,9
3391,2023-09-23,C020,P110,1,MC002,Michael Andersen,Houston,USA,Briefcase,Accessories,ProtectPro,120,900,Summer Clearance,15/6/23,30/6/23,Social Media,7500,Gold Tier,120,9
3392,2023-08-23,C008,P111,7,MC003,Mason Fitzgerald,Houston,USA,Backpack,Accessories,ProtectPro,30,1300,Back to School,1/8/23,31/8/23,TV,15000,Families,210,8
3393,2023-07-08,C048,P109,9,MC005,Dylan Suzuki,New York,USA,Laptop,Electronics,TechGear,20,200,Holiday Special,10/12/23,24/12/23,Email + Social Media,10000,Silver and Gold Tiers,180,7
3394,2023-04-23,C031,P120,5,MC005,Zoe Ramirez,Miami,USA,Keyboard Mousepad,Accessories,TechGear,50,400,Holiday Special,10/12/23,24/12/23,Email + Social Media,10000,Silver and Gold Tiers,250,4
3395,2023-01-21,C047,P103,4,MC005,Leah Fontaine,Miami,USA,USB-C Cable,Accessories,CableMax,15,1000,Holiday Special,10/12/23,24/12/23,Email + Social Media,10000,Silver and Gold Tiers,60,1
3396,2023-12-08,C034,P114,6,MC004,Matthew Gonzalez,Houston,USA,Suitcase,Accessories,ProtectPro,120,1100,Black Friday,24/11/23,27/11/23,Multi-channel,25000,All Customers,720,12
3397,2023-01-13,C010,P107,7,MC001,William Diaz,New York,USA,Standing Desk,Accessories,SoundWave,140,1100,Spring Sale,1/3/23,15/3/23,Email,5000,All Customers,980,1
3398,2023-03-02,C028,P120,6,MC002,Joseph Mendoza,New York,USA,Keyboard Mousepad,Accessories,TechGear,50,400,Summer Clearance,15/6/23,30/6/23,Social Media,7500,Gold Tier,300,3
3399,2023-06-24,C014,P107,8,MC001,Benjamin Larsson,Los Angeles,USA,Standing Desk,Accessories,SoundWave,140,1100,Spring Sale,1/3/23,15/3/23,Email,5000,All Customers,1120,6
3400,2023-12-24,C034,P113,4,MC001,Matthew Gonzalez,Houston,USA,Bluetooth Headphones Charger,Electronics,CableMax,150,300,Spring Sale,1/3/23,15/3/23,Email,5000,All Customers,600,12
3401,2023-05-21,C012,P105,8,MC001,James Choi,Chicago,USA,Smart Watch,Electronics,TechGear,25,200,Spring Sale,1/3/23,15/3/23,Email,5000,All Customers,200,5
3402,2023-07-16,C009,P103,3,MC003,Isabella Tanaka,Chicago,USA,USB-C Cable,Accessories,CableMax,15,1000,Back to School,1/8/23,31/8/23,TV,15000,Families,45,7
3403,2023-05-14,C011,P101,4,MC005,Charlotte Hoffman,New York,USA,Wireless Mouse,Electronics,TechGear,20,500,Holiday Special,10/12/23,24/12/23,Email + Social Media,10000,Silver and Gold Tiers,80,5
3404,2023-07-17,C048,P104,3,MC003,Dylan Suzuki,New York,USA,Phone Case,Accessories,ProtectPro,10,800,Back to School,1/8/23,31/8/23,TV,15000,Families,30,7
3405,2023-02-17,C015,P105,3,MC002,Harper Singh,Houston,USA,Smart Watch,Electronics,TechGear,25,200,Summer Clearance,15/6/23,30/6/23,Social Media,7500,Gold Tier,75,2
3406,2023-03-01,C027,P116,10,MC003,Grace Yamamoto,Chicago,USA,Cleanup Kit,Accessories,TechGear,20,1300,Back to School,1/8/23,31/8/23,TV,15000,Families,200,3
3407,2023-05-19,C023,P114,5,MC002,Elizabeth Novak,Miami,USA,Suitcase,Accessories,ProtectPro,120,1100,Summer Clearance,15/6/23,30/6/23,Social Media,7500,Gold Tier,600,5
3408,2023-01-06,C041,P110,1,MC005,Audrey Kuznetsov,Miami,USA,Briefcase,Accessories,ProtectPro,120,900,Holiday Special,10/12/23,24/12/23,Email + Social Media,10000,Silver and Gold Tiers,120,1
3409,2023-02-26,C008,P116,7,MC004,Mason Fitzgerald,Houston,USA,Cleanup Kit,Accessories,TechGear,20,1300,Black Friday,24/11/23,27/11/23,Multi-channel,25000,All Customers,140,2
3410,2023-07-27,C047,P108,3,MC001,Leah Fontaine,Miami,USA,Computer Case,Accessories,ProtectPro,110,500,Spring Sale,1/3/23,15/3/23,Email,5000,All Customers,330,7
3411,2023-02-28,C027,P109,10,MC003,Grace Yamamoto,Chicago,USA,Laptop,Electronics,TechGear,20,200,Back to School,1/8/23,31/8/23,TV,15000,Families,200,2
3412,2023-09-01,C020,P115,6,MC002,Michael Andersen,Houston,USA,Gaming Headset,Electronics,SoundWave,50,200,Summer Clearance,15/6/23,30/6/23,Social Media,7500,Gold Tier,300,9
3413,2023-02-25,C043,P104,8,MC005,Hannah Eriksson,New York,USA,Phone Case,Accessories,ProtectPro,10,800,Holiday Special,10/12/23,24/12/23,Email + Social Media,10000,Silver and Gold Tiers,80,2
3414,2023-02-17,C038,P104,2,MC003,Thomas Sanchez,Houston,USA,Phone Case,Accessories,ProtectPro,10,800,Back to School,1/8/23,31/8/23,TV,15000,Families,20,2
3415,2023-08-30,C001,P107,2,MC005,John Doe,New York,USA,Standing Desk,Accessories,SoundWave,140,1100,Holiday Special,10/12/23,24/12/23,Email + Social Media,10000,Silver and Gold Tiers,280,8
3416,2023-05-27,C032,P112,2,MC001,Christopher Lee,Los Angeles,USA,Desk Chair,Accessories,TechGear,40,500,Spring Sale,1/3/23,15/3/23,Email,5000,All Customers,80,5
3417,2023-02-10,C046,P102,5,MC001,Isaac Nkosi,Houston,USA,Bluetooth Headphones,Electronics,SoundWave,30,300,Spring Sale,1/3/23,15/3/23,Email,5000,All Customers,150,2
3418,2023-09-24,C002,P105,8,MC005,Jane Smith,Los Angeles,USA,Smart Watch,Electronics,TechGear,25,200,Holiday Special,10/12/23,24/12/23,Email + Social Media,10000,Silver and Gold Tiers,200,9
3419,2023-01-31,C030,P103,10,MC005,Andrew Ivanov,Miami,USA,USB-C Cable,Accessories,CableMax,15,1000,Holiday Special,10/12/23,24/12/23,Email + Social Media,10000,Silver and Gold Tiers,150,1
3420,2023-06-28,C012,P103,9,MC003,James Choi,Chicago,USA,USB-C Cable,Accessories,CableMax,15,1000,Back to School,1/8/23,31/8/23,TV,15000,Families,135,6
3421,2023-12-04,C025,P110,5,MC001,Sofia Petrov,Los Angeles,USA,Briefcase,Accessories,ProtectPro,120,900,Spring Sale,1/3/23,15/3/23,Email,5000,All Customers,600,12
3422,2023-08-05,C003,P119,5,MC005,Alice Johnson,Chicago,USA,Adapter,Electronics,CableMax,40,800,Holiday Special,10/12/23,24/12/23,Email + Social Media,10000,Silver and Gold Tiers,200,8
3423,2023-04-15,C018,P119,3,MC003,Alexander Rossi,New York,USA,Adapter,Electronics,CableMax,40,800,Back to School,1/8/23,31/8/23,TV,15000,Families,120,4
3424,2023-03-01,C019,P120,3,MC001,Abigail Nakamura,Chicago,USA,Keyboard Mousepad,Accessories,TechGear,50,400,Spring Sale,1/3/23,15/3/23,Email,5000,All Customers,150,3
3425,2023-09-17,C035,P111,9,MC004,Scarlett Watanabe,Los Angeles,USA,Backpack,Accessories,ProtectPro,30,1300,Black Friday,24/11/23,27/11/23,Multi-channel,25000,All Customers,270,9
3426,2023-01-25,C040,P106,8,MC004,Jack O'Brien,Miami,USA,Keyboard,Electronics,TechGear,110,1000,Black Friday,24/11/23,27/11/23,Multi-channel,25000,All Customers,880,1
3427,2023-11-25,C041,P102,9,MC005,Audrey Kuznetsov,Miami,USA,Bluetooth Headphones,Electronics,SoundWave,30,300,Holiday Special,10/12/23,24/12/23,Email + Social Media,10000,Silver and Gold Tiers,270,11
3428,2023-05-12,C019,P118,9,MC001,Abigail Nakamura,Chicago,USA,External Microphone,Electronics,TechGear,60,1400,Spring Sale,1/3/23,15/3/23,Email,5000,All Customers,540,5
3429,2023-12-31,C027,P111,4,MC001,Grace Yamamoto,Chicago,USA,Backpack,Accessories,ProtectPro,30,1300,Spring Sale,1/3/23,15/3/23,Email,5000,All Customers,120,12
3430,2023-07-17,C023,P110,6,MC003,Elizabeth Novak,Miami,USA,Briefcase,Accessories,ProtectPro,120,900,Back to School,1/8/23,31/8/23,TV,15000,Families,720,7
3431,2023-02-09,C027,P103,7,MC005,Grace Yamamoto,Chicago,USA,USB-C Cable,Accessories,CableMax,15,1000,Holiday Special,10/12/23,24/12/23,Email + Social Media,10000,Silver and Gold Tiers,105,2
3432,2023-11-08,C032,P104,2,MC002,Christopher Lee,Los Angeles,USA,Phone Case,Accessories,ProtectPro,10,800,Summer Clearance,15/6/23,30/6/23,Social Media,7500,Gold Tier,20,11
3433,2023-02-27,C014,P116,6,MC004,Benjamin Larsson,Los Angeles,USA,Cleanup Kit,Accessories,TechGear,20,1300,Black Friday,24/11/23,27/11/23,Multi-channel,25000,All Customers,120,2
3434,2023-04-25,C040,P109,7,MC005,Jack O'Brien,Miami,USA,Laptop,Electronics,TechGear,20,200,Holiday Special,10/12/23,24/12/23,Email + Social Media,10000,Silver and Gold Tiers,140,4
3435,2023-05-12,C038,P107,3,MC003,Thomas Sanchez,Houston,USA,Standing Desk,Accessories,SoundWave,140,1100,Back to School,1/8/23,31/8/23,TV,15000,Families,420,5
3436,2023-08-22,C020,P111,9,MC002,Michael Andersen,Houston,USA,Backpack,Accessories,ProtectPro,30,1300,Summer Clearance,15/6/23,30/6/23,Social Media,7500,Gold Tier,270,8
3437,2023-11-01,C021,P111,10,MC004,Emily Schwartz,Los Angeles,USA,Backpack,Accessories,ProtectPro,30,1300,Black Friday,24/11/23,27/11/23,Multi-channel,25000,All Customers,300,11
3438,2023-09-30,C041,P112,5,MC005,Audrey Kuznetsov,Miami,USA,Desk Chair,Accessories,TechGear,40,500,Holiday Special,10/12/23,24/12/23,Email + Social Media,10000,Silver and Gold Tiers,200,9
3439,2023-07-20,C016,P102,10,MC004,Lucas Morales,Los Angeles,USA,Bluetooth Headphones,Electronics,SoundWave,30,300,Black Friday,24/11/23,27/11/23,Multi-channel,25000,All Customers,300,7
3440,2023-09-05,C023,P119,2,MC003,Elizabeth Novak,Miami,USA,Adapter,Electronics,CableMax,40,800,Back to School,1/8/23,31/8/23,TV,15000,Families,80,9
3441,2023-02-03,C029,P108,5,MC005,Chloe Dubois,Miami,USA,Computer Case,Accessories,ProtectPro,110,500,Holiday Special,10/12/23,24/12/23,Email + Social Media,10000,Silver and Gold Tiers,550,2
3442,2023-03-15,C010,P117,7,MC005,William Diaz,New York,USA,Bluetooth Speaker,Electronics,SoundWave,140,200,Holiday Special,10/12/23,24/12/23,Email + Social Media,10000,Silver and Gold Tiers,980,3
3443,2023-09-13,C015,P112,1,MC005,Harper Singh,Houston,USA,Desk Chair,Accessories,TechGear,40,500,Holiday Special,10/12/23,24/12/23,Email + Social Media,10000,Silver and Gold Tiers,40,9
3444,2023-11-11,C024,P101,8,MC003,Samuel Kim,Chicago,USA,Wireless Mouse,Electronics,TechGear,20,500,Back to School,1/8/23,31/8/23,TV,15000,Families,160,11
3445,2023-04-02,C003,P104,5,MC003,Alice Johnson,Chicago,USA,Phone Case,Accessories,ProtectPro,10,800,Back to School,1/8/23,31/8/23,TV,15000,Families,50,4
3446,2023-10-01,C024,P115,8,MC002,Samuel Kim,Chicago,USA,Gaming Headset,Electronics,SoundWave,50,200,Summer Clearance,15/6/23,30/6/23,Social Media,7500,Gold Tier,400,10
3447,2023-04-23,C031,P104,9,MC001,Zoe Ramirez,Miami,USA,Phone Case,Accessories,ProtectPro,10,800,Spring Sale,1/3/23,15/3/23,Email,5000,All Customers,90,4
3448,2023-11-17,C028,P103,1,MC003,Joseph Mendoza,New York,USA,USB-C Cable,Accessories,CableMax,15,1000,Back to School,1/8/23,31/8/23,TV,15000,Families,15,11
3449,2023-06-25,C014,P115,1,MC002,Benjamin Larsson,Los Angeles,USA,Gaming Headset,Electronics,SoundWave,50,200,Summer Clearance,15/6/23,30/6/23,Social Media,7500,Gold Tier,50,6
3450,2023-07-21,C032,P104,10,MC005,Christopher Lee,Los Angeles,USA,Phone Case,Accessories,ProtectPro,10,800,Holiday Special,10/12/23,24/12/23,Email + Social Media,10000,Silver and Gold Tiers,100,7
3451,2023-12-16,C024,P113,8,MC002,Samuel Kim,Chicago,USA,Bluetooth Headphones Charger,Electronics,CableMax,150,300,Summer Clearance,15/6/23,30/6/23,Social Media,7500,Gold Tier,1200,12
3452,2023-12-29,C026,P104,4,MC001,David Okafor,Los Angeles,USA,Phone Case,Accessories,ProtectPro,10,800,Spring Sale,1/3/23,15/3/23,Email,5000,All Customers,40,12
3453,2023-12-18,C037,P120,10,MC003,Victoria Kozlov,Chicago,USA,Keyboard Mousepad,Accessories,TechGear,50,400,Back to School,1/8/23,31/8/23,TV,15000,Families,500,12
3454,2023-11-08,C018,P105,2,MC001,Alexander Rossi,New York,USA,Smart Watch,Electronics,TechGear,25,200,Spring Sale,1/3/23,15/3/23,Email,5000,All Customers,50,11
3455,2023-10-05,C036,P108,6,MC003,Ryan Müller,Los Angeles,USA,Computer Case,Accessories,ProtectPro,110,500,Back to School,1/8/23,31/8/23,TV,15000,Families,660,10
3456,2023-08-07,C007,P104,9,MC004,Ava Kowalski,Chicago,USA,Phone Case,Accessories,ProtectPro,10,800,Black Friday,24/11/23,27/11/23,Multi-channel,25000,All Customers,90,8
3457,2023-04-07,C043,P116,5,MC005,Hannah Eriksson,New York,USA,Cleanup Kit,Accessories,TechGear,20,1300,Holiday Special,10/12/23,24/12/23,Email + Social Media,10000,Silver and Gold Tiers,100,4
3458,2023-01-20,C009,P109,2,MC003,Isabella Tanaka,Chicago,USA,Laptop,Electronics,TechGear,20,200,Back to School,1/8/23,31/8/23,TV,15000,Families,40,1
3459,2023-06-06,C006,P115,3,MC005,Noah Chen,Los Angeles,USA,Gaming Headset,Electronics,SoundWave,50,200,Holiday Special,10/12/23,24/12/23,Email + Social Media,10000,Silver and Gold Tiers,150,6
3460,2023-06-18,C029,P112,9,MC004,Chloe Dubois,Miami,USA,Desk Chair,Accessories,TechGear,40,500,Black Friday,24/11/23,27/11/23,Multi-channel,25000,All Customers,360,6
3461,2023-05-31,C004,P109,7,MC005,Bob Wilson,Houston,USA,Laptop,Electronics,TechGear,20,200,Holiday Special,10/12/23,24/12/23,Email + Social Media,10000,Silver and Gold Tiers,140,5
3462,2023-06-03,C023,P107,9,MC005,Elizabeth Novak,Miami,USA,Standing Desk,Accessories,SoundWave,140,1100,Holiday Special,10/12/23,24/12/23,Email + Social Media,10000,Silver and Gold Tiers,1260,6
3463,2023-01-04,C022,P118,3,MC003,Daniel Fernandez,Chicago,USA,External Microphone,Electronics,TechGear,60,1400,Back to School,1/8/23,31/8/23,TV,15000,Families,180,1
3464,2023-10-31,C044,P114,1,MC005,Gabriel Santos,Los Angeles,USA,Suitcase,Accessories,ProtectPro,120,1100,Holiday Special,10/12/23,24/12/23,Email + Social Media,10000,Silver and Gold Tiers,120,10
3465,2023-08-26,C010,P107,6,MC002,William Diaz,New York,USA,Standing Desk,Accessories,SoundWave,140,1100,Summer Clearance,15/6/23,30/6/23,Social Media,7500,Gold Tier,840,8
3466,2023-12-10,C024,P110,10,MC004,Samuel Kim,Chicago,USA,Briefcase,Accessories,ProtectPro,120,900,Black Friday,24/11/23,27/11/23,Multi-channel,25000,All Customers,1200,12
3467,2023-06-25,C003,P111,8,MC002,Alice Johnson,Chicago,USA,Backpack,Accessories,ProtectPro,30,1300,Summer Clearance,15/6/23,30/6/23,Social Media,7500,Gold Tier,240,6
3468,2023-09-02,C008,P117,9,MC003,Mason Fitzgerald,Houston,USA,Bluetooth Speaker,Electronics,SoundWave,140,200,Back to School,1/8/23,31/8/23,TV,15000,Families,1260,9
3469,2023-03-11,C010,P101,7,MC003,William Diaz,New York,USA,Wireless Mouse,Electronics,TechGear,20,500,Back to School,1/8/23,31/8/23,TV,15000,Families,140,3
3470,2023-02-09,C001,P113,2,MC001,John Doe,New York,USA,Bluetooth Headphones Charger,Electronics,CableMax,150,300,Spring Sale,1/3/23,15/3/23,Email,5000,All Customers,300,2
3471,2023-02-14,C038,P103,4,MC003,Thomas Sanchez,Houston,USA,USB-C Cable,Accessories,CableMax,15,1000,Back to School,1/8/23,31/8/23,TV,15000,Families,60,2
3472,2023-05-03,C020,P101,1,MC004,Michael Andersen,Houston,USA,Wireless Mouse,Electronics,TechGear,20,500,Black Friday,24/11/23,27/11/23,Multi-channel,25000,All Customers,20,5
3473,2023-07-10,C032,P110,3,MC003,Christopher Lee,Los Angeles,USA,Briefcase,Accessories,ProtectPro,120,900,Back to School,1/8/23,31/8/23,TV,15000,Families,360,7
3474,2023-10-26,C032,P108,6,MC003,Christopher Lee,Los Angeles,USA,Computer Case,Accessories,ProtectPro,110,500,Back to School,1/8/23,31/8/23,TV,15000,Families,660,10
3475,2023-06-04,C021,P104,5,MC004,Emily Schwartz,Los Angeles,USA,Phone Case,Accessories,ProtectPro,10,800,Black Friday,24/11/23,27/11/23,Multi-channel,25000,All Customers,50,6
3476,2023-11-27,C020,P106,4,MC002,Michael Andersen,Houston,USA,Keyboard,Electronics,TechGear,110,1000,Summer Clearance,15/6/23,30/6/23,Social Media,7500,Gold Tier,440,11
3477,2023-04-10,C032,P118,5,MC002,Christopher Lee,Los Angeles,USA,External Microphone,Electronics,TechGear,60,1400,Summer Clearance,15/6/23,30/6/23,Social Media,7500,Gold Tier,300,4
3478,2023-03-06,C030,P108,1,MC004,Andrew Ivanov,Miami,USA,Computer Case,Accessories,ProtectPro,110,500,Black Friday,24/11/23,27/11/23,Multi-channel,25000,All Customers,110,3
3479,2023-10-15,C047,P119,10,MC004,Leah Fontaine,Miami,USA,Adapter,Electronics,CableMax,40,800,Black Friday,24/11/23,27/11/23,Multi-channel,25000,All Customers,400,10
3480,2023-04-08,C039,P109,10,MC003,Penelope Cheng,Los Angeles,USA,Laptop,Electronics,TechGear,20,200,Back to School,1/8/23,31/8/23,TV,15000,Families,200,4
3481,2023-01-11,C014,P104,8,MC002,Benjamin Larsson,Los Angeles,USA,Phone Case,Accessories,ProtectPro,10,800,Summer Clearance,15/6/23,30/6/23,Social Media,7500,Gold Tier,80,1
3482,2023-06-02,C015,P120,5,MC003,Harper Singh,Houston,USA,Keyboard Mousepad,Accessories,TechGear,50,400,Back to School,1/8/23,31/8/23,TV,15000,Families,250,6
3483,2023-04-18,C023,P112,3,MC003,Elizabeth Novak,Miami,USA,Desk Chair,Accessories,TechGear,40,500,Back to School,1/8/23,31/8/23,TV,15000,Families,120,4
3484,2023-08-26,C029,P105,5,MC001,Chloe Dubois,Miami,USA,Smart Watch,Electronics,TechGear,25,200,Spring Sale,1/3/23,15/3/23,Email,5000,All Customers,125,8
3485,2023-04-12,C021,P101,8,MC004,Emily Schwartz,Los Angeles,USA,Wireless Mouse,Electronics,TechGear,20,500,Black Friday,24/11/23,27/11/23,Multi-channel,25000,All Customers,160,4
3486,2023-12-06,C015,P112,5,MC001,Harper Singh,Houston,USA,Desk Chair,Accessories,TechGear,40,500,Spring Sale,1/3/23,15/3/23,Email,5000,All Customers,200,12
3487,2023-08-30,C030,P109,10,MC005,Andrew Ivanov,Miami,USA,Laptop,Electronics,TechGear,20,200,Holiday Special,10/12/23,24/12/23,Email + Social Media,10000,Silver and Gold Tiers,200,8
3488,2023-10-19,C036,P101,9,MC002,Ryan Müller,Los Angeles,USA,Wireless Mouse,Electronics,TechGear,20,500,Summer Clearance,15/6/23,30/6/23,Social Media,7500,Gold Tier,180,10
3489,2023-01-25,C024,P116,8,MC002,Samuel Kim,Chicago,USA,Cleanup Kit,Accessories,TechGear,20,1300,Summer Clearance,15/6/23,30/6/23,Social Media,7500,Gold Tier,160,1
3490,2023-07-25,C006,P115,7,MC003,Noah Chen,Los Angeles,USA,Gaming Headset,Electronics,SoundWave,50,200,Back to School,1/8/23,31/8/23,TV,15000,Families,350,7
3491,2023-03-16,C010,P102,10,MC003,William Diaz,New York,USA,Bluetooth Headphones,Electronics,SoundWave,30,300,Back to School,1/8/23,31/8/23,TV,15000,Families,300,3
3492,2023-07-04,C032,P102,10,MC005,Christopher Lee,Los Angeles,USA,Bluetooth Headphones,Electronics,SoundWave,30,300,Holiday Special,10/12/23,24/12/23,Email + Social Media,10000,Silver and Gold Tiers,300,7
3493,2023-09-28,C042,P107,6,MC001,Owen Takahashi,New York,USA,Standing Desk,Accessories,SoundWave,140,1100,Spring Sale,1/3/23,15/3/23,Email,5000,All Customers,840,9
3494,2023-10-03,C012,P108,4,MC004,James Choi,Chicago,USA,Computer Case,Accessories,ProtectPro,110,500,Black Friday,24/11/23,27/11/23,Multi-channel,25000,All Customers,440,10
3495,2023-07-13,C024,P113,7,MC004,Samuel Kim,Chicago,USA,Bluetooth Headphones Charger,Electronics,CableMax,150,300,Black Friday,24/11/23,27/11/23,Multi-channel,25000,All Customers,1050,7
3496,2023-12-05,C048,P105,1,MC002,Dylan Suzuki,New York,USA,Smart Watch,Electronics,TechGear,25,200,Summer Clearance,15/6/23,30/6/23,Social Media,7500,Gold Tier,25,12
3497,2023-10-24,C035,P106,3,MC002,Scarlett Watanabe,Los Angeles,USA,Keyboard,Electronics,TechGear,110,1000,Summer Clearance,15/6/23,30/6/23,Social Media,7500,Gold Tier,330,10
3498,2023-06-12,C024,P117,6,MC003,Samuel Kim,Chicago,USA,Bluetooth Speaker,Electronics,SoundWave,140,200,Back to School,1/8/23,31/8/23,TV,15000,Families,840,6
3499,2023-12-12,C037,P109,8,MC002,Victoria Kozlov,Chicago,USA,Laptop,Electronics,TechGear,20,200,Summer Clearance,15/6/23,30/6/23,Social Media,7500,Gold Tier,160,12
3500,2023-11-28,C016,P113,6,MC002,Lucas Morales,Los Angeles,USA,Bluetooth Headphones Charger,Electronics,CableMax,150,300,Summer Clearance,15/6/23,30/6/23,Social Media,7500,Gold Tier,900,11
3501,2023-03-24,C029,P117,4,MC005,Chloe Dubois,Miami,USA,Bluetooth Speaker,Electronics,SoundWave,140,200,Holiday Special,10/12/23,24/12/23,Email + Social Media,10000,Silver and Gold Tiers,560,3
3502,2023-08-11,C025,P101,3,MC002,Sofia Petrov,Los Angeles,USA,Wireless Mouse,Electronics,TechGear,20,500,Summer Clearance,15/6/23,30/6/23,Social Media,7500,Gold Tier,60,8
3503,2023-11-13,C003,P101,5,MC004,Alice Johnson,Chicago,USA,Wireless Mouse,Electronics,TechGear,20,500,Black Friday,24/11/23,27/11/23,Multi-channel,25000,All Customers,100,11
3504,2023-07-22,C002,P113,7,MC005,Jane Smith,Los Angeles,USA,Bluetooth Headphones Charger,Electronics,CableMax,150,300,Holiday Special,10/12/23,24/12/23,Email + Social Media,10000,Silver and Gold Tiers,1050,7
3505,2023-08-14,C003,P115,6,MC001,Alice Johnson,Chicago,USA,Gaming Headset,Electronics,SoundWave,50,200,Spring Sale,1/3/23,15/3/23,Email,5000,All Customers,300,8
3506,2023-06-25,C022,P119,8,MC004,Daniel Fernandez,Chicago,USA,Adapter,Electronics,CableMax,40,800,Black Friday,24/11/23,27/11/23,Multi-channel,25000,All Customers,320,6
3507,2023-09-15,C015,P102,2,MC002,Harper Singh,Houston,USA,Bluetooth Headphones,Electronics,SoundWave,30,300,Summer Clearance,15/6/23,30/6/23,Social Media,7500,Gold Tier,60,9
3508,2023-06-13,C018,P109,3,MC002,Alexander Rossi,New York,USA,Laptop,Electronics,TechGear,20,200,Summer Clearance,15/6/23,30/6/23,Social Media,7500,Gold Tier,60,6
3509,2023-11-30,C022,P101,4,MC001,Daniel Fernandez,Chicago,USA,Wireless Mouse,Electronics,TechGear,20,500,Spring Sale,1/3/23,15/3/23,Email,5000,All Customers,80,11
3510,2023-04-09,C011,P107,4,MC001,Charlotte Hoffman,New York,USA,Standing Desk,Accessories,SoundWave,140,1100,Spring Sale,1/3/23,15/3/23,Email,5000,All Customers,560,4
3511,2023-11-20,C022,P107,4,MC002,Daniel Fernandez,Chicago,USA,Standing Desk,Accessories,SoundWave,140,1100,Summer Clearance,15/6/23,30/6/23,Social Media,7500,Gold Tier,560,11
3512,2023-05-05,C035,P103,6,MC004,Scarlett Watanabe,Los Angeles,USA,USB-C Cable,Accessories,CableMax,15,1000,Black Friday,24/11/23,27/11/23,Multi-channel,25000,All Customers,90,5
3513,2023-11-19,C018,P113,5,MC003,Alexander Rossi,New York,USA,Bluetooth Headphones Charger,Electronics,CableMax,150,300,Back to School,1/8/23,31/8/23,TV,15000,Families,750,11
3514,2023-04-22,C039,P110,9,MC001,Penelope Cheng,Los Angeles,USA,Briefcase,Accessories,ProtectPro,120,900,Spring Sale,1/3/23,15/3/23,Email,5000,All Customers,1080,4
3515,2023-02-20,C048,P118,3,MC001,Dylan Suzuki,New York,USA,External Microphone,Electronics,TechGear,60,1400,Spring Sale,1/3/23,15/3/23,Email,5000,All Customers,180,2
3516,2023-06-21,C017,P117,6,MC004,Evelyn Kovalenko,Houston,USA,Bluetooth Speaker,Electronics,SoundWave,140,200,Black Friday,24/11/23,27/11/23,Multi-channel,25000,All Customers,840,6
3517,2023-05-21,C026,P104,6,MC005,David Okafor,Los Angeles,USA,Phone Case,Accessories,ProtectPro,10,800,Holiday Special,10/12/23,24/12/23,Email + Social Media,10000,Silver and Gold Tiers,60,5
3518,2023-09-18,C022,P102,1,MC002,Daniel Fernandez,Chicago,USA,Bluetooth Headphones,Electronics,SoundWave,30,300,Summer Clearance,15/6/23,30/6/23,Social Media,7500,Gold Tier,30,9
3519,2023-04-25,C034,P118,4,MC001,Matthew Gonzalez,Houston,USA,External Microphone,Electronics,TechGear,60,1400,Spring Sale,1/3/23,15/3/23,Email,5000,All Customers,240,4
3520,2023-12-17,C025,P109,1,MC001,Sofia Petrov,Los Angeles,USA,Laptop,Electronics,TechGear,20,200,Spring Sale,1/3/23,15/3/23,Email,5000,All Customers,20,12
3521,2023-02-07,C001,P113,7,MC001,John Doe,New York,USA,Bluetooth Headphones Charger,Electronics,CableMax,150,300,Spring Sale,1/3/23,15/3/23,Email,5000,All Customers,1050,2
3522,2023-03-16,C048,P109,9,MC003,Dylan Suzuki,New York,USA,Laptop,Electronics,TechGear,20,200,Back to School,1/8/23,31/8/23,TV,15000,Families,180,3
3523,2023-09-08,C027,P104,5,MC002,Grace Yamamoto,Chicago,USA,Phone Case,Accessories,ProtectPro,10,800,Summer Clearance,15/6/23,30/6/23,Social Media,7500,Gold Tier,50,9
3524,2023-06-17,C025,P118,10,MC003,Sofia Petrov,Los Angeles,USA,External Microphone,Electronics,TechGear,60,1400,Back to School,1/8/23,31/8/23,TV,15000,Families,600,6
3525,2023-07-22,C050,P112,2,MC003,Caleb Reyes,Houston,USA,Desk Chair,Accessories,TechGear,40,500,Back to School,1/8/23,31/8/23,TV,15000,Families,80,7
3526,2023-09-10,C043,P116,1,MC002,Hannah Eriksson,New York,USA,Cleanup Kit,Accessories,TechGear,20,1300,Summer Clearance,15/6/23,30/6/23,Social Media,7500,Gold Tier,20,9
3527,2023-10-15,C001,P109,5,MC003,John Doe,New York,USA,Laptop,Electronics,TechGear,20,200,Back to School,1/8/23,31/8/23,TV,15000,Families,100,10
3528,2023-03-21,C023,P113,4,MC002,Elizabeth Novak,Miami,USA,Bluetooth Headphones Charger,Electronics,CableMax,150,300,Summer Clearance,15/6/23,30/6/23,Social Media,7500,Gold Tier,600,3
3529,2023-07-03,C048,P110,4,MC005,Dylan Suzuki,New York,USA,Briefcase,Accessories,ProtectPro,120,900,Holiday Special,10/12/23,24/12/23,Email + Social Media,10000,Silver and Gold Tiers,480,7
3530,2023-02-26,C005,P109,9,MC001,Emma Brown,Miami,USA,Laptop,Electronics,TechGear,20,200,Spring Sale,1/3/23,15/3/23,Email,5000,All Customers,180,2
3531,2023-11-21,C023,P113,8,MC001,Elizabeth Novak,Miami,USA,Bluetooth Headphones Charger,Electronics,CableMax,150,300,Spring Sale,1/3/23,15/3/23,Email,5000,All Customers,1200,11
3532,2023-02-26,C033,P119,10,MC005,Lily Sørensen,New York,USA,Adapter,Electronics,CableMax,40,800,Holiday Special,10/12/23,24/12/23,Email + Social Media,10000,Silver and Gold Tiers,400,2
3533,2023-10-09,C004,P112,4,MC002,Bob Wilson,Houston,USA,Desk Chair,Accessories,TechGear,40,500,Summer Clearance,15/6/23,30/6/23,Social Media,7500,Gold Tier,160,10
3534,2023-07-02,C004,P117,6,MC005,Bob Wilson,Houston,USA,Bluetooth Speaker,Electronics,SoundWave,140,200,Holiday Special,10/12/23,24/12/23,Email + Social Media,10000,Silver and Gold Tiers,840,7
3535,2023-09-19,C048,P116,6,MC001,Dylan Suzuki,New York,USA,Cleanup Kit,Accessories,TechGear,20,1300,Spring Sale,1/3/23,15/3/23,Email,5000,All Customers,120,9
3536,2023-09-25,C014,P103,8,MC004,Benjamin Larsson,Los Angeles,USA,USB-C Cable,Accessories,CableMax,15,1000,Black Friday,24/11/23,27/11/23,Multi-channel,25000,All Customers,120,9
3537,2023-03-28,C030,P120,3,MC004,Andrew Ivanov,Miami,USA,Keyboard Mousepad,Accessories,TechGear,50,400,Black Friday,24/11/23,27/11/23,Multi-channel,25000,All Customers,150,3
3538,2023-10-10,C036,P113,9,MC003,Ryan Müller,Los Angeles,USA,Bluetooth Headphones Charger,Electronics,CableMax,150,300,Back to School,1/8/23,31/8/23,TV,15000,Families,1350,10
3539,2023-08-27,C033,P101,2,MC003,Lily Sørensen,New York,USA,Wireless Mouse,Electronics,TechGear,20,500,Back to School,1/8/23,31/8/23,TV,15000,Families,40,8
3540,2023-11-24,C007,P117,10,MC002,Ava Kowalski,Chicago,USA,Bluetooth Speaker,Electronics,SoundWave,140,200,Summer Clearance,15/6/23,30/6/23,Social Media,7500,Gold Tier,1400,11
3541,2023-06-16,C034,P109,2,MC005,Matthew Gonzalez,Houston,USA,Laptop,Electronics,TechGear,20,200,Holiday Special,10/12/23,24/12/23,Email + Social Media,10000,Silver and Gold Tiers,40,6
3542,2023-07-29,C034,P102,5,MC005,Matthew Gonzalez,Houston,USA,Bluetooth Headphones,Electronics,SoundWave,30,300,Holiday Special,10/12/23,24/12/23,Email + Social Media,10000,Silver and Gold Tiers,150,7
3543,2023-12-29,C018,P120,8,MC005,Alexander Rossi,New York,USA,Keyboard Mousepad,Accessories,TechGear,50,400,Holiday Special,10/12/23,24/12/23,Email + Social Media,10000,Silver and Gold Tiers,400,12
3544,2023-05-16,C032,P101,8,MC003,Christopher Lee,Los Angeles,USA,Wireless Mouse,Electronics,TechGear,20,500,Back to School,1/8/23,31/8/23,TV,15000,Families,160,5
3545,2023-10-26,C005,P117,2,MC005,Emma Brown,Miami,USA,Bluetooth Speaker,Electronics,SoundWave,140,200,Holiday Special,10/12/23,24/12/23,Email + Social Media,10000,Silver and Gold Tiers,280,10
3546,2023-01-30,C021,P111,9,MC005,Emily Schwartz,Los Angeles,USA,Backpack,Accessories,ProtectPro,30,1300,Holiday Special,10/12/23,24/12/23,Email + Social Media,10000,Silver and Gold Tiers,270,1
3547,2023-01-08,C041,P102,8,MC005,Audrey Kuznetsov,Miami,USA,Bluetooth Headphones,Electronics,SoundWave,30,300,Holiday Special,10/12/23,24/12/23,Email + Social Media,10000,Silver and Gold Tiers,240,1
3548,2023-06-27,C002,P102,6,MC003,Jane Smith,Los Angeles,USA,Bluetooth Headphones,Electronics,SoundWave,30,300,Back to School,1/8/23,31/8/23,TV,15000,Families,180,6
3549,2023-12-23,C018,P118,8,MC002,Alexander Rossi,New York,USA,External Microphone,Electronics,TechGear,60,1400,Summer Clearance,15/6/23,30/6/23,Social Media,7500,Gold Tier,480,12
3550,2023-10-21,C040,P113,5,MC003,Jack O'Brien,Miami,USA,Bluetooth Headphones Charger,Electronics,CableMax,150,300,Back to School,1/8/23,31/8/23,TV,15000,Families,750,10
3551,2023-12-30,C007,P115,3,MC005,Ava Kowalski,Chicago,USA,Gaming Headset,Electronics,SoundWave,50,200,Holiday Special,10/12/23,24/12/23,Email + Social Media,10000,Silver and Gold Tiers,150,12
3552,2023-09-23,C002,P119,5,MC001,Jane Smith,Los Angeles,USA,Adapter,Electronics,CableMax,40,800,Spring Sale,1/3/23,15/3/23,Email,5000,All Customers,200,9
3553,2023-05-30,C033,P112,4,MC004,Lily Sørensen,New York,USA,Desk Chair,Accessories,TechGear,40,500,Black Friday,24/11/23,27/11/23,Multi-channel,25000,All Customers,160,5
3554,2023-03-31,C045,P114,3,MC005,Nora Zimmerman,Houston,USA,Suitcase,Accessories,ProtectPro,120,1100,Holiday Special,10/12/23,24/12/23,Email + Social Media,10000,Silver and Gold Tiers,360,3
3555,2023-01-11,C036,P108,8,MC001,Ryan Müller,Los Angeles,USA,Computer Case,Accessories,ProtectPro,110,500,Spring Sale,1/3/23,15/3/23,Email,5000,All Customers,880,1
3556,2023-03-23,C006,P105,9,MC002,Noah Chen,Los Angeles,USA,Smart Watch,Electronics,TechGear,25,200,Summer Clearance,15/6/23,30/6/23,Social Media,7500,Gold Tier,225,3
3557,2023-06-27,C002,P112,9,MC005,Jane Smith,Los Angeles,USA,Desk Chair,Accessories,TechGear,40,500,Holiday Special,10/12/23,24/12/23,Email + Social Media,10000,Silver and Gold Tiers,360,6
3558,2023-09-17,C033,P103,6,MC005,Lily Sørensen,New York,USA,USB-C Cable,Accessories,CableMax,15,1000,Holiday Special,10/12/23,24/12/23,Email + Social Media,10000,Silver and Gold Tiers,90,9
3559,2023-11-02,C010,P117,5,MC005,William Diaz,New York,USA,Bluetooth Speaker,Electronics,SoundWave,140,200,Holiday Special,10/12/23,24/12/23,Email + Social Media,10000,Silver and Gold Tiers,700,11
3560,2023-08-11,C007,P106,1,MC004,Ava Kowalski,Chicago,USA,Keyboard,Electronics,TechGear,110,1000,Black Friday,24/11/23,27/11/23,Multi-channel,25000,All Customers,110,8
3561,2023-07-11,C037,P115,7,MC001,Victoria Kozlov,Chicago,USA,Gaming Headset,Electronics,SoundWave,50,200,Spring Sale,1/3/23,15/3/23,Email,5000,All Customers,350,7
3562,2023-05-22,C046,P105,6,MC005,Isaac Nkosi,Houston,USA,Smart Watch,Electronics,TechGear,25,200,Holiday Special,10/12/23,24/12/23,Email + Social Media,10000,Silver and Gold Tiers,150,5
3563,2023-05-19,C008,P106,7,MC005,Mason Fitzgerald,Houston,USA,Keyboard,Electronics,TechGear,110,1000,Holiday Special,10/12/23,24/12/23,Email + Social Media,10000,Silver and Gold Tiers,770,5
3564,2023-05-29,C012,P102,4,MC004,James Choi,Chicago,USA,Bluetooth Headphones,Electronics,SoundWave,30,300,Black Friday,24/11/23,27/11/23,Multi-channel,25000,All Customers,120,5
3565,2023-06-10,C004,P115,1,MC005,Bob Wilson,Houston,USA,Gaming Headset,Electronics,SoundWave,50,200,Holiday Special,10/12/23,24/12/23,Email + Social Media,10000,Silver and Gold Tiers,50,6
3566,2023-02-09,C028,P106,4,MC005,Joseph Mendoza,New York,USA,Keyboard,Electronics,TechGear,110,1000,Holiday Special,10/12/23,24/12/23,Email + Social Media,10000,Silver and Gold Tiers,440,2
3567,2023-08-24,C040,P116,10,MC002,Jack O'Brien,Miami,USA,Cleanup Kit,Accessories,TechGear,20,1300,Summer Clearance,15/6/23,30/6/23,Social Media,7500,Gold Tier,200,8
3568,2023-05-05,C014,P109,5,MC004,Benjamin Larsson,Los Angeles,USA,Laptop,Electronics,TechGear,20,200,Black Friday,24/11/23,27/11/23,Multi-channel,25000,All Customers,100,5
3569,2023-09-26,C041,P103,1,MC005,Audrey Kuznetsov,Miami,USA,USB-C Cable,Accessories,CableMax,15,1000,Holiday Special,10/12/23,24/12/23,Email + Social Media,10000,Silver and Gold Tiers,15,9
3570,2023-12-16,C039,P103,3,MC002,Penelope Cheng,Los Angeles,USA,USB-C Cable,Accessories,CableMax,15,1000,Summer Clearance,15/6/23,30/6/23,Social Media,7500,Gold Tier,45,12
3571,2023-03-29,C050,P105,8,MC001,Caleb Reyes,Houston,USA,Smart Watch,Electronics,TechGear,25,200,Spring Sale,1/3/23,15/3/23,Email,5000,All Customers,200,3
3572,2023-01-17,C018,P105,9,MC003,Alexander Rossi,New York,USA,Smart Watch,Electronics,TechGear,25,200,Back to School,1/8/23,31/8/23,TV,15000,Families,225,1
3573,2023-06-28,C037,P104,9,MC004,Victoria Kozlov,Chicago,USA,Phone Case,Accessories,ProtectPro,10,800,Black Friday,24/11/23,27/11/23,Multi-channel,25000,All Customers,90,6
3574,2023-05-14,C040,P104,4,MC004,Jack O'Brien,Miami,USA,Phone Case,Accessories,ProtectPro,10,800,Black Friday,24/11/23,27/11/23,Multi-channel,25000,All Customers,40,5
3575,2023-08-01,C050,P104,9,MC002,Caleb Reyes,Houston,USA,Phone Case,Accessories,ProtectPro,10,800,Summer Clearance,15/6/23,30/6/23,Social Media,7500,Gold Tier,90,8
3576,2023-05-01,C019,P107,6,MC003,Abigail Nakamura,Chicago,USA,Standing Desk,Accessories,SoundWave,140,1100,Back to School,1/8/23,31/8/23,TV,15000,Families,840,5
3577,2023-06-01,C032,P104,2,MC003,Christopher Lee,Los Angeles,USA,Phone Case,Accessories,ProtectPro,10,800,Back to School,1/8/23,31/8/23,TV,15000,Families,20,6
3578,2023-07-08,C015,P112,6,MC005,Harper Singh,Houston,USA,Desk Chair,Accessories,TechGear,40,500,Holiday Special,10/12/23,24/12/23,Email + Social Media,10000,Silver and Gold Tiers,240,7
3579,2023-06-28,C024,P120,6,MC001,Samuel Kim,Chicago,USA,Keyboard Mousepad,Accessories,TechGear,50,400,Spring Sale,1/3/23,15/3/23,Email,5000,All Customers,300,6
3580,2023-11-30,C050,P111,2,MC003,Caleb Reyes,Houston,USA,Backpack,Accessories,ProtectPro,30,1300,Back to School,1/8/23,31/8/23,TV,15000,Families,60,11
3581,2023-09-15,C044,P119,2,MC003,Gabriel Santos,Los Angeles,USA,Adapter,Electronics,CableMax,40,800,Back to School,1/8/23,31/8/23,TV,15000,Families,80,9
3582,2023-05-17,C027,P101,7,MC005,Grace Yamamoto,Chicago,USA,Wireless Mouse,Electronics,TechGear,20,500,Holiday Special,10/12/23,24/12/23,Email + Social Media,10000,Silver and Gold Tiers,140,5
3583,2023-10-01,C042,P111,2,MC005,Owen Takahashi,New York,USA,Backpack,Accessories,ProtectPro,30,1300,Holiday Special,10/12/23,24/12/23,Email + Social Media,10000,Silver and Gold Tiers,60,10
3584,2023-05-17,C014,P110,6,MC003,Benjamin Larsson,Los Angeles,USA,Briefcase,Accessories,ProtectPro,120,900,Back to School,1/8/23,31/8/23,TV,15000,Families,720,5
3585,2023-04-02,C014,P108,8,MC003,Benjamin Larsson,Los Angeles,USA,Computer Case,Accessories,ProtectPro,110,500,Back to School,1/8/23,31/8/23,TV,15000,Families,880,4
3586,2023-10-18,C039,P114,3,MC002,Penelope Cheng,Los Angeles,USA,Suitcase,Accessories,ProtectPro,120,1100,Summer Clearance,15/6/23,30/6/23,Social Media,7500,Gold Tier,360,10
3587,2023-01-11,C023,P119,9,MC002,Elizabeth Novak,Miami,USA,Adapter,Electronics,CableMax,40,800,Summer Clearance,15/6/23,30/6/23,Social Media,7500,Gold Tier,360,1
3588,2023-05-06,C012,P105,5,MC004,James Choi,Chicago,USA,Smart Watch,Electronics,TechGear,25,200,Black Friday,24/11/23,27/11/23,Multi-channel,25000,All Customers,125,5
3589,2023-06-18,C015,P115,5,MC005,Harper Singh,Houston,USA,Gaming Headset,Electronics,SoundWave,50,200,Holiday Special,10/12/23,24/12/23,Email + Social Media,10000,Silver and Gold Tiers,250,6
3590,2023-03-29,C034,P119,9,MC005,Matthew Gonzalez,Houston,USA,Adapter,Electronics,CableMax,40,800,Holiday Special,10/12/23,24/12/23,Email + Social Media,10000,Silver and Gold Tiers,360,3
3591,2023-01-28,C007,P110,1,MC001,Ava Kowalski,Chicago,USA,Briefcase,Accessories,ProtectPro,120,900,Spring Sale,1/3/23,15/3/23,Email,5000,All Customers,120,1
3592,2023-07-13,C024,P117,3,MC004,Samuel Kim,Chicago,USA,Bluetooth Speaker,Electronics,SoundWave,140,200,Black Friday,24/11/23,27/11/23,Multi-channel,25000,All Customers,420,7
3593,2023-06-05,C031,P119,2,MC002,Zoe Ramirez,Miami,USA,Adapter,Electronics,CableMax,40,800,Summer Clearance,15/6/23,30/6/23,Social Media,7500,Gold Tier,80,6
3594,2023-01-17,C019,P117,4,MC005,Abigail Nakamura,Chicago,USA,Bluetooth Speaker,Electronics,SoundWave,140,200,Holiday Special,10/12/23,24/12/23,Email + Social Media,10000,Silver and Gold Tiers,560,1
3595,2023-11-11,C036,P103,8,MC001,Ryan Müller,Los Angeles,USA,USB-C Cable,Accessories,CableMax,15,1000,Spring Sale,1/3/23,15/3/23,Email,5000,All Customers,120,11
3596,2023-09-22,C001,P118,5,MC004,John Doe,New York,USA,External Microphone,Electronics,TechGear,60,1400,Black Friday,24/11/23,27/11/23,Multi-channel,25000,All Customers,300,9
3597,2023-03-21,C044,P101,7,MC005,Gabriel Santos,Los Angeles,USA,Wireless Mouse,Electronics,TechGear,20,500,Holiday Special,10/12/23,24/12/23,Email + Social Media,10000,Silver and Gold Tiers,140,3
3598,2023-12-22,C013,P115,10,MC005,Amelia Gupta,Houston,USA,Gaming Headset,Electronics,SoundWave,50,200,Holiday Special,10/12/23,24/12/23,Email + Social Media,10000,Silver and Gold Tiers,500,12
3599,2023-07-19,C046,P106,8,MC003,Isaac Nkosi,Houston,USA,Keyboard,Electronics,TechGear,110,1000,Back to School,1/8/23,31/8/23,TV,15000,Families,880,7
3600,2023-10-05,C047,P103,3,MC002,Leah Fontaine,Miami,USA,USB-C Cable,Accessories,CableMax,15,1000,Summer Clearance,15/6/23,30/6/23,Social Media,7500,Gold Tier,45,10
3601,2023-09-12,C042,P107,4,MC005,Owen Takahashi,New York,USA,Standing Desk,Accessories,SoundWave,140,1100,Holiday Special,10/12/23,24/12/23,Email + Social Media,10000,Silver and Gold Tiers,560,9
3602,2023-06-14,C011,P113,6,MC002,Charlotte Hoffman,New York,USA,Bluetooth Headphones Charger,Electronics,CableMax,150,300,Summer Clearance,15/6/23,30/6/23,Social Media,7500,Gold Tier,900,6
3603,2023-11-20,C014,P103,7,MC001,Benjamin Larsson,Los Angeles,USA,USB-C Cable,Accessories,CableMax,15,1000,Spring Sale,1/3/23,15/3/23,Email,5000,All Customers,105,11
3604,2023-03-26,C033,P114,9,MC001,Lily Sørensen,New York,USA,Suitcase,Accessories,ProtectPro,120,1100,Spring Sale,1/3/23,15/3/23,Email,5000,All Customers,1080,3
3605,2023-10-11,C024,P109,7,MC002,Samuel Kim,Chicago,USA,Laptop,Electronics,TechGear,20,200,Summer Clearance,15/6/23,30/6/23,Social Media,7500,Gold Tier,140,10
3606,2023-02-07,C007,P106,10,MC001,Ava Kowalski,Chicago,USA,Keyboard,Electronics,TechGear,110,1000,Spring Sale,1/3/23,15/3/23,Email,5000,All Customers,1100,2
3607,2023-01-16,C044,P115,10,MC002,Gabriel Santos,Los Angeles,USA,Gaming Headset,Electronics,SoundWave,50,200,Summer Clearance,15/6/23,30/6/23,Social Media,7500,Gold Tier,500,1
3608,2023-10-29,C010,P101,6,MC004,William Diaz,New York,USA,Wireless Mouse,Electronics,TechGear,20,500,Black Friday,24/11/23,27/11/23,Multi-channel,25000,All Customers,120,10
3609,2023-09-30,C049,P118,7,MC005,Mila Popovic,Los Angeles,USA,External Microphone,Electronics,TechGear,60,1400,Holiday Special,10/12/23,24/12/23,Email + Social Media,10000,Silver and Gold Tiers,420,9
3610,2023-05-09,C046,P102,6,MC004,Isaac Nkosi,Houston,USA,Bluetooth Headphones,Electronics,SoundWave,30,300,Black Friday,24/11/23,27/11/23,Multi-channel,25000,All Customers,180,5
3611,2023-02-08,C046,P115,9,MC005,Isaac Nkosi,Houston,USA,Gaming Headset,Electronics,SoundWave,50,200,Holiday Special,10/12/23,24/12/23,Email + Social Media,10000,Silver and Gold Tiers,450,2
3612,2023-05-16,C012,P105,2,MC001,James Choi,Chicago,USA,Smart Watch,Electronics,TechGear,25,200,Spring Sale,1/3/23,15/3/23,Email,5000,All Customers,50,5
3613,2023-06-13,C040,P106,2,MC001,Jack O'Brien,Miami,USA,Keyboard,Electronics,TechGear,110,1000,Spring Sale,1/3/23,15/3/23,Email,5000,All Customers,220,6
3614,2023-12-11,C041,P110,6,MC005,Audrey Kuznetsov,Miami,USA,Briefcase,Accessories,ProtectPro,120,900,Holiday Special,10/12/23,24/12/23,Email + Social Media,10000,Silver and Gold Tiers,720,12
3615,2023-06-19,C040,P113,9,MC004,Jack O'Brien,Miami,USA,Bluetooth Headphones Charger,Electronics,CableMax,150,300,Black Friday,24/11/23,27/11/23,Multi-channel,25000,All Customers,1350,6
3616,2023-09-15,C014,P115,4,MC003,Benjamin Larsson,Los Angeles,USA,Gaming Headset,Electronics,SoundWave,50,200,Back to School,1/8/23,31/8/23,TV,15000,Families,200,9
3617,2023-06-16,C038,P102,8,MC004,Thomas Sanchez,Houston,USA,Bluetooth Headphones,Electronics,SoundWave,30,300,Black Friday,24/11/23,27/11/23,Multi-channel,25000,All Customers,240,6
3618,2023-04-08,C039,P106,7,MC002,Penelope Cheng,Los Angeles,USA,Keyboard,Electronics,TechGear,110,1000,Summer Clearance,15/6/23,30/6/23,Social Media,7500,Gold Tier,770,4
3619,2023-11-11,C043,P110,7,MC003,Hannah Eriksson,New York,USA,Briefcase,Accessories,ProtectPro,120,900,Back to School,1/8/23,31/8/23,TV,15000,Families,840,11
3620,2023-12-05,C007,P103,9,MC003,Ava Kowalski,Chicago,USA,USB-C Cable,Accessories,CableMax,15,1000,Back to School,1/8/23,31/8/23,TV,15000,Families,135,12
3621,2023-06-18,C039,P120,3,MC005,Penelope Cheng,Los Angeles,USA,Keyboard Mousepad,Accessories,TechGear,50,400,Holiday Special,10/12/23,24/12/23,Email + Social Media,10000,Silver and Gold Tiers,150,6
3622,2023-06-13,C036,P110,9,MC001,Ryan Müller,Los Angeles,USA,Briefcase,Accessories,ProtectPro,120,900,Spring Sale,1/3/23,15/3/23,Email,5000,All Customers,1080,6
3623,2023-11-19,C024,P116,10,MC004,Samuel Kim,Chicago,USA,Cleanup Kit,Accessories,TechGear,20,1300,Black Friday,24/11/23,27/11/23,Multi-channel,25000,All Customers,200,11
3624,2023-02-09,C035,P107,6,MC002,Scarlett Watanabe,Los Angeles,USA,Standing Desk,Accessories,SoundWave,140,1100,Summer Clearance,15/6/23,30/6/23,Social Media,7500,Gold Tier,840,2
3625,2023-09-15,C010,P113,7,MC004,William Diaz,New York,USA,Bluetooth Headphones Charger,Electronics,CableMax,150,300,Black Friday,24/11/23,27/11/23,Multi-channel,25000,All Customers,1050,9
3626,2023-01-16,C050,P107,3,MC002,Caleb Reyes,Houston,USA,Standing Desk,Accessories,SoundWave,140,1100,Summer Clearance,15/6/23,30/6/23,Social Media,7500,Gold Tier,420,1
3627,2023-06-27,C020,P112,5,MC001,Michael Andersen,Houston,USA,Desk Chair,Accessories,TechGear,40,500,Spring Sale,1/3/23,15/3/23,Email,5000,All Customers,200,6
3628,2023-08-07,C011,P112,5,MC001,Charlotte Hoffman,New York,USA,Desk Chair,Accessories,TechGear,40,500,Spring Sale,1/3/23,15/3/23,Email,5000,All Customers,200,8
3629,2023-03-01,C006,P107,8,MC001,Noah Chen,Los Angeles,USA,Standing Desk,Accessories,SoundWave,140,1100,Spring Sale,1/3/23,15/3/23,Email,5000,All Customers,1120,3
3630,2023-08-02,C019,P111,6,MC003,Abigail Nakamura,Chicago,USA,Backpack,Accessories,ProtectPro,30,1300,Back to School,1/8/23,31/8/23,TV,15000,Families,180,8
3631,2023-06-06,C029,P119,1,MC005,Chloe Dubois,Miami,USA,Adapter,Electronics,CableMax,40,800,Holiday Special,10/12/23,24/12/23,Email + Social Media,10000,Silver and Gold Tiers,40,6
3632,2023-09-10,C029,P117,5,MC004,Chloe Dubois,Miami,USA,Bluetooth Speaker,Electronics,SoundWave,140,200,Black Friday,24/11/23,27/11/23,Multi-channel,25000,All Customers,700,9
3633,2023-12-07,C050,P109,10,MC002,Caleb Reyes,Houston,USA,Laptop,Electronics,TechGear,20,200,Summer Clearance,15/6/23,30/6/23,Social Media,7500,Gold Tier,200,12
3634,2023-02-10,C050,P108,10,MC002,Caleb Reyes,Houston,USA,Computer Case,Accessories,ProtectPro,110,500,Summer Clearance,15/6/23,30/6/23,Social Media,7500,Gold Tier,1100,2
3635,2023-05-27,C005,P108,10,MC001,Emma Brown,Miami,USA,Computer Case,Accessories,ProtectPro,110,500,Spring Sale,1/3/23,15/3/23,Email,5000,All Customers,1100,5
3636,2023-03-19,C032,P109,8,MC005,Christopher Lee,Los Angeles,USA,Laptop,Electronics,TechGear,20,200,Holiday Special,10/12/23,24/12/23,Email + Social Media,10000,Silver and Gold Tiers,160,3
3637,2023-05-16,C019,P113,5,MC002,Abigail Nakamura,Chicago,USA,Bluetooth Headphones Charger,Electronics,CableMax,150,300,Summer Clearance,15/6/23,30/6/23,Social Media,7500,Gold Tier,750,5
3638,2023-02-24,C022,P114,7,MC003,Daniel Fernandez,Chicago,USA,Suitcase,Accessories,ProtectPro,120,1100,Back to School,1/8/23,31/8/23,TV,15000,Families,840,2
3639,2023-09-17,C035,P107,3,MC001,Scarlett Watanabe,Los Angeles,USA,Standing Desk,Accessories,SoundWave,140,1100,Spring Sale,1/3/23,15/3/23,Email,5000,All Customers,420,9
3640,2023-08-16,C026,P115,1,MC005,David Okafor,Los Angeles,USA,Gaming Headset,Electronics,SoundWave,50,200,Holiday Special,10/12/23,24/12/23,Email + Social Media,10000,Silver and Gold Tiers,50,8
3641,2023-11-10,C005,P102,9,MC004,Emma Brown,Miami,USA,Bluetooth Headphones,Electronics,SoundWave,30,300,Black Friday,24/11/23,27/11/23,Multi-channel,25000,All Customers,270,11
3642,2023-01-28,C030,P103,5,MC004,Andrew Ivanov,Miami,USA,USB-C Cable,Accessories,CableMax,15,1000,Black Friday,24/11/23,27/11/23,Multi-channel,25000,All Customers,75,1
3643,2023-08-25,C036,P120,3,MC005,Ryan Müller,Los Angeles,USA,Keyboard Mousepad,Accessories,TechGear,50,400,Holiday Special,10/12/23,24/12/23,Email + Social Media,10000,Silver and Gold Tiers,150,8
3644,2023-05-31,C009,P101,6,MC005,Isabella Tanaka,Chicago,USA,Wireless Mouse,Electronics,TechGear,20,500,Holiday Special,10/12/23,24/12/23,Email + Social Media,10000,Silver and Gold Tiers,120,5
3645,2023-09-08,C035,P105,2,MC002,Scarlett Watanabe,Los Angeles,USA,Smart Watch,Electronics,TechGear,25,200,Summer Clearance,15/6/23,30/6/23,Social Media,7500,Gold Tier,50,9
3646,2023-10-23,C049,P116,10,MC001,Mila Popovic,Los Angeles,USA,Cleanup Kit,Accessories,TechGear,20,1300,Spring Sale,1/3/23,15/3/23,Email,5000,All Customers,200,10
3647,2023-01-19,C008,P104,7,MC001,Mason Fitzgerald,Houston,USA,Phone Case,Accessories,ProtectPro,10,800,Spring Sale,1/3/23,15/3/23,Email,5000,All Customers,70,1
3648,2023-06-12,C045,P103,2,MC004,Nora Zimmerman,Houston,USA,USB-C Cable,Accessories,CableMax,15,1000,Black Friday,24/11/23,27/11/23,Multi-channel,25000,All Customers,30,6
3649,2023-11-19,C008,P120,1,MC001,Mason Fitzgerald,Houston,USA,Keyboard Mousepad,Accessories,TechGear,50,400,Spring Sale,1/3/23,15/3/23,Email,5000,All Customers,50,11
3650,2023-10-11,C041,P118,6,MC002,Audrey Kuznetsov,Miami,USA,External Microphone,Electronics,TechGear,60,1400,Summer Clearance,15/6/23,30/6/23,Social Media,7500,Gold Tier,360,10
3651,2023-11-07,C013,P117,1,MC004,Amelia Gupta,Houston,USA,Bluetooth Speaker,Electronics,SoundWave,140,200,Black Friday,24/11/23,27/11/23,Multi-channel,25000,All Customers,140,11
3652,2023-07-10,C009,P109,6,MC004,Isabella Tanaka,Chicago,USA,Laptop,Electronics,TechGear,20,200,Black Friday,24/11/23,27/11/23,Multi-channel,25000,All Customers,120,7
3653,2023-12-16,C011,P109,2,MC001,Charlotte Hoffman,New York,USA,Laptop,Electronics,TechGear,20,200,Spring Sale,1/3/23,15/3/23,Email,5000,All Customers,40,12
3654,2023-11-13,C050,P114,4,MC005,Caleb Reyes,Houston,USA,Suitcase,Accessories,ProtectPro,120,1100,Holiday Special,10/12/23,24/12/23,Email + Social Media,10000,Silver and Gold Tiers,480,11
3655,2023-09-02,C014,P113,10,MC002,Benjamin Larsson,Los Angeles,USA,Bluetooth Headphones Charger,Electronics,CableMax,150,300,Summer Clearance,15/6/23,30/6/23,Social Media,7500,Gold Tier,1500,9
3656,2023-03-12,C034,P113,7,MC002,Matthew Gonzalez,Houston,USA,Bluetooth Headphones Charger,Electronics,CableMax,150,300,Summer Clearance,15/6/23,30/6/23,Social Media,7500,Gold Tier,1050,3
3657,2023-12-01,C006,P108,1,MC001,Noah Chen,Los Angeles,USA,Computer Case,Accessories,ProtectPro,110,500,Spring Sale,1/3/23,15/3/23,Email,5000,All Customers,110,12
3658,2023-03-16,C003,P102,8,MC002,Alice Johnson,Chicago,USA,Bluetooth Headphones,Electronics,SoundWave,30,300,Summer Clearance,15/6/23,30/6/23,Social Media,7500,Gold Tier,240,3
3659,2023-01-06,C042,P117,3,MC001,Owen Takahashi,New York,USA,Bluetooth Speaker,Electronics,SoundWave,140,200,Spring Sale,1/3/23,15/3/23,Email,5000,All Customers,420,1
3660,2023-05-27,C025,P112,10,MC001,Sofia Petrov,Los Angeles,USA,Desk Chair,Accessories,TechGear,40,500,Spring Sale,1/3/23,15/3/23,Email,5000,All Customers,400,5
3661,2023-04-26,C001,P113,9,MC003,John Doe,New York,USA,Bluetooth Headphones Charger,Electronics,CableMax,150,300,Back to School,1/8/23,31/8/23,TV,15000,Families,1350,4
3662,2023-12-04,C029,P102,1,MC001,Chloe Dubois,Miami,USA,Bluetooth Headphones,Electronics,SoundWave,30,300,Spring Sale,1/3/23,15/3/23,Email,5000,All Customers,30,12
3663,2023-08-30,C010,P113,6,MC001,William Diaz,New York,USA,Bluetooth Headphones Charger,Electronics,CableMax,150,300,Spring Sale,1/3/23,15/3/23,Email,5000,All Customers,900,8
3664,2023-03-14,C049,P110,2,MC005,Mila Popovic,Los Angeles,USA,Briefcase,Accessories,ProtectPro,120,900,Holiday Special,10/12/23,24/12/23,Email + Social Media,10000,Silver and Gold Tiers,240,3
3665,2023-05-17,C001,P105,10,MC005,John Doe,New York,USA,Smart Watch,Electronics,TechGear,25,200,Holiday Special,10/12/23,24/12/23,Email + Social Media,10000,Silver and Gold Tiers,250,5
3666,2023-12-01,C049,P116,1,MC003,Mila Popovic,Los Angeles,USA,Cleanup Kit,Accessories,TechGear,20,1300,Back to School,1/8/23,31/8/23,TV,15000,Families,20,12
3667,2023-03-25,C013,P117,8,MC004,Amelia Gupta,Houston,USA,Bluetooth Speaker,Electronics,SoundWave,140,200,Black Friday,24/11/23,27/11/23,Multi-channel,25000,All Customers,1120,3
3668,2023-02-24,C029,P110,7,MC004,Chloe Dubois,Miami,USA,Briefcase,Accessories,ProtectPro,120,900,Black Friday,24/11/23,27/11/23,Multi-channel,25000,All Customers,840,2
3669,2023-07-07,C004,P112,7,MC002,Bob Wilson,Houston,USA,Desk Chair,Accessories,TechGear,40,500,Summer Clearance,15/6/23,30/6/23,Social Media,7500,Gold Tier,280,7
3670,2023-03-05,C034,P101,5,MC003,Matthew Gonzalez,Houston,USA,Wireless Mouse,Electronics,TechGear,20,500,Back to School,1/8/23,31/8/23,TV,15000,Families,100,3
3671,2023-12-10,C017,P114,4,MC005,Evelyn Kovalenko,Houston,USA,Suitcase,Accessories,ProtectPro,120,1100,Holiday Special,10/12/23,24/12/23,Email + Social Media,10000,Silver and Gold Tiers,480,12
3672,2023-11-02,C042,P102,9,MC003,Owen Takahashi,New York,USA,Bluetooth Headphones,Electronics,SoundWave,30,300,Back to School,1/8/23,31/8/23,TV,15000,Families,270,11
3673,2023-11-11,C037,P101,3,MC001,Victoria Kozlov,Chicago,USA,Wireless Mouse,Electronics,TechGear,20,500,Spring Sale,1/3/23,15/3/23,Email,5000,All Customers,60,11
3674,2023-04-28,C050,P117,2,MC005,Caleb Reyes,Houston,USA,Bluetooth Speaker,Electronics,SoundWave,140,200,Holiday Special,10/12/23,24/12/23,Email + Social Media,10000,Silver and Gold Tiers,280,4
3675,2023-07-28,C040,P109,8,MC003,Jack O'Brien,Miami,USA,Laptop,Electronics,TechGear,20,200,Back to School,1/8/23,31/8/23,TV,15000,Families,160,7
3676,2024-01-01,C044,P101,9,MC005,Gabriel Santos,Los Angeles,USA,Wireless Mouse,Electronics,TechGear,20,500,Holiday Special,10/12/23,24/12/23,Email + Social Media,10000,Silver and Gold Tiers,180,1
3677,2023-11-17,C046,P114,4,MC004,Isaac Nkosi,Houston,USA,Suitcase,Accessories,ProtectPro,120,1100,Black Friday,24/11/23,27/11/23,Multi-channel,25000,All Customers,480,11
3678,2023-02-16,C013,P106,6,MC004,Amelia Gupta,Houston,USA,Keyboard,Electronics,TechGear,110,1000,Black Friday,24/11/23,27/11/23,Multi-channel,25000,All Customers,660,2
3679,2023-04-21,C042,P117,3,MC001,Owen Takahashi,New York,USA,Bluetooth Speaker,Electronics,SoundWave,140,200,Spring Sale,1/3/23,15/3/23,Email,5000,All Customers,420,4
3680,2023-06-10,C031,P103,2,MC003,Zoe Ramirez,Miami,USA,USB-C Cable,Accessories,CableMax,15,1000,Back to School,1/8/23,31/8/23,TV,15000,Families,30,6
3681,2023-02-23,C019,P111,5,MC005,Abigail Nakamura,Chicago,USA,Backpack,Accessories,ProtectPro,30,1300,Holiday Special,10/12/23,24/12/23,Email + Social Media,10000,Silver and Gold Tiers,150,2
3682,2023-10-28,C016,P104,1,MC005,Lucas Morales,Los Angeles,USA,Phone Case,Accessories,ProtectPro,10,800,Holiday Special,10/12/23,24/12/23,Email + Social Media,10000,Silver and Gold Tiers,10,10
3683,2023-04-05,C045,P120,2,MC004,Nora Zimmerman,Houston,USA,Keyboard Mousepad,Accessories,TechGear,50,400,Black Friday,24/11/23,27/11/23,Multi-channel,25000,All Customers,100,4
3684,2023-09-06,C050,P116,8,MC005,Caleb Reyes,Houston,USA,Cleanup Kit,Accessories,TechGear,20,1300,Holiday Special,10/12/23,24/12/23,Email + Social Media,10000,Silver and Gold Tiers,160,9
3685,2023-10-20,C029,P119,2,MC003,Chloe Dubois,Miami,USA,Adapter,Electronics,CableMax,40,800,Back to School,1/8/23,31/8/23,TV,15000,Families,80,10
3686,2023-07-09,C042,P101,10,MC003,Owen Takahashi,New York,USA,Wireless Mouse,Electronics,TechGear,20,500,Back to School,1/8/23,31/8/23,TV,15000,Families,200,7
3687,2023-11-17,C012,P111,3,MC002,James Choi,Chicago,USA,Backpack,Accessories,ProtectPro,30,1300,Summer Clearance,15/6/23,30/6/23,Social Media,7500,Gold Tier,90,11
3688,2023-11-11,C042,P119,9,MC004,Owen Takahashi,New York,USA,Adapter,Electronics,CableMax,40,800,Black Friday,24/11/23,27/11/23,Multi-channel,25000,All Customers,360,11
3689,2023-03-25,C014,P105,9,MC003,Benjamin Larsson,Los Angeles,USA,Smart Watch,Electronics,TechGear,25,200,Back to School,1/8/23,31/8/23,TV,15000,Families,225,3
3690,2023-09-06,C040,P107,8,MC005,Jack O'Brien,Miami,USA,Standing Desk,Accessories,SoundWave,140,1100,Holiday Special,10/12/23,24/12/23,Email + Social Media,10000,Silver and Gold Tiers,1120,9
3691,2023-12-22,C046,P118,8,MC003,Isaac Nkosi,Houston,USA,External Microphone,Electronics,TechGear,60,1400,Back to School,1/8/23,31/8/23,TV,15000,Families,480,12
3692,2023-03-28,C006,P116,6,MC001,Noah Chen,Los Angeles,USA,Cleanup Kit,Accessories,TechGear,20,1300,Spring Sale,1/3/23,15/3/23,Email,5000,All Customers,120,3
3693,2023-06-27,C050,P103,7,MC004,Caleb Reyes,Houston,USA,USB-C Cable,Accessories,CableMax,15,1000,Black Friday,24/11/23,27/11/23,Multi-channel,25000,All Customers,105,6
3694,2023-02-14,C020,P108,6,MC002,Michael Andersen,Houston,USA,Computer Case,Accessories,ProtectPro,110,500,Summer Clearance,15/6/23,30/6/23,Social Media,7500,Gold Tier,660,2
3695,2023-07-02,C048,P114,1,MC003,Dylan Suzuki,New York,USA,Suitcase,Accessories,ProtectPro,120,1100,Back to School,1/8/23,31/8/23,TV,15000,Families,120,7
3696,2023-04-07,C016,P110,1,MC002,Lucas Morales,Los Angeles,USA,Briefcase,Accessories,ProtectPro,120,900,Summer Clearance,15/6/23,30/6/23,Social Media,7500,Gold Tier,120,4
3697,2023-04-11,C012,P106,1,MC005,James Choi,Chicago,USA,Keyboard,Electronics,TechGear,110,1000,Holiday Special,10/12/23,24/12/23,Email + Social Media,10000,Silver and Gold Tiers,110,4
3698,2023-07-11,C009,P103,3,MC003,Isabella Tanaka,Chicago,USA,USB-C Cable,Accessories,CableMax,15,1000,Back to School,1/8/23,31/8/23,TV,15000,Families,45,7
3699,2023-04-21,C004,P113,5,MC003,Bob Wilson,Houston,USA,Bluetooth Headphones Charger,Electronics,CableMax,150,300,Back to School,1/8/23,31/8/23,TV,15000,Families,750,4
3700,2023-06-13,C030,P113,1,MC002,Andrew Ivanov,Miami,USA,Bluetooth Headphones Charger,Electronics,CableMax,150,300,Summer Clearance,15/6/23,30/6/23,Social Media,7500,Gold Tier,150,6
3701,2023-11-17,C030,P119,10,MC004,Andrew Ivanov,Miami,USA,Adapter,Electronics,CableMax,40,800,Black Friday,24/11/23,27/11/23,Multi-channel,25000,All Customers,400,11
3702,2023-05-09,C036,P110,7,MC001,Ryan Müller,Los Angeles,USA,Briefcase,Accessories,ProtectPro,120,900,Spring Sale,1/3/23,15/3/23,Email,5000,All Customers,840,5
3703,2023-03-03,C017,P119,4,MC005,Evelyn Kovalenko,Houston,USA,Adapter,Electronics,CableMax,40,800,Holiday Special,10/12/23,24/12/23,Email + Social Media,10000,Silver and Gold Tiers,160,3
3704,2023-03-10,C033,P116,1,MC005,Lily Sørensen,New York,USA,Cleanup Kit,Accessories,TechGear,20,1300,Holiday Special,10/12/23,24/12/23,Email + Social Media,10000,Silver and Gold Tiers,20,3
3705,2023-12-03,C020,P107,1,MC004,Michael Andersen,Houston,USA,Standing Desk,Accessories,SoundWave,140,1100,Black Friday,24/11/23,27/11/23,Multi-channel,25000,All Customers,140,12
3706,2023-11-09,C015,P117,10,MC005,Harper Singh,Houston,USA,Bluetooth Speaker,Electronics,SoundWave,140,200,Holiday Special,10/12/23,24/12/23,Email + Social Media,10000,Silver and Gold Tiers,1400,11
3707,2023-02-18,C011,P117,5,MC003,Charlotte Hoffman,New York,USA,Bluetooth Speaker,Electronics,SoundWave,140,200,Back to School,1/8/23,31/8/23,TV,15000,Families,700,2
3708,2023-11-10,C007,P115,2,MC001,Ava Kowalski,Chicago,USA,Gaming Headset,Electronics,SoundWave,50,200,Spring Sale,1/3/23,15/3/23,Email,5000,All Customers,100,11
3709,2023-08-08,C026,P118,8,MC003,David Okafor,Los Angeles,USA,External Microphone,Electronics,TechGear,60,1400,Back to School,1/8/23,31/8/23,TV,15000,Families,480,8
3710,2023-08-30,C022,P102,6,MC002,Daniel Fernandez,Chicago,USA,Bluetooth Headphones,Electronics,SoundWave,30,300,Summer Clearance,15/6/23,30/6/23,Social Media,7500,Gold Tier,180,8
3711,2023-11-27,C009,P106,7,MC003,Isabella Tanaka,Chicago,USA,Keyboard,Electronics,TechGear,110,1000,Back to School,1/8/23,31/8/23,TV,15000,Families,770,11
3712,2023-09-12,C003,P110,9,MC003,Alice Johnson,Chicago,USA,Briefcase,Accessories,ProtectPro,120,900,Back to School,1/8/23,31/8/23,TV,15000,Families,1080,9
3713,2023-03-03,C008,P103,8,MC005,Mason Fitzgerald,Houston,USA,USB-C Cable,Accessories,CableMax,15,1000,Holiday Special,10/12/23,24/12/23,Email + Social Media,10000,Silver and Gold Tiers,120,3
3714,2023-10-19,C039,P104,8,MC001,Penelope Cheng,Los Angeles,USA,Phone Case,Accessories,ProtectPro,10,800,Spring Sale,1/3/23,15/3/23,Email,5000,All Customers,80,10
3715,2023-04-13,C004,P117,4,MC002,Bob Wilson,Houston,USA,Bluetooth Speaker,Electronics,SoundWave,140,200,Summer Clearance,15/6/23,30/6/23,Social Media,7500,Gold Tier,560,4
3716,2023-10-31,C035,P112,2,MC003,Scarlett Watanabe,Los Angeles,USA,Desk Chair,Accessories,TechGear,40,500,Back to School,1/8/23,31/8/23,TV,15000,Families,80,10
3717,2023-11-12,C008,P112,2,MC001,Mason Fitzgerald,Houston,USA,Desk Chair,Accessories,TechGear,40,500,Spring Sale,1/3/23,15/3/23,Email,5000,All Customers,80,11
3718,2023-05-04,C027,P107,3,MC003,Grace Yamamoto,Chicago,USA,Standing Desk,Accessories,SoundWave,140,1100,Back to School,1/8/23,31/8/23,TV,15000,Families,420,5
3719,2023-02-17,C020,P105,8,MC001,Michael Andersen,Houston,USA,Smart Watch,Electronics,TechGear,25,200,Spring Sale,1/3/23,15/3/23,Email,5000,All Customers,200,2
3720,2023-10-29,C007,P118,6,MC004,Ava Kowalski,Chicago,USA,External Microphone,Electronics,TechGear,60,1400,Black Friday,24/11/23,27/11/23,Multi-channel,25000,All Customers,360,10
3721,2023-11-19,C037,P120,8,MC002,Victoria Kozlov,Chicago,USA,Keyboard Mousepad,Accessories,TechGear,50,400,Summer Clearance,15/6/23,30/6/23,Social Media,7500,Gold Tier,400,11
3722,2023-05-04,C042,P106,9,MC003,Owen Takahashi,New York,USA,Keyboard,Electronics,TechGear,110,1000,Back to School,1/8/23,31/8/23,TV,15000,Families,990,5
3723,2023-05-20,C033,P102,8,MC001,Lily Sørensen,New York,USA,Bluetooth Headphones,Electronics,SoundWave,30,300,Spring Sale,1/3/23,15/3/23,Email,5000,All Customers,240,5
3724,2023-01-30,C036,P105,5,MC004,Ryan Müller,Los Angeles,USA,Smart Watch,Electronics,TechGear,25,200,Black Friday,24/11/23,27/11/23,Multi-channel,25000,All Customers,125,1
3725,2023-02-04,C048,P112,3,MC001,Dylan Suzuki,New York,USA,Desk Chair,Accessories,TechGear,40,500,Spring Sale,1/3/23,15/3/23,Email,5000,All Customers,120,2
3726,2023-02-05,C021,P118,2,MC003,Emily Schwartz,Los Angeles,USA,External Microphone,Electronics,TechGear,60,1400,Back to School,1/8/23,31/8/23,TV,15000,Families,120,2
3727,2023-11-08,C014,P107,1,MC005,Benjamin Larsson,Los Angeles,USA,Standing Desk,Accessories,SoundWave,140,1100,Holiday Special,10/12/23,24/12/23,Email + Social Media,10000,Silver and Gold Tiers,140,11
3728,2023-12-22,C019,P115,3,MC001,Abigail Nakamura,Chicago,USA,Gaming Headset,Electronics,SoundWave,50,200,Spring Sale,1/3/23,15/3/23,Email,5000,All Customers,150,12
3729,2023-09-24,C037,P109,1,MC005,Victoria Kozlov,Chicago,USA,Laptop,Electronics,TechGear,20,200,Holiday Special,10/12/23,24/12/23,Email + Social Media,10000,Silver and Gold Tiers,20,9
3730,2023-09-07,C047,P114,2,MC001,Leah Fontaine,Miami,USA,Suitcase,Accessories,ProtectPro,120,1100,Spring Sale,1/3/23,15/3/23,Email,5000,All Customers,240,9
3731,2023-09-19,C026,P106,10,MC001,David Okafor,Los Angeles,USA,Keyboard,Electronics,TechGear,110,1000,Spring Sale,1/3/23,15/3/23,Email,5000,All Customers,1100,9
3732,2023-09-02,C025,P115,5,MC002,Sofia Petrov,Los Angeles,USA,Gaming Headset,Electronics,SoundWave,50,200,Summer Clearance,15/6/23,30/6/23,Social Media,7500,Gold Tier,250,9
3733,2023-12-17,C011,P111,7,MC004,Charlotte Hoffman,New York,USA,Backpack,Accessories,ProtectPro,30,1300,Black Friday,24/11/23,27/11/23,Multi-channel,25000,All Customers,210,12
3734,2023-05-07,C049,P110,3,MC003,Mila Popovic,Los Angeles,USA,Briefcase,Accessories,ProtectPro,120,900,Back to School,1/8/23,31/8/23,TV,15000,Families,360,5
3735,2023-11-04,C001,P109,3,MC003,John Doe,New York,USA,Laptop,Electronics,TechGear,20,200,Back to School,1/8/23,31/8/23,TV,15000,Families,60,11
3736,2023-08-24,C007,P120,6,MC002,Ava Kowalski,Chicago,USA,Keyboard Mousepad,Accessories,TechGear,50,400,Summer Clearance,15/6/23,30/6/23,Social Media,7500,Gold Tier,300,8
3737,2023-10-18,C026,P115,4,MC005,David Okafor,Los Angeles,USA,Gaming Headset,Electronics,SoundWave,50,200,Holiday Special,10/12/23,24/12/23,Email + Social Media,10000,Silver and Gold Tiers,200,10
3738,2023-01-06,C035,P102,3,MC002,Scarlett Watanabe,Los Angeles,USA,Bluetooth Headphones,Electronics,SoundWave,30,300,Summer Clearance,15/6/23,30/6/23,Social Media,7500,Gold Tier,90,1
3739,2023-06-28,C035,P112,6,MC003,Scarlett Watanabe,Los Angeles,USA,Desk Chair,Accessories,TechGear,40,500,Back to School,1/8/23,31/8/23,TV,15000,Families,240,6
3740,2023-10-29,C030,P102,5,MC001,Andrew Ivanov,Miami,USA,Bluetooth Headphones,Electronics,SoundWave,30,300,Spring Sale,1/3/23,15/3/23,Email,5000,All Customers,150,10
3741,2023-04-03,C002,P101,5,MC003,Jane Smith,Los Angeles,USA,Wireless Mouse,Electronics,TechGear,20,500,Back to School,1/8/23,31/8/23,TV,15000,Families,100,4
3742,2023-07-20,C002,P117,9,MC004,Jane Smith,Los Angeles,USA,Bluetooth Speaker,Electronics,SoundWave,140,200,Black Friday,24/11/23,27/11/23,Multi-channel,25000,All Customers,1260,7
3743,2023-12-11,C037,P115,5,MC003,Victoria Kozlov,Chicago,USA,Gaming Headset,Electronics,SoundWave,50,200,Back to School,1/8/23,31/8/23,TV,15000,Families,250,12
3744,2023-06-04,C006,P102,4,MC005,Noah Chen,Los Angeles,USA,Bluetooth Headphones,Electronics,SoundWave,30,300,Holiday Special,10/12/23,24/12/23,Email + Social Media,10000,Silver and Gold Tiers,120,6
3745,2023-05-03,C047,P113,5,MC004,Leah Fontaine,Miami,USA,Bluetooth Headphones Charger,Electronics,CableMax,150,300,Black Friday,24/11/23,27/11/23,Multi-channel,25000,All Customers,750,5
3746,2023-05-20,C040,P110,9,MC001,Jack O'Brien,Miami,USA,Briefcase,Accessories,ProtectPro,120,900,Spring Sale,1/3/23,15/3/23,Email,5000,All Customers,1080,5
3747,2023-05-23,C028,P109,4,MC002,Joseph Mendoza,New York,USA,Laptop,Electronics,TechGear,20,200,Summer Clearance,15/6/23,30/6/23,Social Media,7500,Gold Tier,80,5
3748,2023-04-18,C030,P113,2,MC005,Andrew Ivanov,Miami,USA,Bluetooth Headphones Charger,Electronics,CableMax,150,300,Holiday Special,10/12/23,24/12/23,Email + Social Media,10000,Silver and Gold Tiers,300,4
3749,2023-12-30,C004,P107,8,MC003,Bob Wilson,Houston,USA,Standing Desk,Accessories,SoundWave,140,1100,Back to School,1/8/23,31/8/23,TV,15000,Families,1120,12
3750,2023-09-28,C018,P118,1,MC004,Alexander Rossi,New York,USA,External Microphone,Electronics,TechGear,60,1400,Black Friday,24/11/23,27/11/23,Multi-channel,25000,All Customers,60,9
3751,2023-11-24,C033,P106,9,MC005,Lily Sørensen,New York,USA,Keyboard,Electronics,TechGear,110,1000,Holiday Special,10/12/23,24/12/23,Email + Social Media,10000,Silver and Gold Tiers,990,11
3752,2023-09-21,C026,P116,7,MC002,David Okafor,Los Angeles,USA,Cleanup Kit,Accessories,TechGear,20,1300,Summer Clearance,15/6/23,30/6/23,Social Media,7500,Gold Tier,140,9
3753,2023-07-06,C029,P115,4,MC005,Chloe Dubois,Miami,USA,Gaming Headset,Electronics,SoundWave,50,200,Holiday Special,10/12/23,24/12/23,Email + Social Media,10000,Silver and Gold Tiers,200,7
3754,2023-02-12,C004,P109,1,MC001,Bob Wilson,Houston,USA,Laptop,Electronics,TechGear,20,200,Spring Sale,1/3/23,15/3/23,Email,5000,All Customers,20,2
3755,2023-06-02,C021,P105,7,MC005,Emily Schwartz,Los Angeles,USA,Smart Watch,Electronics,TechGear,25,200,Holiday Special,10/12/23,24/12/23,Email + Social Media,10000,Silver and Gold Tiers,175,6
3756,2023-07-21,C017,P108,1,MC004,Evelyn Kovalenko,Houston,USA,Computer Case,Accessories,ProtectPro,110,500,Black Friday,24/11/23,27/11/23,Multi-channel,25000,All Customers,110,7
3757,2023-11-30,C040,P115,9,MC005,Jack O'Brien,Miami,USA,Gaming Headset,Electronics,SoundWave,50,200,Holiday Special,10/12/23,24/12/23,Email + Social Media,10000,Silver and Gold Tiers,450,11
3758,2023-07-20,C046,P119,6,MC003,Isaac Nkosi,Houston,USA,Adapter,Electronics,CableMax,40,800,Back to School,1/8/23,31/8/23,TV,15000,Families,240,7
3759,2023-11-23,C022,P106,8,MC005,Daniel Fernandez,Chicago,USA,Keyboard,Electronics,TechGear,110,1000,Holiday Special,10/12/23,24/12/23,Email + Social Media,10000,Silver and Gold Tiers,880,11
3760,2023-01-31,C023,P117,10,MC001,Elizabeth Novak,Miami,USA,Bluetooth Speaker,Electronics,SoundWave,140,200,Spring Sale,1/3/23,15/3/23,Email,5000,All Customers,1400,1
3761,2023-08-02,C015,P107,7,MC002,Harper Singh,Houston,USA,Standing Desk,Accessories,SoundWave,140,1100,Summer Clearance,15/6/23,30/6/23,Social Media,7500,Gold Tier,980,8
3762,2023-12-07,C044,P110,7,MC003,Gabriel Santos,Los Angeles,USA,Briefcase,Accessories,ProtectPro,120,900,Back to School,1/8/23,31/8/23,TV,15000,Families,840,12
3763,2023-08-08,C032,P119,3,MC002,Christopher Lee,Los Angeles,USA,Adapter,Electronics,CableMax,40,800,Summer Clearance,15/6/23,30/6/23,Social Media,7500,Gold Tier,120,8
3764,2023-06-04,C015,P103,7,MC004,Harper Singh,Houston,USA,USB-C Cable,Accessories,CableMax,15,1000,Black Friday,24/11/23,27/11/23,Multi-channel,25000,All Customers,105,6
3765,2023-08-22,C021,P107,1,MC001,Emily Schwartz,Los Angeles,USA,Standing Desk,Accessories,SoundWave,140,1100,Spring Sale,1/3/23,15/3/23,Email,5000,All Customers,140,8
3766,2023-11-13,C020,P103,2,MC004,Michael Andersen,Houston,USA,USB-C Cable,Accessories,CableMax,15,1000,Black Friday,24/11/23,27/11/23,Multi-channel,25000,All Customers,30,11
3767,2023-08-23,C029,P107,6,MC004,Chloe Dubois,Miami,USA,Standing Desk,Accessories,SoundWave,140,1100,Black Friday,24/11/23,27/11/23,Multi-channel,25000,All Customers,840,8
3768,2023-12-14,C032,P118,3,MC001,Christopher Lee,Los Angeles,USA,External Microphone,Electronics,TechGear,60,1400,Spring Sale,1/3/23,15/3/23,Email,5000,All Customers,180,12
3769,2023-01-31,C043,P109,5,MC002,Hannah Eriksson,New York,USA,Laptop,Electronics,TechGear,20,200,Summer Clearance,15/6/23,30/6/23,Social Media,7500,Gold Tier,100,1
3770,2023-10-26,C043,P106,9,MC004,Hannah Eriksson,New York,USA,Keyboard,Electronics,TechGear,110,1000,Black Friday,24/11/23,27/11/23,Multi-channel,25000,All Customers,990,10
3771,2023-05-02,C043,P117,2,MC001,Hannah Eriksson,New York,USA,Bluetooth Speaker,Electronics,SoundWave,140,200,Spring Sale,1/3/23,15/3/23,Email,5000,All Customers,280,5
3772,2023-07-12,C002,P120,8,MC003,Jane Smith,Los Angeles,USA,Keyboard Mousepad,Accessories,TechGear,50,400,Back to School,1/8/23,31/8/23,TV,15000,Families,400,7
3773,2023-10-20,C030,P101,2,MC004,Andrew Ivanov,Miami,USA,Wireless Mouse,Electronics,TechGear,20,500,Black Friday,24/11/23,27/11/23,Multi-channel,25000,All Customers,40,10
3774,2023-12-25,C028,P113,10,MC005,Joseph Mendoza,New York,USA,Bluetooth Headphones Charger,Electronics,CableMax,150,300,Holiday Special,10/12/23,24/12/23,Email + Social Media,10000,Silver and Gold Tiers,1500,12
3775,2023-03-21,C033,P103,3,MC001,Lily Sørensen,New York,USA,USB-C Cable,Accessories,CableMax,15,1000,Spring Sale,1/3/23,15/3/23,Email,5000,All Customers,45,3
3776,2023-07-14,C018,P112,9,MC005,Alexander Rossi,New York,USA,Desk Chair,Accessories,TechGear,40,500,Holiday Special,10/12/23,24/12/23,Email + Social Media,10000,Silver and Gold Tiers,360,7
3777,2023-09-19,C042,P104,2,MC001,Owen Takahashi,New York,USA,Phone Case,Accessories,ProtectPro,10,800,Spring Sale,1/3/23,15/3/23,Email,5000,All Customers,20,9
3778,2023-07-12,C033,P115,4,MC004,Lily Sørensen,New York,USA,Gaming Headset,Electronics,SoundWave,50,200,Black Friday,24/11/23,27/11/23,Multi-channel,25000,All Customers,200,7
3779,2023-05-23,C047,P102,4,MC001,Leah Fontaine,Miami,USA,Bluetooth Headphones,Electronics,SoundWave,30,300,Spring Sale,1/3/23,15/3/23,Email,5000,All Customers,120,5
3780,2023-06-11,C045,P112,10,MC001,Nora Zimmerman,Houston,USA,Desk Chair,Accessories,TechGear,40,500,Spring Sale,1/3/23,15/3/23,Email,5000,All Customers,400,6
3781,2023-10-28,C014,P110,4,MC001,Benjamin Larsson,Los Angeles,USA,Briefcase,Accessories,ProtectPro,120,900,Spring Sale,1/3/23,15/3/23,Email,5000,All Customers,480,10
3782,2023-11-14,C011,P106,10,MC002,Charlotte Hoffman,New York,USA,Keyboard,Electronics,TechGear,110,1000,Summer Clearance,15/6/23,30/6/23,Social Media,7500,Gold Tier,1100,11
3783,2023-02-15,C017,P105,2,MC003,Evelyn Kovalenko,Houston,USA,Smart Watch,Electronics,TechGear,25,200,Back to School,1/8/23,31/8/23,TV,15000,Families,50,2
3784,2023-05-22,C036,P119,6,MC001,Ryan Müller,Los Angeles,USA,Adapter,Electronics,CableMax,40,800,Spring Sale,1/3/23,15/3/23,Email,5000,All Customers,240,5
3785,2023-03-16,C031,P114,1,MC004,Zoe Ramirez,Miami,USA,Suitcase,Accessories,ProtectPro,120,1100,Black Friday,24/11/23,27/11/23,Multi-channel,25000,All Customers,120,3
3786,2023-05-07,C033,P110,9,MC001,Lily Sørensen,New York,USA,Briefcase,Accessories,ProtectPro,120,900,Spring Sale,1/3/23,15/3/23,Email,5000,All Customers,1080,5
3787,2023-06-17,C035,P107,3,MC004,Scarlett Watanabe,Los Angeles,USA,Standing Desk,Accessories,SoundWave,140,1100,Black Friday,24/11/23,27/11/23,Multi-channel,25000,All Customers,420,6
3788,2023-05-14,C013,P101,9,MC003,Amelia Gupta,Houston,USA,Wireless Mouse,Electronics,TechGear,20,500,Back to School,1/8/23,31/8/23,TV,15000,Families,180,5
3789,2023-03-10,C001,P101,2,MC004,John Doe,New York,USA,Wireless Mouse,Electronics,TechGear,20,500,Black Friday,24/11/23,27/11/23,Multi-channel,25000,All Customers,40,3
3790,2023-11-09,C004,P111,3,MC004,Bob Wilson,Houston,USA,Backpack,Accessories,ProtectPro,30,1300,Black Friday,24/11/23,27/11/23,Multi-channel,25000,All Customers,90,11
3791,2023-08-31,C050,P109,10,MC002,Caleb Reyes,Houston,USA,Laptop,Electronics,TechGear,20,200,Summer Clearance,15/6/23,30/6/23,Social Media,7500,Gold Tier,200,8
3792,2023-10-24,C005,P114,6,MC005,Emma Brown,Miami,USA,Suitcase,Accessories,ProtectPro,120,1100,Holiday Special,10/12/23,24/12/23,Email + Social Media,10000,Silver and Gold Tiers,720,10
3793,2023-12-30,C022,P112,6,MC001,Daniel Fernandez,Chicago,USA,Desk Chair,Accessories,TechGear,40,500,Spring Sale,1/3/23,15/3/23,Email,5000,All Customers,240,12
3794,2023-12-22,C048,P107,9,MC004,Dylan Suzuki,New York,USA,Standing Desk,Accessories,SoundWave,140,1100,Black Friday,24/11/23,27/11/23,Multi-channel,25000,All Customers,1260,12
3795,2023-11-10,C034,P110,2,MC003,Matthew Gonzalez,Houston,USA,Briefcase,Accessories,ProtectPro,120,900,Back to School,1/8/23,31/8/23,TV,15000,Families,240,11
3796,2023-12-17,C014,P120,5,MC002,Benjamin Larsson,Los Angeles,USA,Keyboard Mousepad,Accessories,TechGear,50,400,Summer Clearance,15/6/23,30/6/23,Social Media,7500,Gold Tier,250,12
3797,2023-03-30,C009,P119,6,MC004,Isabella Tanaka,Chicago,USA,Adapter,Electronics,CableMax,40,800,Black Friday,24/11/23,27/11/23,Multi-channel,25000,All Customers,240,3
3798,2023-08-07,C016,P108,6,MC004,Lucas Morales,Los Angeles,USA,Computer Case,Accessories,ProtectPro,110,500,Black Friday,24/11/23,27/11/23,Multi-channel,25000,All Customers,660,8
3799,2023-12-30,C002,P102,9,MC001,Jane Smith,Los Angeles,USA,Bluetooth Headphones,Electronics,SoundWave,30,300,Spring Sale,1/3/23,15/3/23,Email,5000,All Customers,270,12
3800,2023-05-25,C032,P105,2,MC004,Christopher Lee,Los Angeles,USA,Smart Watch,Electronics,TechGear,25,200,Black Friday,24/11/23,27/11/23,Multi-channel,25000,All Customers,50,5
3801,2023-07-25,C015,P115,9,MC004,Harper Singh,Houston,USA,Gaming Headset,Electronics,SoundWave,50,200,Black Friday,24/11/23,27/11/23,Multi-channel,25000,All Customers,450,7
3802,2023-06-17,C009,P110,4,MC004,Isabella Tanaka,Chicago,USA,Briefcase,Accessories,ProtectPro,120,900,Black Friday,24/11/23,27/11/23,Multi-channel,25000,All Customers,480,6
3803,2023-09-18,C013,P114,7,MC004,Amelia Gupta,Houston,USA,Suitcase,Accessories,ProtectPro,120,1100,Black Friday,24/11/23,27/11/23,Multi-channel,25000,All Customers,840,9
3804,2023-02-01,C037,P118,1,MC004,Victoria Kozlov,Chicago,USA,External Microphone,Electronics,TechGear,60,1400,Black Friday,24/11/23,27/11/23,Multi-channel,25000,All Customers,60,2
3805,2023-08-06,C009,P110,1,MC005,Isabella Tanaka,Chicago,USA,Briefcase,Accessories,ProtectPro,120,900,Holiday Special,10/12/23,24/12/23,Email + Social Media,10000,Silver and Gold Tiers,120,8
3806,2023-04-08,C043,P119,10,MC004,Hannah Eriksson,New York,USA,Adapter,Electronics,CableMax,40,800,Black Friday,24/11/23,27/11/23,Multi-channel,25000,All Customers,400,4
3807,2023-05-17,C039,P108,3,MC003,Penelope Cheng,Los Angeles,USA,Computer Case,Accessories,ProtectPro,110,500,Back to School,1/8/23,31/8/23,TV,15000,Families,330,5
3808,2023-10-24,C049,P104,5,MC002,Mila Popovic,Los Angeles,USA,Phone Case,Accessories,ProtectPro,10,800,Summer Clearance,15/6/23,30/6/23,Social Media,7500,Gold Tier,50,10
3809,2023-06-21,C009,P101,9,MC004,Isabella Tanaka,Chicago,USA,Wireless Mouse,Electronics,TechGear,20,500,Black Friday,24/11/23,27/11/23,Multi-channel,25000,All Customers,180,6
3810,2023-02-06,C048,P114,8,MC005,Dylan Suzuki,New York,USA,Suitcase,Accessories,ProtectPro,120,1100,Holiday Special,10/12/23,24/12/23,Email + Social Media,10000,Silver and Gold Tiers,960,2
3811,2023-03-22,C005,P101,4,MC004,Emma Brown,Miami,USA,Wireless Mouse,Electronics,TechGear,20,500,Black Friday,24/11/23,27/11/23,Multi-channel,25000,All Customers,80,3
3812,2023-04-14,C010,P113,9,MC003,William Diaz,New York,USA,Bluetooth Headphones Charger,Electronics,CableMax,150,300,Back to School,1/8/23,31/8/23,TV,15000,Families,1350,4
3813,2023-08-13,C043,P107,5,MC001,Hannah Eriksson,New York,USA,Standing Desk,Accessories,SoundWave,140,1100,Spring Sale,1/3/23,15/3/23,Email,5000,All Customers,700,8
3814,2023-01-04,C037,P112,8,MC001,Victoria Kozlov,Chicago,USA,Desk Chair,Accessories,TechGear,40,500,Spring Sale,1/3/23,15/3/23,Email,5000,All Customers,320,1
3815,2023-06-01,C020,P112,10,MC005,Michael Andersen,Houston,USA,Desk Chair,Accessories,TechGear,40,500,Holiday Special,10/12/23,24/12/23,Email + Social Media,10000,Silver and Gold Tiers,400,6
3816,2023-09-14,C022,P120,6,MC003,Daniel Fernandez,Chicago,USA,Keyboard Mousepad,Accessories,TechGear,50,400,Back to School,1/8/23,31/8/23,TV,15000,Families,300,9
3817,2023-07-15,C026,P111,5,MC005,David Okafor,Los Angeles,USA,Backpack,Accessories,ProtectPro,30,1300,Holiday Special,10/12/23,24/12/23,Email + Social Media,10000,Silver and Gold Tiers,150,7
3818,2023-06-02,C035,P103,1,MC003,Scarlett Watanabe,Los Angeles,USA,USB-C Cable,Accessories,CableMax,15,1000,Back to School,1/8/23,31/8/23,TV,15000,Families,15,6
3819,2023-01-27,C041,P101,9,MC005,Audrey Kuznetsov,Miami,USA,Wireless Mouse,Electronics,TechGear,20,500,Holiday Special,10/12/23,24/12/23,Email + Social Media,10000,Silver and Gold Tiers,180,1
3820,2023-06-08,C030,P103,6,MC005,Andrew Ivanov,Miami,USA,USB-C Cable,Accessories,CableMax,15,1000,Holiday Special,10/12/23,24/12/23,Email + Social Media,10000,Silver and Gold Tiers,90,6
3821,2023-05-15,C018,P101,4,MC002,Alexander Rossi,New York,USA,Wireless Mouse,Electronics,TechGear,20,500,Summer Clearance,15/6/23,30/6/23,Social Media,7500,Gold Tier,80,5
3822,2023-09-30,C005,P113,6,MC004,Emma Brown,Miami,USA,Bluetooth Headphones Charger,Electronics,CableMax,150,300,Black Friday,24/11/23,27/11/23,Multi-channel,25000,All Customers,900,9
3823,2023-06-30,C032,P105,10,MC001,Christopher Lee,Los Angeles,USA,Smart Watch,Electronics,TechGear,25,200,Spring Sale,1/3/23,15/3/23,Email,5000,All Customers,250,6
3824,2023-12-21,C049,P116,10,MC001,Mila Popovic,Los Angeles,USA,Cleanup Kit,Accessories,TechGear,20,1300,Spring Sale,1/3/23,15/3/23,Email,5000,All Customers,200,12
3825,2023-01-09,C038,P110,4,MC004,Thomas Sanchez,Houston,USA,Briefcase,Accessories,ProtectPro,120,900,Black Friday,24/11/23,27/11/23,Multi-channel,25000,All Customers,480,1
3826,2023-05-12,C029,P112,7,MC004,Chloe Dubois,Miami,USA,Desk Chair,Accessories,TechGear,40,500,Black Friday,24/11/23,27/11/23,Multi-channel,25000,All Customers,280,5
3827,2023-12-18,C016,P103,5,MC003,Lucas Morales,Los Angeles,USA,USB-C Cable,Accessories,CableMax,15,1000,Back to School,1/8/23,31/8/23,TV,15000,Families,75,12
3828,2023-05-23,C016,P113,8,MC002,Lucas Morales,Los Angeles,USA,Bluetooth Headphones Charger,Electronics,CableMax,150,300,Summer Clearance,15/6/23,30/6/23,Social Media,7500,Gold Tier,1200,5
3829,2023-10-11,C001,P101,8,MC002,John Doe,New York,USA,Wireless Mouse,Electronics,TechGear,20,500,Summer Clearance,15/6/23,30/6/23,Social Media,7500,Gold Tier,160,10
3830,2023-09-27,C041,P103,10,MC004,Audrey Kuznetsov,Miami,USA,USB-C Cable,Accessories,CableMax,15,1000,Black Friday,24/11/23,27/11/23,Multi-channel,25000,All Customers,150,9
3831,2023-12-27,C010,P118,4,MC004,William Diaz,New York,USA,External Microphone,Electronics,TechGear,60,1400,Black Friday,24/11/23,27/11/23,Multi-channel,25000,All Customers,240,12
3832,2023-03-04,C029,P101,5,MC002,Chloe Dubois,Miami,USA,Wireless Mouse,Electronics,TechGear,20,500,Summer Clearance,15/6/23,30/6/23,Social Media,7500,Gold Tier,100,3
3833,2023-10-12,C040,P102,10,MC004,Jack O'Brien,Miami,USA,Bluetooth Headphones,Electronics,SoundWave,30,300,Black Friday,24/11/23,27/11/23,Multi-channel,25000,All Customers,300,10
3834,2023-07-22,C026,P118,5,MC001,David Okafor,Los Angeles,USA,External Microphone,Electronics,TechGear,60,1400,Spring Sale,1/3/23,15/3/23,Email,5000,All Customers,300,7
3835,2023-02-17,C026,P108,9,MC003,David Okafor,Los Angeles,USA,Computer Case,Accessories,ProtectPro,110,500,Back to School,1/8/23,31/8/23,TV,15000,Families,990,2
3836,2023-08-11,C032,P111,8,MC005,Christopher Lee,Los Angeles,USA,Backpack,Accessories,ProtectPro,30,1300,Holiday Special,10/12/23,24/12/23,Email + Social Media,10000,Silver and Gold Tiers,240,8
3837,2023-09-30,C041,P116,6,MC001,Audrey Kuznetsov,Miami,USA,Cleanup Kit,Accessories,TechGear,20,1300,Spring Sale,1/3/23,15/3/23,Email,5000,All Customers,120,9
3838,2023-11-11,C027,P117,7,MC004,Grace Yamamoto,Chicago,USA,Bluetooth Speaker,Electronics,SoundWave,140,200,Black Friday,24/11/23,27/11/23,Multi-channel,25000,All Customers,980,11
3839,2023-08-31,C005,P112,3,MC001,Emma Brown,Miami,USA,Desk Chair,Accessories,TechGear,40,500,Spring Sale,1/3/23,15/3/23,Email,5000,All Customers,120,8
3840,2023-09-13,C003,P108,9,MC002,Alice Johnson,Chicago,USA,Computer Case,Accessories,ProtectPro,110,500,Summer Clearance,15/6/23,30/6/23,Social Media,7500,Gold Tier,990,9
3841,2023-01-05,C020,P117,6,MC005,Michael Andersen,Houston,USA,Bluetooth Speaker,Electronics,SoundWave,140,200,Holiday Special,10/12/23,24/12/23,Email + Social Media,10000,Silver and Gold Tiers,840,1
3842,2023-07-23,C003,P102,4,MC001,Alice Johnson,Chicago,USA,Bluetooth Headphones,Electronics,SoundWave,30,300,Spring Sale,1/3/23,15/3/23,Email,5000,All Customers,120,7
3843,2023-01-19,C049,P116,4,MC004,Mila Popovic,Los Angeles,USA,Cleanup Kit,Accessories,TechGear,20,1300,Black Friday,24/11/23,27/11/23,Multi-channel,25000,All Customers,80,1
3844,2023-06-02,C018,P103,2,MC004,Alexander Rossi,New York,USA,USB-C Cable,Accessories,CableMax,15,1000,Black Friday,24/11/23,27/11/23,Multi-channel,25000,All Customers,30,6
3845,2023-06-21,C022,P101,7,MC003,Daniel Fernandez,Chicago,USA,Wireless Mouse,Electronics,TechGear,20,500,Back to School,1/8/23,31/8/23,TV,15000,Families,140,6
3846,2023-03-18,C032,P117,3,MC001,Christopher Lee,Los Angeles,USA,Bluetooth Speaker,Electronics,SoundWave,140,200,Spring Sale,1/3/23,15/3/23,Email,5000,All Customers,420,3
3847,2023-03-22,C010,P119,8,MC005,William Diaz,New York,USA,Adapter,Electronics,CableMax,40,800,Holiday Special,10/12/23,24/12/23,Email + Social Media,10000,Silver and Gold Tiers,320,3
3848,2023-02-02,C002,P103,7,MC003,Jane Smith,Los Angeles,USA,USB-C Cable,Accessories,CableMax,15,1000,Back to School,1/8/23,31/8/23,TV,15000,Families,105,2
3849,2023-12-11,C009,P108,8,MC004,Isabella Tanaka,Chicago,USA,Computer Case,Accessories,ProtectPro,110,500,Black Friday,24/11/23,27/11/23,Multi-channel,25000,All Customers,880,12
3850,2023-02-06,C033,P101,1,MC004,Lily Sørensen,New York,USA,Wireless Mouse,Electronics,TechGear,20,500,Black Friday,24/11/23,27/11/23,Multi-channel,25000,All Customers,20,2
3851,2023-09-07,C003,P111,9,MC001,Alice Johnson,Chicago,USA,Backpack,Accessories,ProtectPro,30,1300,Spring Sale,1/3/23,15/3/23,Email,5000,All Customers,270,9
3852,2023-10-25,C025,P110,9,MC005,Sofia Petrov,Los Angeles,USA,Briefcase,Accessories,ProtectPro,120,900,Holiday Special,10/12/23,24/12/23,Email + Social Media,10000,Silver and Gold Tiers,1080,10
3853,2023-11-26,C030,P111,5,MC004,Andrew Ivanov,Miami,USA,Backpack,Accessories,ProtectPro,30,1300,Black Friday,24/11/23,27/11/23,Multi-channel,25000,All Customers,150,11
3854,2023-10-20,C035,P119,1,MC001,Scarlett Watanabe,Los Angeles,USA,Adapter,Electronics,CableMax,40,800,Spring Sale,1/3/23,15/3/23,Email,5000,All Customers,40,10
3855,2023-06-20,C019,P112,7,MC002,Abigail Nakamura,Chicago,USA,Desk Chair,Accessories,TechGear,40,500,Summer Clearance,15/6/23,30/6/23,Social Media,7500,Gold Tier,280,6
3856,2023-01-09,C025,P113,4,MC004,Sofia Petrov,Los Angeles,USA,Bluetooth Headphones Charger,Electronics,CableMax,150,300,Black Friday,24/11/23,27/11/23,Multi-channel,25000,All Customers,600,1
3857,2023-05-16,C023,P109,6,MC002,Elizabeth Novak,Miami,USA,Laptop,Electronics,TechGear,20,200,Summer Clearance,15/6/23,30/6/23,Social Media,7500,Gold Tier,120,5
3858,2023-08-01,C012,P104,2,MC003,James Choi,Chicago,USA,Phone Case,Accessories,ProtectPro,10,800,Back to School,1/8/23,31/8/23,TV,15000,Families,20,8
3859,2023-09-25,C027,P112,3,MC005,Grace Yamamoto,Chicago,USA,Desk Chair,Accessories,TechGear,40,500,Holiday Special,10/12/23,24/12/23,Email + Social Media,10000,Silver and Gold Tiers,120,9
3860,2023-10-05,C027,P112,1,MC001,Grace Yamamoto,Chicago,USA,Desk Chair,Accessories,TechGear,40,500,Spring Sale,1/3/23,15/3/23,Email,5000,All Customers,40,10
3861,2023-03-08,C014,P106,1,MC005,Benjamin Larsson,Los Angeles,USA,Keyboard,Electronics,TechGear,110,1000,Holiday Special,10/12/23,24/12/23,Email + Social Media,10000,Silver and Gold Tiers,110,3
3862,2023-03-10,C041,P101,9,MC001,Audrey Kuznetsov,Miami,USA,Wireless Mouse,Electronics,TechGear,20,500,Spring Sale,1/3/23,15/3/23,Email,5000,All Customers,180,3
3863,2023-01-02,C007,P112,2,MC003,Ava Kowalski,Chicago,USA,Desk Chair,Accessories,TechGear,40,500,Back to School,1/8/23,31/8/23,TV,15000,Families,80,1
3864,2023-04-29,C016,P105,6,MC005,Lucas Morales,Los Angeles,USA,Smart Watch,Electronics,TechGear,25,200,Holiday Special,10/12/23,24/12/23,Email + Social Media,10000,Silver and Gold Tiers,150,4
3865,2023-10-15,C047,P111,7,MC003,Leah Fontaine,Miami,USA,Backpack,Accessories,ProtectPro,30,1300,Back to School,1/8/23,31/8/23,TV,15000,Families,210,10
3866,2023-10-07,C020,P115,6,MC001,Michael Andersen,Houston,USA,Gaming Headset,Electronics,SoundWave,50,200,Spring Sale,1/3/23,15/3/23,Email,5000,All Customers,300,10
3867,2023-10-13,C004,P101,6,MC001,Bob Wilson,Houston,USA,Wireless Mouse,Electronics,TechGear,20,500,Spring Sale,1/3/23,15/3/23,Email,5000,All Customers,120,10
3868,2023-03-14,C007,P101,10,MC004,Ava Kowalski,Chicago,USA,Wireless Mouse,Electronics,TechGear,20,500,Black Friday,24/11/23,27/11/23,Multi-channel,25000,All Customers,200,3
3869,2023-09-28,C027,P115,8,MC002,Grace Yamamoto,Chicago,USA,Gaming Headset,Electronics,SoundWave,50,200,Summer Clearance,15/6/23,30/6/23,Social Media,7500,Gold Tier,400,9
3870,2023-10-08,C020,P115,8,MC004,Michael Andersen,Houston,USA,Gaming Headset,Electronics,SoundWave,50,200,Black Friday,24/11/23,27/11/23,Multi-channel,25000,All Customers,400,10
3871,2023-07-06,C032,P116,3,MC003,Christopher Lee,Los Angeles,USA,Cleanup Kit,Accessories,TechGear,20,1300,Back to School,1/8/23,31/8/23,TV,15000,Families,60,7
3872,2023-11-12,C050,P117,9,MC005,Caleb Reyes,Houston,USA,Bluetooth Speaker,Electronics,SoundWave,140,200,Holiday Special,10/12/23,24/12/23,Email + Social Media,10000,Silver and Gold Tiers,1260,11
3873,2023-05-15,C050,P116,3,MC004,Caleb Reyes,Houston,USA,Cleanup Kit,Accessories,TechGear,20,1300,Black Friday,24/11/23,27/11/23,Multi-channel,25000,All Customers,60,5
3874,2023-04-03,C003,P118,5,MC004,Alice Johnson,Chicago,USA,External Microphone,Electronics,TechGear,60,1400,Black Friday,24/11/23,27/11/23,Multi-channel,25000,All Customers,300,4
3875,2023-12-22,C012,P117,3,MC004,James Choi,Chicago,USA,Bluetooth Speaker,Electronics,SoundWave,140,200,Black Friday,24/11/23,27/11/23,Multi-channel,25000,All Customers,420,12
3876,2023-09-28,C033,P120,6,MC001,Lily Sørensen,New York,USA,Keyboard Mousepad,Accessories,TechGear,50,400,Spring Sale,1/3/23,15/3/23,Email,5000,All Customers,300,9
3877,2023-05-03,C009,P101,2,MC001,Isabella Tanaka,Chicago,USA,Wireless Mouse,Electronics,TechGear,20,500,Spring Sale,1/3/23,15/3/23,Email,5000,All Customers,40,5
3878,2023-04-13,C047,P113,10,MC002,Leah Fontaine,Miami,USA,Bluetooth Headphones Charger,Electronics,CableMax,150,300,Summer Clearance,15/6/23,30/6/23,Social Media,7500,Gold Tier,1500,4
3879,2023-01-10,C034,P103,2,MC002,Matthew Gonzalez,Houston,USA,USB-C Cable,Accessories,CableMax,15,1000,Summer Clearance,15/6/23,30/6/23,Social Media,7500,Gold Tier,30,1
3880,2023-08-02,C010,P118,3,MC003,William Diaz,New York,USA,External Microphone,Electronics,TechGear,60,1400,Back to School,1/8/23,31/8/23,TV,15000,Families,180,8
3881,2023-05-18,C024,P108,4,MC002,Samuel Kim,Chicago,USA,Computer Case,Accessories,ProtectPro,110,500,Summer Clearance,15/6/23,30/6/23,Social Media,7500,Gold Tier,440,5
3882,2023-06-12,C022,P107,9,MC003,Daniel Fernandez,Chicago,USA,Standing Desk,Accessories,SoundWave,140,1100,Back to School,1/8/23,31/8/23,TV,15000,Families,1260,6
3883,2023-09-24,C038,P110,3,MC001,Thomas Sanchez,Houston,USA,Briefcase,Accessories,ProtectPro,120,900,Spring Sale,1/3/23,15/3/23,Email,5000,All Customers,360,9
3884,2023-09-19,C031,P112,4,MC003,Zoe Ramirez,Miami,USA,Desk Chair,Accessories,TechGear,40,500,Back to School,1/8/23,31/8/23,TV,15000,Families,160,9
3885,2023-09-13,C049,P110,5,MC005,Mila Popovic,Los Angeles,USA,Briefcase,Accessories,ProtectPro,120,900,Holiday Special,10/12/23,24/12/23,Email + Social Media,10000,Silver and Gold Tiers,600,9
3886,2023-04-23,C012,P110,8,MC002,James Choi,Chicago,USA,Briefcase,Accessories,ProtectPro,120,900,Summer Clearance,15/6/23,30/6/23,Social Media,7500,Gold Tier,960,4
3887,2023-06-03,C029,P118,5,MC005,Chloe Dubois,Miami,USA,External Microphone,Electronics,TechGear,60,1400,Holiday Special,10/12/23,24/12/23,Email + Social Media,10000,Silver and Gold Tiers,300,6
3888,2023-01-25,C046,P103,8,MC001,Isaac Nkosi,Houston,USA,USB-C Cable,Accessories,CableMax,15,1000,Spring Sale,1/3/23,15/3/23,Email,5000,All Customers,120,1
3889,2023-03-14,C020,P110,6,MC002,Michael Andersen,Houston,USA,Briefcase,Accessories,ProtectPro,120,900,Summer Clearance,15/6/23,30/6/23,Social Media,7500,Gold Tier,720,3
3890,2023-02-08,C011,P102,4,MC003,Charlotte Hoffman,New York,USA,Bluetooth Headphones,Electronics,SoundWave,30,300,Back to School,1/8/23,31/8/23,TV,15000,Families,120,2
3891,2023-08-24,C030,P103,7,MC003,Andrew Ivanov,Miami,USA,USB-C Cable,Accessories,CableMax,15,1000,Back to School,1/8/23,31/8/23,TV,15000,Families,105,8
3892,2023-12-26,C037,P102,10,MC003,Victoria Kozlov,Chicago,USA,Bluetooth Headphones,Electronics,SoundWave,30,300,Back to School,1/8/23,31/8/23,TV,15000,Families,300,12
3893,2023-03-27,C012,P111,6,MC001,James Choi,Chicago,USA,Backpack,Accessories,ProtectPro,30,1300,Spring Sale,1/3/23,15/3/23,Email,5000,All Customers,180,3
3894,2023-08-11,C020,P116,5,MC004,Michael Andersen,Houston,USA,Cleanup Kit,Accessories,TechGear,20,1300,Black Friday,24/11/23,27/11/23,Multi-channel,25000,All Customers,100,8
3895,2023-04-14,C031,P119,8,MC003,Zoe Ramirez,Miami,USA,Adapter,Electronics,CableMax,40,800,Back to School,1/8/23,31/8/23,TV,15000,Families,320,4
3896,2023-07-29,C007,P101,9,MC002,Ava Kowalski,Chicago,USA,Wireless Mouse,Electronics,TechGear,20,500,Summer Clearance,15/6/23,30/6/23,Social Media,7500,Gold Tier,180,7
3897,2023-10-01,C008,P113,10,MC002,Mason Fitzgerald,Houston,USA,Bluetooth Headphones Charger,Electronics,CableMax,150,300,Summer Clearance,15/6/23,30/6/23,Social Media,7500,Gold Tier,1500,10
3898,2023-03-12,C015,P112,5,MC004,Harper Singh,Houston,USA,Desk Chair,Accessories,TechGear,40,500,Black Friday,24/11/23,27/11/23,Multi-channel,25000,All Customers,200,3
3899,2023-11-02,C012,P117,7,MC002,James Choi,Chicago,USA,Bluetooth Speaker,Electronics,SoundWave,140,200,Summer Clearance,15/6/23,30/6/23,Social Media,7500,Gold Tier,980,11
3900,2023-02-14,C011,P118,9,MC001,Charlotte Hoffman,New York,USA,External Microphone,Electronics,TechGear,60,1400,Spring Sale,1/3/23,15/3/23,Email,5000,All Customers,540,2
3901,2023-12-09,C014,P110,1,MC003,Benjamin Larsson,Los Angeles,USA,Briefcase,Accessories,ProtectPro,120,900,Back to School,1/8/23,31/8/23,TV,15000,Families,120,12
3902,2023-11-14,C034,P109,9,MC005,Matthew Gonzalez,Houston,USA,Laptop,Electronics,TechGear,20,200,Holiday Special,10/12/23,24/12/23,Email + Social Media,10000,Silver and Gold Tiers,180,11
3903,2023-05-26,C016,P101,3,MC004,Lucas Morales,Los Angeles,USA,Wireless Mouse,Electronics,TechGear,20,500,Black Friday,24/11/23,27/11/23,Multi-channel,25000,All Customers,60,5
3904,2023-01-29,C026,P102,5,MC003,David Okafor,Los Angeles,USA,Bluetooth Headphones,Electronics,SoundWave,30,300,Back to School,1/8/23,31/8/23,TV,15000,Families,150,1
3905,2023-08-07,C036,P105,1,MC001,Ryan Müller,Los Angeles,USA,Smart Watch,Electronics,TechGear,25,200,Spring Sale,1/3/23,15/3/23,Email,5000,All Customers,25,8
3906,2023-05-12,C003,P109,9,MC004,Alice Johnson,Chicago,USA,Laptop,Electronics,TechGear,20,200,Black Friday,24/11/23,27/11/23,Multi-channel,25000,All Customers,180,5
3907,2023-01-24,C049,P112,2,MC003,Mila Popovic,Los Angeles,USA,Desk Chair,Accessories,TechGear,40,500,Back to School,1/8/23,31/8/23,TV,15000,Families,80,1
3908,2023-09-23,C040,P106,3,MC002,Jack O'Brien,Miami,USA,Keyboard,Electronics,TechGear,110,1000,Summer Clearance,15/6/23,30/6/23,Social Media,7500,Gold Tier,330,9
3909,2023-07-28,C009,P110,1,MC001,Isabella Tanaka,Chicago,USA,Briefcase,Accessories,ProtectPro,120,900,Spring Sale,1/3/23,15/3/23,Email,5000,All Customers,120,7
3910,2023-03-19,C005,P113,3,MC004,Emma Brown,Miami,USA,Bluetooth Headphones Charger,Electronics,CableMax,150,300,Black Friday,24/11/23,27/11/23,Multi-channel,25000,All Customers,450,3
3911,2023-03-10,C018,P113,3,MC004,Alexander Rossi,New York,USA,Bluetooth Headphones Charger,Electronics,CableMax,150,300,Black Friday,24/11/23,27/11/23,Multi-channel,25000,All Customers,450,3
3912,2023-07-28,C002,P106,4,MC001,Jane Smith,Los Angeles,USA,Keyboard,Electronics,TechGear,110,1000,Spring Sale,1/3/23,15/3/23,Email,5000,All Customers,440,7
3913,2023-07-20,C045,P117,3,MC003,Nora Zimmerman,Houston,USA,Bluetooth Speaker,Electronics,SoundWave,140,200,Back to School,1/8/23,31/8/23,TV,15000,Families,420,7
3914,2023-11-17,C027,P105,6,MC002,Grace Yamamoto,Chicago,USA,Smart Watch,Electronics,TechGear,25,200,Summer Clearance,15/6/23,30/6/23,Social Media,7500,Gold Tier,150,11
3915,2023-10-29,C030,P113,7,MC003,Andrew Ivanov,Miami,USA,Bluetooth Headphones Charger,Electronics,CableMax,150,300,Back to School,1/8/23,31/8/23,TV,15000,Families,1050,10
3916,2023-04-23,C002,P103,1,MC001,Jane Smith,Los Angeles,USA,USB-C Cable,Accessories,CableMax,15,1000,Spring Sale,1/3/23,15/3/23,Email,5000,All Customers,15,4
3917,2023-12-07,C002,P108,2,MC001,Jane Smith,Los Angeles,USA,Computer Case,Accessories,ProtectPro,110,500,Spring Sale,1/3/23,15/3/23,Email,5000,All Customers,220,12
3918,2023-11-27,C009,P101,5,MC001,Isabella Tanaka,Chicago,USA,Wireless Mouse,Electronics,TechGear,20,500,Spring Sale,1/3/23,15/3/23,Email,5000,All Customers,100,11
3919,2023-10-16,C017,P115,5,MC001,Evelyn Kovalenko,Houston,USA,Gaming Headset,Electronics,SoundWave,50,200,Spring Sale,1/3/23,15/3/23,Email,5000,All Customers,250,10
3920,2023-02-16,C049,P108,10,MC001,Mila Popovic,Los Angeles,USA,Computer Case,Accessories,ProtectPro,110,500,Spring Sale,1/3/23,15/3/23,Email,5000,All Customers,1100,2
3921,2023-03-31,C032,P117,5,MC002,Christopher Lee,Los Angeles,USA,Bluetooth Speaker,Electronics,SoundWave,140,200,Summer Clearance,15/6/23,30/6/23,Social Media,7500,Gold Tier,700,3
3922,2023-02-05,C033,P120,7,MC002,Lily Sørensen,New York,USA,Keyboard Mousepad,Accessories,TechGear,50,400,Summer Clearance,15/6/23,30/6/23,Social Media,7500,Gold Tier,350,2
3923,2023-07-14,C002,P109,1,MC001,Jane Smith,Los Angeles,USA,Laptop,Electronics,TechGear,20,200,Spring Sale,1/3/23,15/3/23,Email,5000,All Customers,20,7
3924,2023-12-22,C005,P105,8,MC002,Emma Brown,Miami,USA,Smart Watch,Electronics,TechGear,25,200,Summer Clearance,15/6/23,30/6/23,Social Media,7500,Gold Tier,200,12
3925,2023-08-02,C044,P101,5,MC003,Gabriel Santos,Los Angeles,USA,Wireless Mouse,Electronics,TechGear,20,500,Back to School,1/8/23,31/8/23,TV,15000,Families,100,8
3926,2023-01-03,C023,P107,2,MC005,Elizabeth Novak,Miami,USA,Standing Desk,Accessories,SoundWave,140,1100,Holiday Special,10/12/23,24/12/23,Email + Social Media,10000,Silver and Gold Tiers,280,1
3927,2023-05-01,C005,P104,1,MC002,Emma Brown,Miami,USA,Phone Case,Accessories,ProtectPro,10,800,Summer Clearance,15/6/23,30/6/23,Social Media,7500,Gold Tier,10,5
3928,2023-10-03,C005,P117,7,MC003,Emma Brown,Miami,USA,Bluetooth Speaker,Electronics,SoundWave,140,200,Back to School,1/8/23,31/8/23,TV,15000,Families,980,10
3929,2023-09-02,C018,P109,6,MC003,Alexander Rossi,New York,USA,Laptop,Electronics,TechGear,20,200,Back to School,1/8/23,31/8/23,TV,15000,Families,120,9
3930,2023-05-19,C019,P107,7,MC001,Abigail Nakamura,Chicago,USA,Standing Desk,Accessories,SoundWave,140,1100,Spring Sale,1/3/23,15/3/23,Email,5000,All Customers,980,5
3931,2023-05-19,C009,P102,10,MC001,Isabella Tanaka,Chicago,USA,Bluetooth Headphones,Electronics,SoundWave,30,300,Spring Sale,1/3/23,15/3/23,Email,5000,All Customers,300,5
3932,2023-03-10,C011,P103,6,MC001,Charlotte Hoffman,New York,USA,USB-C Cable,Accessories,CableMax,15,1000,Spring Sale,1/3/23,15/3/23,Email,5000,All Customers,90,3
3933,2023-03-18,C033,P111,3,MC004,Lily Sørensen,New York,USA,Backpack,Accessories,ProtectPro,30,1300,Black Friday,24/11/23,27/11/23,Multi-channel,25000,All Customers,90,3
3934,2023-01-01,C028,P102,6,MC004,Joseph Mendoza,New York,USA,Bluetooth Headphones,Electronics,SoundWave,30,300,Black Friday,24/11/23,27/11/23,Multi-channel,25000,All Customers,180,1
3935,2023-06-02,C024,P117,5,MC001,Samuel Kim,Chicago,USA,Bluetooth Speaker,Electronics,SoundWave,140,200,Spring Sale,1/3/23,15/3/23,Email,5000,All Customers,700,6
3936,2023-10-22,C031,P118,10,MC001,Zoe Ramirez,Miami,USA,External Microphone,Electronics,TechGear,60,1400,Spring Sale,1/3/23,15/3/23,Email,5000,All Customers,600,10
3937,2023-03-10,C032,P120,2,MC004,Christopher Lee,Los Angeles,USA,Keyboard Mousepad,Accessories,TechGear,50,400,Black Friday,24/11/23,27/11/23,Multi-channel,25000,All Customers,100,3
3938,2023-11-29,C049,P105,9,MC004,Mila Popovic,Los Angeles,USA,Smart Watch,Electronics,TechGear,25,200,Black Friday,24/11/23,27/11/23,Multi-channel,25000,All Customers,225,11
3939,2023-11-03,C047,P102,8,MC004,Leah Fontaine,Miami,USA,Bluetooth Headphones,Electronics,SoundWave,30,300,Black Friday,24/11/23,27/11/23,Multi-channel,25000,All Customers,240,11
3940,2023-04-15,C044,P118,9,MC005,Gabriel Santos,Los Angeles,USA,External Microphone,Electronics,TechGear,60,1400,Holiday Special,10/12/23,24/12/23,Email + Social Media,10000,Silver and Gold Tiers,540,4
3941,2023-08-21,C042,P109,7,MC005,Owen Takahashi,New York,USA,Laptop,Electronics,TechGear,20,200,Holiday Special,10/12/23,24/12/23,Email + Social Media,10000,Silver and Gold Tiers,140,8
3942,2023-02-12,C002,P113,5,MC002,Jane Smith,Los Angeles,USA,Bluetooth Headphones Charger,Electronics,CableMax,150,300,Summer Clearance,15/6/23,30/6/23,Social Media,7500,Gold Tier,750,2
3943,2023-10-13,C027,P102,4,MC005,Grace Yamamoto,Chicago,USA,Bluetooth Headphones,Electronics,SoundWave,30,300,Holiday Special,10/12/23,24/12/23,Email + Social Media,10000,Silver and Gold Tiers,120,10
3944,2023-03-16,C031,P120,6,MC005,Zoe Ramirez,Miami,USA,Keyboard Mousepad,Accessories,TechGear,50,400,Holiday Special,10/12/23,24/12/23,Email + Social Media,10000,Silver and Gold Tiers,300,3
3945,2023-11-10,C047,P113,6,MC001,Leah Fontaine,Miami,USA,Bluetooth Headphones Charger,Electronics,CableMax,150,300,Spring Sale,1/3/23,15/3/23,Email,5000,All Customers,900,11
3946,2023-04-02,C006,P110,4,MC003,Noah Chen,Los Angeles,USA,Briefcase,Accessories,ProtectPro,120,900,Back to School,1/8/23,31/8/23,TV,15000,Families,480,4
3947,2023-02-09,C030,P104,6,MC003,Andrew Ivanov,Miami,USA,Phone Case,Accessories,ProtectPro,10,800,Back to School,1/8/23,31/8/23,TV,15000,Families,60,2
3948,2023-10-19,C014,P116,9,MC004,Benjamin Larsson,Los Angeles,USA,Cleanup Kit,Accessories,TechGear,20,1300,Black Friday,24/11/23,27/11/23,Multi-channel,25000,All Customers,180,10
3949,2023-07-01,C004,P109,5,MC003,Bob Wilson,Houston,USA,Laptop,Electronics,TechGear,20,200,Back to School,1/8/23,31/8/23,TV,15000,Families,100,7
3950,2023-01-09,C016,P105,8,MC001,Lucas Morales,Los Angeles,USA,Smart Watch,Electronics,TechGear,25,200,Spring Sale,1/3/23,15/3/23,Email,5000,All Customers,200,1
3951,2023-11-25,C040,P102,4,MC004,Jack O'Brien,Miami,USA,Bluetooth Headphones,Electronics,SoundWave,30,300,Black Friday,24/11/23,27/11/23,Multi-channel,25000,All Customers,120,11
3952,2023-04-23,C026,P116,2,MC003,David Okafor,Los Angeles,USA,Cleanup Kit,Accessories,TechGear,20,1300,Back to School,1/8/23,31/8/23,TV,15000,Families,40,4
3953,2023-10-02,C012,P119,8,MC004,James Choi,Chicago,USA,Adapter,Electronics,CableMax,40,800,Black Friday,24/11/23,27/11/23,Multi-channel,25000,All Customers,320,10
3954,2023-10-20,C021,P103,10,MC001,Emily Schwartz,Los Angeles,USA,USB-C Cable,Accessories,CableMax,15,1000,Spring Sale,1/3/23,15/3/23,Email,5000,All Customers,150,10
3955,2023-11-29,C028,P117,5,MC003,Joseph Mendoza,New York,USA,Bluetooth Speaker,Electronics,SoundWave,140,200,Back to School,1/8/23,31/8/23,TV,15000,Families,700,11
3956,2023-03-12,C015,P104,1,MC003,Harper Singh,Houston,USA,Phone Case,Accessories,ProtectPro,10,800,Back to School,1/8/23,31/8/23,TV,15000,Families,10,3
3957,2023-05-31,C049,P115,1,MC003,Mila Popovic,Los Angeles,USA,Gaming Headset,Electronics,SoundWave,50,200,Back to School,1/8/23,31/8/23,TV,15000,Families,50,5
3958,2023-10-09,C021,P105,3,MC004,Emily Schwartz,Los Angeles,USA,Smart Watch,Electronics,TechGear,25,200,Black Friday,24/11/23,27/11/23,Multi-channel,25000,All Customers,75,10
3959,2023-01-15,C050,P104,6,MC003,Caleb Reyes,Houston,USA,Phone Case,Accessories,ProtectPro,10,800,Back to School,1/8/23,31/8/23,TV,15000,Families,60,1
3960,2023-10-28,C043,P103,6,MC003,Hannah Eriksson,New York,USA,USB-C Cable,Accessories,CableMax,15,1000,Back to School,1/8/23,31/8/23,TV,15000,Families,90,10
3961,2023-08-31,C049,P101,8,MC002,Mila Popovic,Los Angeles,USA,Wireless Mouse,Electronics,TechGear,20,500,Summer Clearance,15/6/23,30/6/23,Social Media,7500,Gold Tier,160,8
3962,2023-07-24,C032,P117,8,MC005,Christopher Lee,Los Angeles,USA,Bluetooth Speaker,Electronics,SoundWave,140,200,Holiday Special,10/12/23,24/12/23,Email + Social Media,10000,Silver and Gold Tiers,1120,7
3963,2023-09-03,C011,P115,4,MC004,Charlotte Hoffman,New York,USA,Gaming Headset,Electronics,SoundWave,50,200,Black Friday,24/11/23,27/11/23,Multi-channel,25000,All Customers,200,9
3964,2023-07-26,C013,P106,5,MC001,Amelia Gupta,Houston,USA,Keyboard,Electronics,TechGear,110,1000,Spring Sale,1/3/23,15/3/23,Email,5000,All Customers,550,7
3965,2023-11-12,C011,P118,1,MC001,Charlotte Hoffman,New York,USA,External Microphone,Electronics,TechGear,60,1400,Spring Sale,1/3/23,15/3/23,Email,5000,All Customers,60,11
3966,2023-11-17,C050,P119,8,MC001,Caleb Reyes,Houston,USA,Adapter,Electronics,CableMax,40,800,Spring Sale,1/3/23,15/3/23,Email,5000,All Customers,320,11
3967,2023-04-23,C023,P111,4,MC005,Elizabeth Novak,Miami,USA,Backpack,Accessories,ProtectPro,30,1300,Holiday Special,10/12/23,24/12/23,Email + Social Media,10000,Silver and Gold Tiers,120,4
3968,2023-10-28,C008,P114,9,MC004,Mason Fitzgerald,Houston,USA,Suitcase,Accessories,ProtectPro,120,1100,Black Friday,24/11/23,27/11/23,Multi-channel,25000,All Customers,1080,10
3969,2023-05-24,C005,P114,7,MC002,Emma Brown,Miami,USA,Suitcase,Accessories,ProtectPro,120,1100,Summer Clearance,15/6/23,30/6/23,Social Media,7500,Gold Tier,840,5
3970,2023-06-23,C029,P102,5,MC004,Chloe Dubois,Miami,USA,Bluetooth Headphones,Electronics,SoundWave,30,300,Black Friday,24/11/23,27/11/23,Multi-channel,25000,All Customers,150,6
3971,2023-05-14,C006,P116,8,MC002,Noah Chen,Los Angeles,USA,Cleanup Kit,Accessories,TechGear,20,1300,Summer Clearance,15/6/23,30/6/23,Social Media,7500,Gold Tier,160,5
3972,2023-05-26,C033,P110,8,MC001,Lily Sørensen,New York,USA,Briefcase,Accessories,ProtectPro,120,900,Spring Sale,1/3/23,15/3/23,Email,5000,All Customers,960,5
3973,2023-03-31,C042,P105,10,MC004,Owen Takahashi,New York,USA,Smart Watch,Electronics,TechGear,25,200,Black Friday,24/11/23,27/11/23,Multi-channel,25000,All Customers,250,3
3974,2023-05-17,C039,P110,3,MC005,Penelope Cheng,Los Angeles,USA,Briefcase,Accessories,ProtectPro,120,900,Holiday Special,10/12/23,24/12/23,Email + Social Media,10000,Silver and Gold Tiers,360,5
3975,2023-02-15,C031,P108,2,MC005,Zoe Ramirez,Miami,USA,Computer Case,Accessories,ProtectPro,110,500,Holiday Special,10/12/23,24/12/23,Email + Social Media,10000,Silver and Gold Tiers,220,2
3976,2023-05-12,C026,P109,9,MC005,David Okafor,Los Angeles,USA,Laptop,Electronics,TechGear,20,200,Holiday Special,10/12/23,24/12/23,Email + Social Media,10000,Silver and Gold Tiers,180,5
3977,2023-11-06,C042,P106,7,MC002,Owen Takahashi,New York,USA,Keyboard,Electronics,TechGear,110,1000,Summer Clearance,15/6/23,30/6/23,Social Media,7500,Gold Tier,770,11
3978,2023-07-26,C003,P120,7,MC005,Alice Johnson,Chicago,USA,Keyboard Mousepad,Accessories,TechGear,50,400,Holiday Special,10/12/23,24/12/23,Email + Social Media,10000,Silver and Gold Tiers,350,7
3979,2023-02-07,C020,P117,9,MC005,Michael Andersen,Houston,USA,Bluetooth Speaker,Electronics,SoundWave,140,200,Holiday Special,10/12/23,24/12/23,Email + Social Media,10000,Silver and Gold Tiers,1260,2
3980,2023-02-21,C027,P102,9,MC004,Grace Yamamoto,Chicago,USA,Bluetooth Headphones,Electronics,SoundWave,30,300,Black Friday,24/11/23,27/11/23,Multi-channel,25000,All Customers,270,2
3981,2023-12-06,C006,P113,4,MC001,Noah Chen,Los Angeles,USA,Bluetooth Headphones Charger,Electronics,CableMax,150,300,Spring Sale,1/3/23,15/3/23,Email,5000,All Customers,600,12
3982,2023-03-06,C019,P108,4,MC004,Abigail Nakamura,Chicago,USA,Computer Case,Accessories,ProtectPro,110,500,Black Friday,24/11/23,27/11/23,Multi-channel,25000,All Customers,440,3
3983,2023-05-05,C026,P104,7,MC003,David Okafor,Los Angeles,USA,Phone Case,Accessories,ProtectPro,10,800,Back to School,1/8/23,31/8/23,TV,15000,Families,70,5
3984,2023-10-05,C049,P110,6,MC002,Mila Popovic,Los Angeles,USA,Briefcase,Accessories,ProtectPro,120,900,Summer Clearance,15/6/23,30/6/23,Social Media,7500,Gold Tier,720,10
3985,2023-09-29,C031,P111,3,MC003,Zoe Ramirez,Miami,USA,Backpack,Accessories,ProtectPro,30,1300,Back to School,1/8/23,31/8/23,TV,15000,Families,90,9
3986,2023-08-12,C018,P107,7,MC004,Alexander Rossi,New York,USA,Standing Desk,Accessories,SoundWave,140,1100,Black Friday,24/11/23,27/11/23,Multi-channel,25000,All Customers,980,8
3987,2023-08-09,C033,P114,8,MC002,Lily Sørensen,New York,USA,Suitcase,Accessories,ProtectPro,120,1100,Summer Clearance,15/6/23,30/6/23,Social Media,7500,Gold Tier,960,8
3988,2024-01-01,C050,P116,3,MC002,Caleb Reyes,Houston,USA,Cleanup Kit,Accessories,TechGear,20,1300,Summer Clearance,15/6/23,30/6/23,Social Media,7500,Gold Tier,60,1
3989,2023-05-02,C034,P119,10,MC001,Matthew Gonzalez,Houston,USA,Adapter,Electronics,CableMax,40,800,Spring Sale,1/3/23,15/3/23,Email,5000,All Customers,400,5
3990,2023-02-21,C049,P101,4,MC003,Mila Popovic,Los Angeles,USA,Wireless Mouse,Electronics,TechGear,20,500,Back to School,1/8/23,31/8/23,TV,15000,Families,80,2
3991,2023-08-07,C043,P108,4,MC005,Hannah Eriksson,New York,USA,Computer Case,Accessories,ProtectPro,110,500,Holiday Special,10/12/23,24/12/23,Email + Social Media,10000,Silver and Gold Tiers,440,8
3992,2023-01-11,C012,P107,4,MC005,James Choi,Chicago,USA,Standing Desk,Accessories,SoundWave,140,1100,Holiday Special,10/12/23,24/12/23,Email + Social Media,10000,Silver and Gold Tiers,560,1
3993,2023-12-28,C049,P105,5,MC002,Mila Popovic,Los Angeles,USA,Smart Watch,Electronics,TechGear,25,200,Summer Clearance,15/6/23,30/6/23,Social Media,7500,Gold Tier,125,12
3994,2023-02-16,C032,P116,4,MC001,Christopher Lee,Los Angeles,USA,Cleanup Kit,Accessories,TechGear,20,1300,Spring Sale,1/3/23,15/3/23,Email,5000,All Customers,80,2
3995,2023-11-04,C033,P114,5,MC004,Lily Sørensen,New York,USA,Suitcase,Accessories,ProtectPro,120,1100,Black Friday,24/11/23,27/11/23,Multi-channel,25000,All Customers,600,11
3996,2023-04-01,C018,P113,7,MC003,Alexander Rossi,New York,USA,Bluetooth Headphones Charger,Electronics,CableMax,150,300,Back to School,1/8/23,31/8/23,TV,15000,Families,1050,4
3997,2023-09-13,C033,P110,9,MC003,Lily Sørensen,New York,USA,Briefcase,Accessories,ProtectPro,120,900,Back to School,1/8/23,31/8/23,TV,15000,Families,1080,9
3998,2023-02-18,C042,P110,3,MC004,Owen Takahashi,New York,USA,Briefcase,Accessories,ProtectPro,120,900,Black Friday,24/11/23,27/11/23,Multi-channel,25000,All Customers,360,2
