transaction_id;date;customer_id;product_id;quantity;campaign_id
1;4/5/23;C1020;P120;3;MC1001
2;23/7/23;C1042;P105;1;MC1003
3;30/6/23;C1005;P109;9;MC1005
4;29/5/23;C1031;P112;9;MC1001
5;12/6/23;C1047;P114;6;MC1002
6;8/11/23;C1004;P120;3;MC1001
7;6/3/23;C1028;P120;7;MC1005
8;14/4/23;C1013;P118;10;MC1001
9;3/7/23;C1020;P108;3;MC1002
10;2/5/23;C1027;P107;7;MC1002
11;29/8/23;C1011;P102;5;MC1005
12;22/10/23;C1029;P108;8;MC1003
13;3/1/23;C1043;P118;4;MC1002
14;23/3/23;C1004;P109;9;MC1002
15;11/4/23;C1028;P113;3;MC1005
16;12/10/23;C1034;P113;10;MC1001
17;8/3/23;C1050;P107;1;MC1005
18;11/12/23;C1040;P116;10;MC1002
19;10/9/23;C1012;P101;2;MC1003
20;26/1/23;C1041;P113;7;MC1001
21;18/10/23;C1021;P103;1;MC1003
22;16/5/23;C1005;P104;1;MC1002
23;19/8/23;C1041;P110;9;MC1005
24;27/12/23;C1024;P112;10;MC1003
25;20/3/23;C1022;P106;9;MC1002
26;7/4/23;C1042;P118;7;MC1001
27;15/4/23;C1006;P120;3;MC1004
28;20/5/23;C1043;P119;3;MC1005
29;17/4/23;C1009;P101;4;MC1001
30;17/3/23;C1039;P108;4;MC1003
31;29/12/23;C1040;P104;3;MC1003
32;19/8/23;C1024;P108;4;MC1001
33;15/6/23;C1003;P101;2;MC1003
34;20/8/23;C1010;P110;1;MC1003
35;12/12/23;C1013;P101;1;MC1003
36;3/1/23;C1039;P113;1;MC1005
37;21/11/23;C1024;P119;3;MC1004
38;15/2/23;C1024;P114;2;MC1001
39;11/7/23;C1040;P109;9;MC1002
40;5/5/23;C1022;P115;5;MC1002
41;19/11/23;C1034;P107;5;MC1002
42;1/1/23;C1044;P101;5;MC1003
43;6/8/23;C1022;P109;7;MC1003
44;23/8/23;C1034;P102;5;MC1005
45;14/11/23;C1001;P115;7;MC1003
46;27/1/23;C1004;P119;9;MC1005
47;22/6/23;C1015;P113;2;MC1002
48;13/3/23;C1050;P106;1;MC1004
49;13/6/23;C1040;P108;8;MC1005
50;10/10/23;C1039;P107;4;MC1002
51;21/5/23;C1032;P102;1;MC1004
52;6/3/23;C1027;P116;3;MC1005
53;22/10/23;C1045;P101;8;MC1003
54;15/10/23;C1037;P104;7;MC1004
55;13/4/23;C1004;P113;7;MC1005
56;1/1/23;C1009;P104;7;MC1001
57;3/3/23;C1035;P109;2;MC1004
58;30/6/23;C1039;P120;5;MC1002
59;1/12/23;C1022;P106;7;MC1004
60;21/9/23;C1025;P113;7;MC1002
61;26/6/23;C1048;P101;4;MC1005
62;20/3/23;C1024;P120;4;MC1002
63;7/11/23;C1041;P116;3;MC1003
64;21/10/23;C1007;P115;8;MC1004
65;21/5/23;C1048;P117;10;MC1005
66;20/12/23;C1004;P120;4;MC1002
67;28/8/23;C1005;P111;4;MC1002
68;6/10/23;C1018;P113;4;MC1003
69;29/3/23;C1001;P109;8;MC1001
70;6/10/23;C1020;P115;9;MC1001
71;9/1/23;C1023;P105;3;MC1002
72;2/10/23;C1037;P101;4;MC1002
73;20/9/23;C1048;P116;2;MC1002
74;10/4/23;C1039;P109;5;MC1001
75;31/1/23;C1046;P113;3;MC1004
76;8/9/23;C1047;P104;2;MC1004
77;7/5/23;C1007;P108;7;MC1001
78;16/10/23;C1023;P120;6;MC1001
79;9/11/23;C1002;P105;5;MC1003
80;22/11/23;C1018;P102;3;MC1004
81;14/11/23;C1039;P109;10;MC1004
82;6/5/23;C1032;P115;6;MC1001
83;11/2/23;C1020;P110;8;MC1004
84;30/8/23;C1019;P111;4;MC1003
85;26/8/23;C1034;P101;7;MC1004
86;23/8/23;C1010;P111;8;MC1001
87;11/2/23;C1013;P116;5;MC1001
88;18/5/23;C1020;P109;4;MC1003
89;8/9/23;C1036;P110;9;MC1003
90;29/7/23;C1007;P104;6;MC1005
91;19/10/23;C1001;P119;7;MC1003
92;21/11/23;C1010;P103;10;MC1005
93;31/5/23;C1020;P115;10;MC1003
94;17/12/23;C1014;P120;6;MC1002
95;26/2/23;C1040;P104;2;MC1003
96;2/6/23;C1048;P116;1;MC1005
97;31/5/23;C1035;P119;5;MC1004
98;7/4/23;C1037;P115;6;MC1003
99;5/12/23;C1041;P112;9;MC1005
100;17/8/23;C1047;P118;8;MC1003
101;30/10/23;C1044;P111;1;MC1001
102;30/7/23;C1024;P109;3;MC1001
103;19/10/23;C1035;P105;8;MC1002
104;15/11/23;C1007;P120;7;MC1003
105;17/4/23;C1025;P115;10;MC1002
106;20/1/23;C1022;P120;6;MC1001
107;9/7/23;C1050;P113;4;MC1003
108;19/10/23;C1013;P105;1;MC1002
109;10/2/23;C1048;P116;5;MC1001
110;6/3/23;C1024;P113;7;MC1002
111;17/6/23;C1009;P115;1;MC1004
112;2/12/23;C1004;P105;9;MC1005
113;3/10/23;C1048;P115;3;MC1005
114;23/3/23;C1014;P106;2;MC1003
115;1/2/23;C1048;P110;7;MC1002
116;20/2/23;C1006;P101;4;MC1002
117;3/9/23;C1013;P101;1;MC1004
118;23/8/23;C1035;P106;7;MC1005
119;18/3/23;C1050;P102;6;MC1001
120;30/3/23;C1040;P110;5;MC1001
121;15/5/23;C1034;P118;2;MC1002
122;25/9/23;C1012;P114;1;MC1002
123;18/12/23;C1032;P110;8;MC1001
124;16/4/23;C1021;P102;1;MC1001
125;3/5/23;C1003;P120;5;MC1005
126;14/10/23;C1028;P120;9;MC1001
127;30/11/23;C1007;P113;2;MC1005
128;20/2/23;C1018;P117;9;MC1003
129;24/2/23;C1019;P120;5;MC1003
130;22/8/23;C1010;P120;8;MC1001
131;18/11/23;C1008;P115;8;MC1003
132;8/5/23;C1045;P111;2;MC1004
133;26/2/23;C1047;P106;2;MC1003
134;15/1/23;C1048;P118;4;MC1004
135;6/4/23;C1032;P115;9;MC1004
136;25/12/23;C1033;P103;4;MC1005
137;30/8/23;C1014;P116;5;MC1003
138;27/9/23;C1001;P109;5;MC1001
139;2/5/23;C1015;P112;9;MC1005
140;17/6/23;C1022;P118;4;MC1001
141;15/4/23;C1043;P117;2;MC1005
142;29/8/23;C1047;P115;3;MC1004
143;19/5/23;C1024;P101;5;MC1005
144;25/5/23;C1026;P117;7;MC1003
145;7/8/23;C1047;P110;7;MC1004
146;20/12/23;C1034;P111;2;MC1001
147;10/7/23;C1011;P105;8;MC1005
148;11/5/23;C1032;P109;4;MC1002
149;15/3/23;C1017;P112;2;MC1002
150;16/10/23;C1013;P101;10;MC1005
151;31/8/23;C1040;P111;4;MC1002
152;1/7/23;C1022;P119;9;MC1001
153;11/4/23;C1010;P120;2;MC1005
154;14/9/23;C1001;P119;7;MC1002
155;26/1/23;C1029;P109;2;MC1004
156;18/4/23;C1046;P117;9;MC1001
157;30/11/23;C1019;P106;2;MC1005
158;3/1/23;C1014;P114;7;MC1001
159;12/4/23;C1032;P117;4;MC1004
160;13/5/23;C1045;P104;7;MC1001
161;27/4/23;C1029;P115;1;MC1002
162;26/6/23;C1001;P112;3;MC1003
163;1/8/23;C1001;P112;9;MC1004
164;6/12/23;C1029;P104;3;MC1002
165;28/11/23;C1038;P114;4;MC1001
166;11/9/23;C1014;P116;3;MC1004
167;28/1/23;C1036;P102;1;MC1005
168;13/7/23;C1036;P108;1;MC1002
169;4/12/23;C1050;P117;3;MC1005
170;16/3/23;C1026;P110;4;MC1002
171;7/12/23;C1031;P115;7;MC1005
172;27/11/23;C1020;P110;9;MC1002
173;1/2/23;C1046;P116;3;MC1001
174;17/10/23;C1025;P115;6;MC1003
175;5/5/23;C1049;P110;5;MC1005
176;19/9/23;C1013;P114;4;MC1003
177;12/6/23;C1049;P107;9;MC1003
178;13/1/23;C1032;P108;3;MC1003
179;7/8/23;C1024;P118;8;MC1005
180;4/8/23;C1041;P104;9;MC1001
181;19/1/23;C1004;P105;7;MC1002
182;14/12/23;C1036;P115;8;MC1001
183;6/7/23;C1045;P108;4;MC1004
184;3/8/23;C1032;P110;1;MC1002
185;1/7/23;C1003;P119;2;MC1003
186;10/8/23;C1035;P114;2;MC1003
187;29/6/23;C1047;P109;3;MC1004
188;27/3/23;C1049;P116;4;MC1004
189;26/4/23;C1012;P101;5;MC1001
190;21/1/23;C1047;P114;10;MC1004
191;21/4/23;C1002;P103;1;MC1002
192;4/11/23;C1035;P114;3;MC1001
193;6/6/23;C1001;P110;6;MC1002
194;16/6/23;C1045;P119;10;MC1001
195;31/7/23;C1040;P101;5;MC1002
196;11/7/23;C1005;P105;6;MC1004
197;5/5/23;C1049;P119;10;MC1005
198;21/2/23;C1019;P101;8;MC1003
199;5/11/23;C1028;P110;10;MC1002
200;25/11/23;C1049;P110;4;MC1003
201;5/6/23;C1032;P113;1;MC1004
202;26/2/23;C1004;P105;1;MC1003
203;21/1/23;C1027;P117;1;MC1004
204;9/7/23;C1048;P117;10;MC1005
205;15/3/23;C1016;P106;7;MC1002
206;9/7/23;C1009;P107;8;MC1002
207;1/6/23;C1049;P108;4;MC1003
208;18/4/23;C1050;P110;7;MC1004
209;10/11/23;C1036;P112;9;MC1001
210;28/9/23;C1024;P118;2;MC1003
211;16/8/23;C1004;P112;3;MC1001
212;17/4/23;C1005;P113;8;MC1001
213;27/1/23;C1034;P117;8;MC1002
214;16/8/23;C1012;P118;4;MC1001
215;2/11/23;C1029;P109;7;MC1004
216;17/6/23;C1044;P119;3;MC1001
217;19/8/23;C1030;P116;2;MC1001
218;10/12/23;C1038;P106;2;MC1002
219;11/11/23;C1001;P110;8;MC1005
220;17/5/23;C1039;P108;6;MC1002
221;11/6/23;C1034;P115;9;MC1005
222;9/7/23;C1028;P114;8;MC1002
223;6/3/23;C1049;P101;7;MC1004
224;15/7/23;C1016;P110;5;MC1003
225;4/8/23;C1009;P116;6;MC1001
226;18/10/23;C1047;P105;5;MC1005
227;9/6/23;C1030;P111;2;MC1001
228;24/10/23;C1014;P116;4;MC1005
229;11/11/23;C1043;P101;8;MC1003
230;25/1/23;C1032;P115;5;MC1002
231;13/9/23;C1044;P108;6;MC1001
232;10/11/23;C1047;P103;4;MC1004
233;14/9/23;C1012;P113;10;MC1001
234;10/12/23;C1050;P116;6;MC1004
235;14/1/23;C1035;P113;9;MC1004
236;26/5/23;C1031;P116;4;MC1004
237;31/12/23;C1001;P112;2;MC1001
238;7/4/23;C1030;P120;2;MC1005
239;1/2/23;C1008;P107;7;MC1005
240;30/3/23;C1046;P101;4;MC1001
241;17/1/23;C1050;P117;4;MC1001
242;3/1/23;C1026;P103;3;MC1001
243;21/3/23;C1046;P117;2;MC1004
244;8/4/23;C1036;P107;5;MC1005
245;10/2/23;C1037;P119;9;MC1002
246;23/12/23;C1044;P116;6;MC1001
247;4/4/23;C1006;P115;1;MC1004
248;15/6/23;C1037;P104;6;MC1003
249;17/12/23;C1027;P115;7;MC1002
250;20/1/23;C1049;P117;4;MC1001
251;7/9/23;C1018;P107;1;MC1005
252;24/9/23;C1042;P113;4;MC1004
253;17/5/23;C1008;P119;7;MC1002
254;21/8/23;C1027;P114;3;MC1004
255;6/11/23;C1012;P114;7;MC1001
256;5/10/23;C1048;P112;1;MC1003
257;26/12/23;C1001;P106;10;MC1003
258;1/1/24;C1034;P109;2;MC1005
259;4/2/23;C1008;P107;3;MC1001
260;15/9/23;C1044;P110;3;MC1003
261;29/7/23;C1029;P111;1;MC1003
262;26/6/23;C1023;P119;2;MC1003
263;2/11/23;C1011;P108;3;MC1004
264;11/8/23;C1027;P111;6;MC1003
265;17/5/23;C1023;P116;9;MC1001
266;29/6/23;C1001;P108;7;MC1001
267;17/3/23;C1010;P110;5;MC1003
268;26/4/23;C1013;P110;10;MC1001
269;6/3/23;C1031;P113;9;MC1003
270;8/9/23;C1026;P120;8;MC1002
271;8/11/23;C1035;P120;4;MC1005
272;25/4/23;C1032;P110;8;MC1005
273;13/3/23;C1014;P106;2;MC1001
274;30/10/23;C1002;P113;8;MC1005
275;10/8/23;C1019;P119;9;MC1004
276;24/8/23;C1003;P119;1;MC1005
277;12/11/23;C1026;P114;9;MC1004
278;13/5/23;C1030;P103;2;MC1002
279;12/7/23;C1016;P116;4;MC1005
280;12/3/23;C1036;P103;1;MC1003
281;31/1/23;C1044;P115;8;MC1005
282;13/4/23;C1013;P101;2;MC1005
283;10/4/23;C1029;P101;9;MC1005
284;19/12/23;C1025;P105;7;MC1002
285;18/7/23;C1029;P119;7;MC1003
286;14/3/23;C1011;P119;2;MC1003
287;9/12/23;C1049;P110;4;MC1002
288;22/9/23;C1040;P113;8;MC1005
289;3/5/23;C1028;P105;7;MC1002
290;3/9/23;C1043;P101;3;MC1002
291;25/7/23;C1041;P107;3;MC1001
292;27/8/23;C1008;P106;2;MC1004
293;15/1/23;C1045;P116;9;MC1005
294;2/6/23;C1035;P120;5;MC1001
295;1/2/23;C1049;P106;1;MC1001
296;3/5/23;C1034;P120;5;MC1001
297;29/8/23;C1019;P119;8;MC1001
298;31/1/23;C1010;P110;5;MC1003
299;5/3/23;C1004;P118;2;MC1005
300;9/12/23;C1033;P104;5;MC1004
301;7/5/23;C1003;P114;8;MC1003
302;28/6/23;C1012;P117;10;MC1004
303;12/2/23;C1009;P107;1;MC1001
304;14/10/23;C1024;P103;5;MC1005
305;13/9/23;C1008;P120;2;MC1003
306;23/7/23;C1014;P114;5;MC1003
307;24/8/23;C1031;P120;9;MC1002
308;2/11/23;C1021;P114;8;MC1005
309;28/5/23;C1008;P108;7;MC1003
310;18/5/23;C1048;P106;3;MC1005
311;2/8/23;C1010;P117;6;MC1004
312;15/4/23;C1002;P103;5;MC1001
313;5/11/23;C1005;P104;5;MC1005
314;24/11/23;C1027;P104;10;MC1002
315;8/8/23;C1031;P119;10;MC1002
316;7/2/23;C1013;P105;7;MC1002
317;12/7/23;C1010;P111;9;MC1002
318;7/1/23;C1044;P119;9;MC1004
319;4/11/23;C1041;P109;3;MC1001
320;7/8/23;C1050;P115;9;MC1003
321;17/7/23;C1030;P110;9;MC1001
322;12/12/23;C1025;P119;3;MC1003
323;26/11/23;C1034;P110;8;MC1003
324;23/6/23;C1041;P111;2;MC1001
325;8/9/23;C1047;P107;3;MC1005
326;22/1/23;C1008;P115;3;MC1003
327;29/6/23;C1014;P109;4;MC1003
328;30/8/23;C1004;P107;8;MC1002
329;16/6/23;C1035;P111;10;MC1002
330;24/11/23;C1037;P103;9;MC1003
331;18/5/23;C1008;P107;10;MC1004
332;9/9/23;C1013;P101;8;MC1001
333;5/12/23;C1035;P101;6;MC1002
334;20/7/23;C1032;P105;3;MC1002
335;27/6/23;C1022;P107;3;MC1003
336;14/4/23;C1014;P110;5;MC1003
337;4/9/23;C1006;P108;4;MC1001
338;2/2/23;C1045;P119;9;MC1001
339;17/2/23;C1033;P110;2;MC1004
340;14/10/23;C1014;P113;1;MC1002
341;20/9/23;C1032;P114;7;MC1004
342;21/3/23;C1007;P108;10;MC1004
343;14/11/23;C1035;P107;7;MC1003
344;1/1/23;C1033;P119;7;MC1002
345;16/2/23;C1028;P112;10;MC1005
346;12/10/23;C1036;P119;1;MC1002
347;27/12/23;C1043;P114;1;MC1004
348;28/2/23;C1021;P106;3;MC1003
349;17/1/23;C1017;P118;2;MC1001
350;5/9/23;C1045;P112;4;MC1002
351;3/7/23;C1017;P107;8;MC1004
352;17/8/23;C1042;P112;9;MC1003
353;9/10/23;C1009;P104;5;MC1002
354;12/6/23;C1022;P117;1;MC1005
355;19/10/23;C1002;P117;2;MC1002
356;19/2/23;C1047;P107;1;MC1004
357;24/12/23;C1041;P116;6;MC1005
358;1/4/23;C1032;P119;6;MC1005
359;31/1/23;C1025;P107;6;MC1002
360;3/9/23;C1025;P112;8;MC1002
361;3/12/23;C1027;P104;7;MC1005
362;11/12/23;C1036;P112;3;MC1002
363;8/4/23;C1026;P114;4;MC1002
364;26/8/23;C1014;P119;3;MC1002
365;24/9/23;C1008;P117;3;MC1005
366;13/7/23;C1005;P117;4;MC1001
367;18/10/23;C1016;P105;5;MC1004
368;3/3/23;C1035;P117;10;MC1004
369;5/9/23;C1038;P115;4;MC1005
370;21/8/23;C1037;P104;6;MC1003
371;4/9/23;C1049;P117;10;MC1001
372;27/6/23;C1036;P101;9;MC1004
373;7/6/23;C1043;P105;1;MC1005
374;17/10/23;C1044;P112;7;MC1005
375;27/10/23;C1005;P109;5;MC1002
376;28/3/23;C1042;P104;5;MC1005
377;25/9/23;C1001;P102;8;MC1003
378;14/1/23;C1049;P109;8;MC1005
379;6/2/23;C1015;P116;8;MC1004
380;26/8/23;C1010;P119;7;MC1003
381;28/7/23;C1048;P105;5;MC1001
382;16/2/23;C1038;P102;8;MC1001
383;11/7/23;C1001;P118;3;MC1003
384;24/5/23;C1039;P116;4;MC1005
385;28/3/23;C1036;P101;9;MC1004
386;13/2/23;C1010;P104;8;MC1002
387;3/3/23;C1019;P120;6;MC1001
388;6/3/23;C1019;P111;1;MC1005
389;30/3/23;C1031;P118;3;MC1004
390;3/6/23;C1027;P117;9;MC1003
391;14/7/23;C1016;P111;8;MC1003
392;5/5/23;C1049;P113;2;MC1004
393;28/4/23;C1005;P105;5;MC1004
394;14/10/23;C1047;P110;1;MC1005
395;29/5/23;C1009;P120;5;MC1001
396;17/2/23;C1019;P103;10;MC1001
397;6/4/23;C1048;P116;1;MC1005
398;16/10/23;C1022;P119;4;MC1005
399;17/3/23;C1045;P118;7;MC1004
400;30/5/23;C1030;P106;4;MC1002
401;26/8/23;C1048;P118;5;MC1002
402;9/6/23;C1010;P110;10;MC1001
403;18/5/23;C1045;P109;10;MC1002
404;3/10/23;C1048;P104;3;MC1004
405;15/3/23;C1005;P110;4;MC1002
406;30/4/23;C1036;P117;9;MC1004
407;21/7/23;C1044;P107;1;MC1004
408;30/3/23;C1007;P103;2;MC1005
409;18/1/23;C1033;P111;6;MC1003
410;30/1/23;C1048;P113;7;MC1001
411;3/5/23;C1042;P118;2;MC1004
412;12/1/23;C1009;P109;8;MC1003
413;5/7/23;C1039;P101;6;MC1003
414;28/2/23;C1043;P112;8;MC1001
415;9/12/23;C1025;P104;6;MC1003
416;8/6/23;C1026;P114;5;MC1002
417;20/1/23;C1044;P117;1;MC1005
418;7/6/23;C1043;P114;1;MC1001
419;16/4/23;C1017;P114;10;MC1003
420;16/7/23;C1045;P103;8;MC1003
421;17/12/23;C1023;P107;10;MC1004
422;7/6/23;C1017;P107;10;MC1001
423;30/4/23;C1038;P115;1;MC1001
424;16/7/23;C1023;P118;10;MC1004
425;15/4/23;C1013;P114;5;MC1005
426;27/1/23;C1020;P101;5;MC1001
427;13/6/23;C1014;P110;6;MC1002
428;21/7/23;C1027;P108;3;MC1001
429;7/7/23;C1037;P116;8;MC1001
430;21/6/23;C1037;P118;8;MC1005
431;7/11/23;C1025;P113;5;MC1004
432;25/6/23;C1028;P108;9;MC1001
433;16/4/23;C1020;P111;10;MC1003
434;6/3/23;C1043;P113;4;MC1002
435;3/4/23;C1002;P108;9;MC1003
436;4/1/23;C1036;P118;4;MC1004
437;3/4/23;C1035;P118;3;MC1003
438;8/10/23;C1048;P120;8;MC1005
439;23/4/23;C1036;P114;10;MC1004
440;11/10/23;C1030;P113;7;MC1005
441;31/3/23;C1015;P118;3;MC1001
442;1/1/23;C1031;P108;8;MC1003
443;1/12/23;C1012;P120;6;MC1004
444;15/3/23;C1045;P110;2;MC1004
445;1/1/24;C1011;P117;9;MC1001
446;19/4/23;C1047;P114;9;MC1003
447;5/8/23;C1019;P115;10;MC1004
448;2/2/23;C1046;P113;8;MC1003
449;5/4/23;C1044;P101;2;MC1001
450;28/3/23;C1018;P115;3;MC1001
451;12/3/23;C1019;P107;7;MC1001
452;19/1/23;C1039;P104;5;MC1001
453;13/9/23;C1024;P111;6;MC1004
454;19/3/23;C1004;P102;10;MC1003
455;26/6/23;C1029;P111;3;MC1003
456;31/10/23;C1018;P105;10;MC1004
457;9/3/23;C1012;P116;3;MC1002
458;27/2/23;C1021;P107;9;MC1003
459;19/5/23;C1014;P117;4;MC1003
460;14/6/23;C1023;P112;2;MC1005
461;20/2/23;C1033;P111;9;MC1005
462;29/3/23;C1043;P101;4;MC1004
463;16/7/23;C1004;P107;3;MC1005
464;28/3/23;C1022;P106;2;MC1004
465;4/5/23;C1003;P107;1;MC1002
466;30/8/23;C1013;P118;10;MC1001
467;2/5/23;C1015;P101;9;MC1002
468;29/10/23;C1010;P118;6;MC1001
469;24/11/23;C1008;P106;4;MC1002
470;24/7/23;C1045;P109;1;MC1005
471;30/5/23;C1040;P115;6;MC1003
472;16/7/23;C1015;P113;3;MC1004
473;7/2/23;C1038;P114;7;MC1004
474;14/2/23;C1008;P106;2;MC1003
475;30/10/23;C1009;P101;4;MC1001
476;23/7/23;C1043;P109;8;MC1005
477;14/2/23;C1035;P109;10;MC1002
478;8/7/23;C1010;P120;2;MC1001
479;7/3/23;C1002;P115;3;MC1004
480;24/7/23;C1016;P120;3;MC1002
481;10/2/23;C1050;P111;5;MC1003
482;16/11/23;C1047;P106;2;MC1005
483;5/11/23;C1002;P118;8;MC1005
484;28/11/23;C1037;P103;2;MC1001
485;13/9/23;C1024;P103;8;MC1005
486;23/9/23;C1008;P111;8;MC1004
487;11/1/23;C1048;P119;2;MC1004
488;14/7/23;C1024;P103;9;MC1004
489;25/9/23;C1050;P105;3;MC1005
490;25/11/23;C1041;P106;7;MC1005
491;19/7/23;C1015;P112;2;MC1001
492;22/3/23;C1022;P101;2;MC1005
493;14/3/23;C1019;P120;3;MC1002
494;10/11/23;C1012;P112;6;MC1002
495;30/3/23;C1023;P117;6;MC1005
496;31/8/23;C1002;P114;3;MC1001
497;23/11/23;C1034;P104;4;MC1001
498;4/3/23;C1026;P109;7;MC1003
499;15/6/23;C1048;P118;9;MC1002
500;4/4/23;C1046;P117;4;MC1002
501;10/10/23;C1044;P102;1;MC1004
502;4/3/23;C1044;P117;6;MC1003
503;30/3/23;C1039;P117;10;MC1004
504;26/4/23;C1015;P111;3;MC1005
505;10/9/23;C1042;P110;6;MC1002
506;27/9/23;C1016;P101;3;MC1002
507;13/3/23;C1043;P105;5;MC1005
508;5/4/23;C1037;P112;10;MC1003
509;28/9/23;C1037;P110;4;MC1002
510;28/1/23;C1022;P107;2;MC1001
511;24/9/23;C1042;P111;9;MC1004
512;3/5/23;C1019;P103;1;MC1005
513;28/5/23;C1036;P110;5;MC1004
514;30/11/23;C1023;P101;7;MC1004
515;19/6/23;C1013;P108;7;MC1004
516;2/2/23;C1047;P109;6;MC1001
517;14/9/23;C1044;P119;8;MC1004
518;10/7/23;C1049;P114;7;MC1005
519;6/3/23;C1003;P118;5;MC1001
520;1/7/23;C1033;P114;6;MC1003
521;31/10/23;C1017;P119;7;MC1005
522;29/12/23;C1007;P112;5;MC1003
523;22/12/23;C1012;P116;9;MC1005
524;2/8/23;C1001;P106;2;MC1003
525;31/7/23;C1014;P111;1;MC1001
526;20/6/23;C1027;P114;4;MC1005
527;1/4/23;C1006;P112;1;MC1004
528;5/6/23;C1027;P120;5;MC1005
529;30/1/23;C1011;P113;1;MC1005
530;24/11/23;C1043;P106;8;MC1002
531;12/8/23;C1047;P116;10;MC1002
532;28/9/23;C1047;P108;4;MC1002
533;3/5/23;C1004;P115;10;MC1005
534;22/1/23;C1024;P105;2;MC1005
535;24/10/23;C1014;P102;3;MC1001
536;17/7/23;C1001;P113;6;MC1004
537;5/6/23;C1036;P115;8;MC1004
538;19/11/23;C1029;P113;2;MC1003
539;5/6/23;C1050;P114;10;MC1002
540;11/6/23;C1026;P106;6;MC1004
541;12/10/23;C1005;P113;3;MC1002
542;1/7/23;C1022;P107;10;MC1002
543;1/4/23;C1034;P118;4;MC1005
544;9/3/23;C1048;P101;2;MC1004
545;7/12/23;C1014;P108;7;MC1001
546;27/11/23;C1009;P101;4;MC1002
547;18/1/23;C1035;P113;8;MC1005
548;5/1/23;C1032;P104;7;MC1001
549;17/10/23;C1023;P115;5;MC1001
550;29/5/23;C1031;P113;7;MC1002
551;11/10/23;C1025;P119;6;MC1004
552;4/7/23;C1029;P106;2;MC1001
553;30/10/23;C1007;P102;10;MC1004
554;17/2/23;C1017;P105;9;MC1003
555;9/4/23;C1017;P106;9;MC1003
556;25/1/23;C1011;P110;8;MC1005
557;25/3/23;C1018;P104;2;MC1001
558;2/1/23;C1034;P116;1;MC1003
559;9/7/23;C1022;P115;9;MC1005
560;26/9/23;C1046;P107;10;MC1001
561;10/3/23;C1020;P106;4;MC1005
562;11/1/23;C1029;P115;5;MC1001
563;2/10/23;C1004;P102;4;MC1004
564;28/8/23;C1028;P118;9;MC1003
565;16/11/23;C1040;P113;2;MC1001
566;2/5/23;C1002;P107;4;MC1004
567;25/7/23;C1012;P106;9;MC1001
568;27/3/23;C1001;P106;2;MC1005
569;15/4/23;C1028;P113;1;MC1004
570;3/10/23;C1034;P107;6;MC1002
571;20/5/23;C1036;P119;9;MC1002
572;12/2/23;C1025;P106;8;MC1001
573;4/1/23;C1050;P116;10;MC1003
574;27/1/23;C1011;P113;8;MC1004
575;22/5/23;C1025;P108;8;MC1004
576;13/11/23;C1034;P110;9;MC1002
577;3/1/23;C1006;P118;1;MC1005
578;2/6/23;C1007;P104;1;MC1003
579;10/5/23;C1030;P114;7;MC1005
580;1/5/23;C1048;P113;10;MC1001
581;6/8/23;C1049;P107;3;MC1002
582;19/9/23;C1008;P112;9;MC1003
583;31/3/23;C1006;P117;2;MC1005
584;30/12/23;C1005;P110;7;MC1003
585;5/1/23;C1034;P116;8;MC1004
586;28/4/23;C1040;P112;9;MC1001
587;27/12/23;C1048;P115;3;MC1005
588;18/11/23;C1018;P113;1;MC1002
589;17/3/23;C1017;P105;6;MC1001
590;4/9/23;C1031;P103;4;MC1002
591;18/9/23;C1026;P116;6;MC1005
592;11/9/23;C1033;P115;5;MC1002
593;2/12/23;C1014;P119;2;MC1001
594;27/11/23;C1048;P117;4;MC1001
595;26/7/23;C1001;P114;2;MC1005
596;27/10/23;C1005;P118;4;MC1004
597;21/8/23;C1043;P116;10;MC1005
598;6/5/23;C1049;P117;9;MC1001
599;22/3/23;C1034;P107;6;MC1005
600;27/10/23;C1019;P102;2;MC1005
601;21/5/23;C1006;P107;1;MC1004
602;6/11/23;C1027;P120;8;MC1005
603;17/8/23;C1035;P112;2;MC1005
604;25/4/23;C1036;P102;9;MC1001
605;23/9/23;C1039;P118;6;MC1005
606;24/9/23;C1035;P111;2;MC1005
607;24/9/23;C1006;P116;5;MC1002
608;11/12/23;C1038;P102;9;MC1002
609;18/12/23;C1007;P120;3;MC1003
610;26/3/23;C1010;P120;10;MC1003
611;1/1/23;C1039;P120;5;MC1003
612;30/3/23;C1045;P102;8;MC1004
613;8/10/23;C1029;P109;7;MC1005
614;4/3/23;C1004;P102;7;MC1004
615;1/6/23;C1049;P115;9;MC1001
616;12/1/23;C1048;P112;3;MC1002
617;4/11/23;C1021;P106;9;MC1004
618;16/1/23;C1049;P101;5;MC1001
619;28/8/23;C1008;P111;7;MC1004
620;16/11/23;C1035;P118;5;MC1004
621;1/1/23;C1021;P110;7;MC1005
622;21/10/23;C1041;P104;5;MC1003
623;3/6/23;C1036;P102;7;MC1001
624;1/9/23;C1040;P111;8;MC1001
625;20/9/23;C1024;P114;1;MC1001
626;11/11/23;C1016;P116;7;MC1005
627;25/1/23;C1010;P102;7;MC1002
628;1/1/24;C1050;P109;4;MC1005
629;28/4/23;C1001;P116;2;MC1002
630;7/4/23;C1046;P120;7;MC1003
631;18/7/23;C1041;P113;6;MC1002
632;2/10/23;C1039;P120;4;MC1005
633;10/12/23;C1007;P106;3;MC1001
634;18/5/23;C1040;P119;3;MC1003
635;30/5/23;C1038;P118;5;MC1003
636;6/10/23;C1046;P107;9;MC1002
637;18/10/23;C1040;P109;10;MC1004
638;12/7/23;C1041;P105;1;MC1002
639;25/6/23;C1019;P104;8;MC1004
640;5/1/23;C1018;P114;4;MC1003
641;15/12/23;C1007;P107;8;MC1002
642;27/12/23;C1025;P115;9;MC1003
643;28/10/23;C1048;P108;8;MC1003
644;25/11/23;C1042;P112;9;MC1001
645;7/10/23;C1007;P112;3;MC1005
646;13/6/23;C1021;P115;2;MC1002
647;25/2/23;C1009;P104;8;MC1005
648;20/8/23;C1035;P118;7;MC1005
649;14/7/23;C1044;P119;10;MC1001
650;6/12/23;C1008;P109;7;MC1001
651;3/6/23;C1011;P118;2;MC1004
652;2/11/23;C1014;P112;1;MC1004
653;12/12/23;C1042;P111;8;MC1004
654;5/8/23;C1048;P118;5;MC1005
655;16/2/23;C1032;P120;2;MC1001
656;12/3/23;C1002;P106;2;MC1005
657;20/4/23;C1032;P115;1;MC1001
658;7/6/23;C1050;P116;6;MC1003
659;22/12/23;C1020;P108;9;MC1004
660;11/9/23;C1044;P104;2;MC1005
661;26/6/23;C1015;P101;4;MC1002
662;17/8/23;C1044;P115;10;MC1004
663;1/11/23;C1047;P114;4;MC1002
664;18/7/23;C1032;P114;2;MC1005
665;3/12/23;C1004;P110;4;MC1005
666;23/7/23;C1012;P107;1;MC1005
667;9/5/23;C1005;P112;9;MC1003
668;21/10/23;C1001;P102;4;MC1002
669;9/8/23;C1026;P116;8;MC1003
670;21/6/23;C1039;P101;6;MC1002
671;8/4/23;C1048;P111;3;MC1001
672;8/9/23;C1043;P119;1;MC1001
673;13/2/23;C1043;P103;1;MC1001
674;17/4/23;C1001;P108;2;MC1004
675;16/2/23;C1014;P119;10;MC1004
676;2/8/23;C1024;P115;2;MC1003
677;23/9/23;C1022;P108;9;MC1001
678;5/1/23;C1038;P112;1;MC1005
679;19/2/23;C1026;P108;2;MC1003
680;11/2/23;C1045;P105;6;MC1005
681;29/12/23;C1012;P111;7;MC1004
682;26/10/23;C1036;P113;8;MC1002
683;11/3/23;C1024;P106;4;MC1004
684;2/12/23;C1042;P113;1;MC1003
685;4/1/23;C1042;P110;8;MC1005
686;4/9/23;C1009;P101;10;MC1002
687;24/5/23;C1013;P116;2;MC1001
688;26/8/23;C1004;P115;7;MC1003
689;4/11/23;C1049;P119;3;MC1001
690;7/11/23;C1024;P107;8;MC1004
691;22/11/23;C1009;P102;6;MC1005
692;17/5/23;C1015;P106;6;MC1001
693;10/8/23;C1039;P101;7;MC1005
694;15/11/23;C1017;P103;3;MC1004
695;23/7/23;C1047;P107;7;MC1004
696;2/8/23;C1022;P104;3;MC1003
697;3/10/23;C1019;P118;4;MC1002
698;14/5/23;C1049;P106;5;MC1001
699;9/11/23;C1004;P107;10;MC1001
700;24/10/23;C1031;P110;5;MC1002
701;4/6/23;C1040;P112;1;MC1004
702;6/6/23;C1037;P106;9;MC1005
703;1/8/23;C1015;P113;10;MC1002
704;10/5/23;C1010;P115;6;MC1005
705;29/7/23;C1003;P115;3;MC1003
706;7/12/23;C1032;P114;7;MC1003
707;21/8/23;C1020;P111;10;MC1004
708;9/5/23;C1026;P107;7;MC1002
709;2/8/23;C1017;P102;5;MC1003
710;16/6/23;C1024;P112;5;MC1002
711;2/2/23;C1008;P104;10;MC1003
712;25/10/23;C1046;P103;5;MC1004
713;31/7/23;C1021;P109;9;MC1005
714;18/6/23;C1033;P111;6;MC1002
715;15/4/23;C1024;P104;4;MC1001
716;22/5/23;C1016;P110;6;MC1002
717;25/7/23;C1024;P109;1;MC1005
718;9/11/23;C1021;P112;8;MC1001
719;16/6/23;C1017;P117;2;MC1004
720;10/10/23;C1033;P111;1;MC1003
721;27/4/23;C1021;P104;1;MC1001
722;11/4/23;C1042;P107;2;MC1002
723;11/6/23;C1038;P106;9;MC1004
724;8/2/23;C1010;P118;7;MC1002
725;11/2/23;C1006;P101;7;MC1002
726;2/10/23;C1018;P106;9;MC1004
727;1/12/23;C1050;P107;2;MC1004
728;16/4/23;C1009;P113;7;MC1001
729;21/8/23;C1011;P104;4;MC1002
730;18/12/23;C1021;P102;7;MC1001
731;14/10/23;C1004;P114;10;MC1004
732;13/11/23;C1026;P106;4;MC1001
733;24/1/23;C1015;P113;7;MC1001
734;8/9/23;C1014;P101;5;MC1002
735;26/10/23;C1039;P103;4;MC1002
736;15/3/23;C1021;P105;3;MC1001
737;18/3/23;C1022;P112;2;MC1005
738;17/7/23;C1024;P110;7;MC1003
739;19/4/23;C1017;P101;9;MC1002
740;9/6/23;C1046;P109;1;MC1003
741;19/2/23;C1002;P104;9;MC1003
742;11/5/23;C1042;P101;8;MC1005
743;31/8/23;C1003;P113;4;MC1005
744;4/9/23;C1012;P106;1;MC1004
745;7/9/23;C1049;P118;2;MC1004
746;17/12/23;C1044;P106;3;MC1003
747;9/8/23;C1028;P106;10;MC1004
748;23/6/23;C1044;P109;10;MC1005
749;5/9/23;C1029;P111;9;MC1001
750;12/6/23;C1040;P112;6;MC1004
751;20/7/23;C1015;P115;4;MC1002
752;24/4/23;C1014;P118;2;MC1005
753;9/12/23;C1009;P101;6;MC1002
754;18/11/23;C1039;P114;6;MC1002
755;13/4/23;C1040;P119;4;MC1001
756;13/3/23;C1020;P114;8;MC1005
757;1/10/23;C1003;P105;2;MC1003
758;30/4/23;C1022;P109;7;MC1005
759;22/11/23;C1007;P101;10;MC1002
760;30/6/23;C1023;P105;9;MC1005
761;15/2/23;C1045;P111;10;MC1002
762;1/9/23;C1028;P116;5;MC1003
763;14/9/23;C1030;P117;2;MC1001
764;28/1/23;C1005;P108;8;MC1002
765;12/1/23;C1049;P107;7;MC1005
766;20/8/23;C1023;P106;7;MC1001
767;5/11/23;C1044;P116;7;MC1004
768;28/8/23;C1022;P106;2;MC1002
769;18/11/23;C1008;P120;6;MC1005
770;17/3/23;C1044;P102;3;MC1003
771;14/1/23;C1015;P102;4;MC1002
772;9/1/23;C1042;P110;7;MC1003
773;19/11/23;C1001;P106;10;MC1005
774;11/3/23;C1013;P107;6;MC1003
775;26/7/23;C1014;P105;4;MC1004
776;12/10/23;C1027;P104;7;MC1003
777;26/3/23;C1045;P120;1;MC1005
778;12/3/23;C1006;P104;7;MC1002
779;9/8/23;C1024;P120;9;MC1002
780;10/12/23;C1002;P109;5;MC1001
781;20/4/23;C1014;P109;10;MC1001
782;8/4/23;C1013;P103;1;MC1005
783;16/4/23;C1019;P108;3;MC1002
784;7/9/23;C1024;P115;10;MC1004
785;3/5/23;C1002;P119;9;MC1002
786;21/8/23;C1043;P114;2;MC1002
787;30/12/23;C1029;P102;8;MC1002
788;11/2/23;C1031;P104;5;MC1003
789;26/10/23;C1025;P102;5;MC1001
790;16/6/23;C1006;P116;5;MC1001
791;18/1/23;C1014;P106;4;MC1004
792;7/11/23;C1045;P104;6;MC1004
793;24/10/23;C1001;P103;1;MC1005
794;14/10/23;C1031;P106;2;MC1001
795;14/3/23;C1034;P105;8;MC1003
796;18/2/23;C1004;P118;4;MC1002
797;1/11/23;C1012;P105;8;MC1004
798;28/10/23;C1010;P106;1;MC1004
799;12/11/23;C1008;P104;10;MC1002
800;6/1/23;C1015;P118;10;MC1003
801;30/6/23;C1046;P103;8;MC1005
802;30/7/23;C1006;P118;3;MC1003
803;25/12/23;C1048;P115;1;MC1005
804;7/10/23;C1023;P115;5;MC1005
805;22/7/23;C1004;P105;10;MC1002
806;22/6/23;C1011;P120;4;MC1005
807;4/3/23;C1009;P119;2;MC1005
808;25/10/23;C1003;P116;10;MC1003
809;6/4/23;C1001;P101;2;MC1002
810;15/10/23;C1009;P118;4;MC1005
811;12/2/23;C1005;P120;5;MC1005
812;23/4/23;C1048;P103;9;MC1001
813;23/3/23;C1035;P112;3;MC1005
814;8/6/23;C1017;P103;6;MC1003
815;27/8/23;C1041;P119;3;MC1001
816;19/10/23;C1032;P117;1;MC1002
817;28/4/23;C1044;P114;1;MC1005
818;14/4/23;C1021;P105;2;MC1004
819;24/5/23;C1021;P109;9;MC1005
820;9/12/23;C1026;P111;3;MC1001
821;7/4/23;C1003;P108;3;MC1005
822;6/6/23;C1015;P119;1;MC1005
823;21/10/23;C1016;P111;5;MC1002
824;3/8/23;C1002;P119;5;MC1001
825;29/9/23;C1041;P112;2;MC1004
826;24/11/23;C1043;P104;10;MC1004
827;2/1/23;C1018;P117;9;MC1005
828;2/8/23;C1044;P112;2;MC1003
829;15/4/23;C1038;P119;3;MC1002
830;11/2/23;C1034;P114;10;MC1005
831;14/1/23;C1042;P104;2;MC1002
832;11/3/23;C1002;P111;2;MC1004
833;24/9/23;C1034;P101;10;MC1005
834;31/10/23;C1006;P107;8;MC1004
835;12/3/23;C1049;P102;2;MC1001
836;3/10/23;C1033;P120;2;MC1004
837;28/1/23;C1050;P104;10;MC1004
838;17/2/23;C1050;P101;6;MC1004
839;18/1/23;C1049;P106;7;MC1002
840;31/12/23;C1035;P116;2;MC1002
841;18/3/23;C1050;P101;5;MC1001
842;3/8/23;C1016;P113;7;MC1001
843;12/1/23;C1002;P120;1;MC1005
844;13/1/23;C1022;P103;8;MC1005
845;20/4/23;C1021;P103;10;MC1003
846;30/7/23;C1026;P114;5;MC1005
847;31/7/23;C1038;P105;3;MC1004
848;3/9/23;C1046;P120;9;MC1001
849;10/10/23;C1038;P119;10;MC1004
850;25/2/23;C1025;P114;7;MC1003
851;2/1/23;C1044;P120;5;MC1002
852;12/5/23;C1021;P102;6;MC1004
853;25/7/23;C1043;P110;10;MC1001
854;17/8/23;C1045;P113;3;MC1002
855;9/12/23;C1050;P112;8;MC1005
856;15/9/23;C1048;P103;2;MC1002
857;22/6/23;C1043;P107;2;MC1003
858;25/9/23;C1024;P107;9;MC1003
859;3/3/23;C1026;P104;9;MC1002
860;13/3/23;C1019;P109;3;MC1002
861;6/7/23;C1010;P115;2;MC1002
862;25/11/23;C1002;P114;3;MC1005
863;5/11/23;C1035;P115;6;MC1004
864;3/10/23;C1021;P104;3;MC1002
865;9/2/23;C1002;P111;5;MC1002
866;24/9/23;C1017;P102;2;MC1001
867;22/3/23;C1016;P113;7;MC1001
868;2/3/23;C1021;P102;3;MC1002
869;28/12/23;C1024;P107;1;MC1005
870;4/10/23;C1045;P101;3;MC1002
871;11/7/23;C1025;P101;1;MC1005
872;13/5/23;C1011;P108;8;MC1003
873;22/7/23;C1008;P119;9;MC1003
874;25/3/23;C1047;P105;10;MC1004
875;5/5/23;C1021;P109;3;MC1005
876;28/2/23;C1046;P113;8;MC1005
877;15/3/23;C1041;P112;10;MC1002
878;13/10/23;C1028;P111;10;MC1002
879;31/1/23;C1001;P103;10;MC1005
880;6/9/23;C1029;P109;1;MC1004
881;9/11/23;C1031;P113;9;MC1004
882;16/6/23;C1008;P115;1;MC1001
883;8/6/23;C1038;P108;4;MC1001
884;18/1/23;C1028;P113;9;MC1005
885;25/4/23;C1027;P110;4;MC1003
886;9/2/23;C1013;P108;3;MC1001
887;24/12/23;C1032;P111;9;MC1004
888;21/6/23;C1029;P106;2;MC1004
889;21/1/23;C1017;P110;6;MC1004
890;18/3/23;C1034;P109;5;MC1004
891;5/2/23;C1037;P108;7;MC1002
892;26/2/23;C1004;P116;10;MC1004
893;7/9/23;C1022;P108;8;MC1002
894;7/9/23;C1038;P117;10;MC1001
895;24/10/23;C1036;P109;7;MC1001
896;21/4/23;C1046;P111;2;MC1002
897;11/10/23;C1017;P112;5;MC1005
898;11/3/23;C1016;P101;1;MC1003
899;29/12/23;C1012;P114;6;MC1003
900;15/5/23;C1024;P107;8;MC1003
901;2/4/23;C1026;P120;9;MC1004
902;26/3/23;C1022;P101;8;MC1003
903;11/1/23;C1012;P107;1;MC1005
904;26/5/23;C1032;P109;1;MC1003
905;19/6/23;C1032;P111;3;MC1003
906;27/5/23;C1027;P120;6;MC1005
907;21/11/23;C1013;P109;6;MC1004
908;1/11/23;C1009;P119;6;MC1002
909;21/6/23;C1043;P116;9;MC1002
910;5/8/23;C1025;P110;10;MC1005
911;31/8/23;C1011;P116;8;MC1002
912;9/12/23;C1037;P111;3;MC1005
913;22/12/23;C1045;P120;3;MC1001
914;11/4/23;C1022;P114;3;MC1005
915;26/1/23;C1023;P105;2;MC1004
916;15/8/23;C1002;P119;9;MC1004
917;26/6/23;C1022;P116;7;MC1001
918;19/6/23;C1025;P106;10;MC1001
919;2/4/23;C1027;P114;5;MC1003
920;30/11/23;C1043;P103;4;MC1002
921;11/10/23;C1047;P120;7;MC1002
922;4/12/23;C1009;P112;6;MC1002
923;25/8/23;C1010;P112;9;MC1003
924;17/6/23;C1043;P107;8;MC1003
925;16/5/23;C1005;P109;4;MC1003
926;12/9/23;C1028;P110;5;MC1004
927;11/2/23;C1008;P108;8;MC1003
928;7/1/23;C1007;P115;7;MC1003
929;25/3/23;C1032;P117;2;MC1005
930;6/5/23;C1023;P107;9;MC1003
931;30/8/23;C1038;P120;2;MC1001
932;29/12/23;C1013;P109;3;MC1002
933;23/1/23;C1049;P103;4;MC1004
934;10/9/23;C1038;P111;2;MC1001
935;10/2/23;C1012;P105;3;MC1004
936;1/6/23;C1020;P106;7;MC1004
937;31/3/23;C1025;P117;9;MC1002
938;10/12/23;C1036;P109;3;MC1001
939;9/5/23;C1032;P104;1;MC1005
940;29/4/23;C1025;P104;6;MC1004
941;2/6/23;C1011;P116;2;MC1004
942;15/9/23;C1010;P109;5;MC1005
943;21/1/23;C1002;P115;1;MC1003
944;23/7/23;C1032;P104;8;MC1001
945;26/6/23;C1006;P101;8;MC1001
946;28/7/23;C1044;P115;5;MC1005
947;26/1/23;C1026;P107;6;MC1002
948;29/10/23;C1028;P106;7;MC1004
949;28/2/23;C1029;P102;10;MC1004
950;22/2/23;C1034;P111;7;MC1001
951;28/5/23;C1002;P116;2;MC1004
952;1/7/23;C1034;P107;1;MC1002
953;30/10/23;C1017;P116;10;MC1002
954;10/7/23;C1001;P110;6;MC1002
955;1/12/23;C1043;P105;7;MC1005
956;16/8/23;C1016;P107;6;MC1002
957;2/10/23;C1048;P116;4;MC1005
958;30/10/23;C1034;P119;3;MC1003
959;27/3/23;C1038;P107;9;MC1001
960;16/8/23;C1034;P108;3;MC1004
961;18/8/23;C1003;P104;6;MC1003
962;31/3/23;C1035;P103;3;MC1003
963;4/9/23;C1035;P101;4;MC1004
964;29/6/23;C1030;P105;6;MC1004
965;15/11/23;C1001;P114;8;MC1002
966;5/10/23;C1002;P103;3;MC1001
967;4/10/23;C1048;P106;8;MC1001
968;26/2/23;C1023;P103;3;MC1002
969;3/3/23;C1031;P118;6;MC1001
970;7/10/23;C1023;P108;4;MC1003
971;7/1/23;C1019;P120;10;MC1005
972;6/8/23;C1031;P111;4;MC1001
973;16/7/23;C1015;P114;1;MC1002
974;13/9/23;C1035;P112;10;MC1001
975;16/9/23;C1009;P112;5;MC1002
976;12/6/23;C1050;P102;2;MC1004
977;25/9/23;C1018;P113;2;MC1003
978;23/12/23;C1009;P119;8;MC1001
979;18/5/23;C1024;P105;3;MC1005
980;7/7/23;C1046;P106;7;MC1003
981;16/6/23;C1024;P106;3;MC1003
982;4/10/23;C1016;P117;7;MC1004
983;27/6/23;C1041;P107;9;MC1001
984;29/10/23;C1026;P111;8;MC1001
985;16/9/23;C1017;P116;4;MC1001
986;1/11/23;C1020;P105;3;MC1003
987;1/5/23;C1003;P106;6;MC1001
988;11/8/23;C1049;P118;8;MC1004
989;18/9/23;C1033;P103;1;MC1001
990;8/8/23;C1021;P107;9;MC1003
991;5/9/23;C1042;P116;2;MC1001
992;8/1/23;C1002;P108;5;MC1003
993;12/4/23;C1042;P111;10;MC1004
994;11/4/23;C1031;P112;8;MC1003
995;1/5/23;C1020;P120;10;MC1001
996;25/3/23;C1034;P119;2;MC1002
997;24/1/23;C1014;P113;9;MC1001
998;19/11/23;C1014;P112;1;MC1004
999;18/12/23;C1050;P115;5;MC1002
1000;20/9/23;C1013;P106;3;MC1005
1001;6/7/23;C1028;P115;7;MC1004
1002;30/9/23;C1049;P107;7;MC1005
1003;3/7/23;C1034;P106;10;MC1004
1004;7/9/23;C1048;P106;7;MC1003
1005;15/3/23;C1024;P120;8;MC1001
1006;24/2/23;C1014;P115;2;MC1003
1007;29/3/23;C1029;P102;6;MC1002
1008;4/3/23;C1010;P107;7;MC1003
1009;4/2/23;C1039;P109;7;MC1005
1010;19/6/23;C1050;P104;3;MC1005
1011;21/12/23;C1044;P102;5;MC1005
1012;25/8/23;C1038;P103;10;MC1002
1013;9/12/23;C1047;P120;5;MC1003
1014;9/4/23;C1037;P117;2;MC1005
1015;25/4/23;C1008;P116;6;MC1004
1016;14/11/23;C1027;P106;4;MC1005
1017;30/11/23;C1014;P120;8;MC1001
1018;21/5/23;C1008;P113;10;MC1004
1019;5/3/23;C1018;P108;2;MC1004
1020;11/3/23;C1005;P119;10;MC1004
1021;22/7/23;C1019;P104;5;MC1002
1022;7/10/23;C1011;P119;10;MC1004
1023;14/10/23;C1012;P115;7;MC1002
1024;19/5/23;C1018;P106;7;MC1005
1025;31/12/23;C1014;P109;3;MC1001
1026;29/7/23;C1013;P107;4;MC1005
1027;16/2/23;C1009;P118;7;MC1003
1028;5/1/23;C1009;P110;4;MC1005
1029;20/11/23;C1005;P118;3;MC1001
1030;28/8/23;C1028;P104;2;MC1002
1031;5/5/23;C1007;P104;3;MC1003
1032;3/2/23;C1022;P117;7;MC1003
1033;8/7/23;C1009;P120;2;MC1001
1034;8/12/23;C1031;P118;1;MC1004
1035;7/9/23;C1023;P113;3;MC1001
1036;22/7/23;C1032;P105;3;MC1003
1037;21/6/23;C1031;P107;8;MC1003
1038;16/12/23;C1035;P117;4;MC1003
1039;18/4/23;C1002;P101;4;MC1002
1040;15/8/23;C1040;P113;3;MC1003
1041;12/5/23;C1013;P118;8;MC1005
1042;5/8/23;C1013;P115;1;MC1003
1043;26/12/23;C1005;P110;10;MC1003
1044;1/1/24;C1002;P112;2;MC1003
1045;23/11/23;C1033;P114;1;MC1002
1046;21/6/23;C1013;P118;5;MC1004
1047;25/10/23;C1020;P108;6;MC1005
1048;14/10/23;C1010;P118;7;MC1002
1049;26/8/23;C1032;P112;6;MC1002
1050;26/2/23;C1048;P117;2;MC1002
1051;22/6/23;C1046;P118;7;MC1004
1052;28/11/23;C1014;P101;2;MC1004
1053;15/4/23;C1034;P114;2;MC1005
1054;1/9/23;C1001;P103;2;MC1002
1055;25/7/23;C1026;P110;7;MC1004
1056;17/1/23;C1013;P102;2;MC1004
1057;17/8/23;C1006;P116;1;MC1004
1058;17/11/23;C1028;P115;5;MC1003
1059;7/6/23;C1037;P107;4;MC1005
1060;3/9/23;C1028;P115;3;MC1003
1061;28/10/23;C1019;P116;3;MC1005
1062;9/4/23;C1041;P114;9;MC1003
1063;16/8/23;C1026;P113;2;MC1004
1064;17/2/23;C1012;P106;5;MC1002
1065;11/9/23;C1019;P102;1;MC1004
1066;29/9/23;C1002;P111;4;MC1002
1067;9/7/23;C1005;P113;7;MC1002
1068;10/11/23;C1023;P114;9;MC1004
1069;27/12/23;C1032;P108;6;MC1004
1070;30/8/23;C1006;P107;5;MC1005
1071;13/10/23;C1021;P102;10;MC1002
1072;29/5/23;C1042;P117;1;MC1004
1073;20/4/23;C1021;P106;6;MC1004
1074;18/8/23;C1034;P107;5;MC1001
1075;27/8/23;C1027;P113;7;MC1003
1076;30/3/23;C1044;P101;6;MC1004
1077;2/2/23;C1027;P111;10;MC1004
1078;30/6/23;C1037;P110;5;MC1001
1079;18/4/23;C1044;P116;6;MC1003
1080;28/4/23;C1020;P117;5;MC1003
1081;12/7/23;C1045;P113;9;MC1004
1082;31/7/23;C1032;P119;9;MC1001
1083;13/6/23;C1048;P111;9;MC1002
1084;31/8/23;C1045;P115;10;MC1001
1085;5/1/23;C1006;P119;7;MC1003
1086;15/10/23;C1032;P104;3;MC1005
1087;10/7/23;C1009;P104;9;MC1005
1088;5/9/23;C1010;P116;1;MC1003
1089;26/5/23;C1020;P112;8;MC1004
1090;6/5/23;C1043;P119;1;MC1005
1091;27/12/23;C1036;P108;9;MC1001
1092;13/2/23;C1035;P108;7;MC1002
1093;25/9/23;C1006;P114;5;MC1001
1094;3/4/23;C1001;P110;5;MC1003
1095;14/10/23;C1041;P117;5;MC1005
1096;12/5/23;C1008;P113;5;MC1002
1097;8/2/23;C1045;P107;2;MC1005
1098;30/6/23;C1040;P117;8;MC1004
1099;3/2/23;C1001;P115;4;MC1002
1100;1/5/23;C1043;P106;1;MC1004
1101;28/10/23;C1048;P102;4;MC1001
1102;1/3/23;C1033;P116;3;MC1005
1103;17/6/23;C1003;P101;1;MC1005
1104;30/4/23;C1002;P103;8;MC1001
1105;15/4/23;C1048;P111;7;MC1004
1106;13/1/23;C1040;P113;2;MC1005
1107;7/2/23;C1013;P118;8;MC1001
1108;2/2/23;C1027;P120;10;MC1004
1109;27/2/23;C1031;P110;1;MC1005
1110;8/9/23;C1042;P108;6;MC1001
1111;20/6/23;C1014;P108;2;MC1001
1112;12/2/23;C1030;P103;2;MC1005
1113;4/5/23;C1003;P118;2;MC1002
1114;2/4/23;C1036;P108;9;MC1002
1115;2/7/23;C1027;P118;4;MC1001
1116;3/9/23;C1034;P112;8;MC1005
1117;27/1/23;C1006;P109;3;MC1004
1118;1/11/23;C1006;P104;8;MC1002
1119;18/1/23;C1023;P116;1;MC1001
1120;14/4/23;C1029;P119;7;MC1004
1121;18/7/23;C1049;P107;10;MC1005
1122;14/1/23;C1031;P104;1;MC1005
1123;22/12/23;C1033;P107;4;MC1001
1124;20/9/23;C1001;P119;4;MC1005
1125;19/2/23;C1017;P102;9;MC1002
1126;20/12/23;C1035;P103;4;MC1002
1127;8/6/23;C1014;P104;5;MC1005
1128;4/3/23;C1049;P104;9;MC1005
1129;22/5/23;C1011;P107;5;MC1003
1130;27/10/23;C1034;P109;6;MC1001
1131;20/3/23;C1004;P107;8;MC1004
1132;23/9/23;C1003;P105;6;MC1003
1133;16/7/23;C1032;P120;3;MC1004
1134;13/8/23;C1024;P101;7;MC1001
1135;12/5/23;C1002;P116;3;MC1004
1136;28/12/23;C1037;P111;7;MC1004
1137;23/9/23;C1032;P105;4;MC1001
1138;6/12/23;C1032;P109;1;MC1003
1139;17/4/23;C1012;P116;6;MC1005
1140;18/2/23;C1050;P108;3;MC1004
1141;30/1/23;C1015;P107;1;MC1001
1142;9/2/23;C1021;P102;5;MC1001
1143;11/11/23;C1046;P118;6;MC1001
1144;2/1/23;C1024;P109;4;MC1005
1145;14/7/23;C1010;P108;7;MC1004
1146;14/7/23;C1049;P108;2;MC1002
1147;18/11/23;C1007;P111;10;MC1004
1148;16/3/23;C1039;P101;7;MC1003
1149;15/7/23;C1007;P119;8;MC1003
1150;9/9/23;C1007;P107;9;MC1003
1151;29/10/23;C1049;P107;2;MC1001
1152;11/10/23;C1008;P106;5;MC1005
1153;6/12/23;C1020;P109;4;MC1005
1154;30/3/23;C1011;P119;8;MC1002
1155;12/4/23;C1021;P120;3;MC1005
1156;30/8/23;C1033;P104;5;MC1004
1157;21/2/23;C1012;P110;1;MC1001
1158;13/11/23;C1050;P105;8;MC1005
1159;1/8/23;C1011;P115;8;MC1002
1160;24/9/23;C1038;P118;3;MC1001
1161;22/11/23;C1028;P103;3;MC1005
1162;10/9/23;C1045;P116;2;MC1002
1163;21/2/23;C1021;P110;5;MC1001
1164;24/10/23;C1046;P113;1;MC1003
1165;11/11/23;C1041;P117;4;MC1001
1166;4/4/23;C1004;P113;7;MC1004
1167;17/2/23;C1019;P106;8;MC1005
1168;24/11/23;C1022;P116;5;MC1001
1169;30/5/23;C1012;P111;8;MC1005
1170;17/2/23;C1026;P104;9;MC1005
1171;16/2/23;C1031;P116;2;MC1002
1172;21/8/23;C1020;P106;8;MC1001
1173;13/5/23;C1010;P116;4;MC1002
1174;1/8/23;C1026;P116;7;MC1001
1175;9/12/23;C1050;P101;5;MC1005
1176;9/7/23;C1042;P116;10;MC1001
1177;30/9/23;C1016;P114;4;MC1004
1178;1/1/24;C1017;P111;8;MC1002
1179;1/2/23;C1032;P109;7;MC1003
1180;25/11/23;C1008;P117;1;MC1003
1181;25/11/23;C1034;P109;2;MC1003
1182;2/1/23;C1005;P106;10;MC1004
1183;21/10/23;C1024;P103;8;MC1004
1184;5/10/23;C1043;P102;9;MC1002
1185;17/9/23;C1043;P115;10;MC1002
1186;29/3/23;C1045;P107;9;MC1003
1187;19/2/23;C1045;P119;4;MC1002
1188;28/11/23;C1034;P113;1;MC1001
1189;27/8/23;C1040;P103;4;MC1002
1190;3/7/23;C1036;P119;8;MC1004
1191;21/10/23;C1027;P118;4;MC1001
1192;13/6/23;C1041;P106;1;MC1003
1193;27/6/23;C1042;P120;10;MC1001
1194;16/3/23;C1048;P119;10;MC1002
1195;26/6/23;C1016;P120;9;MC1005
1196;11/3/23;C1004;P116;6;MC1005
1197;9/3/23;C1005;P109;1;MC1002
1198;22/10/23;C1007;P116;10;MC1003
1199;12/12/23;C1043;P113;5;MC1001
1200;4/9/23;C1019;P114;5;MC1001
1201;21/3/23;C1004;P118;2;MC1005
1202;2/11/23;C1006;P115;1;MC1003
1203;13/6/23;C1011;P105;3;MC1002
1204;15/2/23;C1011;P119;5;MC1005
1205;2/11/23;C1006;P115;10;MC1001
1206;13/8/23;C1019;P117;4;MC1002
1207;28/8/23;C1009;P107;5;MC1004
1208;5/8/23;C1015;P110;5;MC1005
1209;4/2/23;C1007;P119;1;MC1002
1210;28/1/23;C1001;P116;2;MC1004
1211;30/1/23;C1021;P105;3;MC1001
1212;3/9/23;C1027;P118;4;MC1001
1213;15/3/23;C1037;P113;6;MC1003
1214;26/4/23;C1021;P114;3;MC1003
1215;28/8/23;C1022;P103;8;MC1002
1216;26/4/23;C1049;P104;2;MC1001
1217;27/8/23;C1004;P110;6;MC1005
1218;8/4/23;C1028;P105;6;MC1004
1219;4/3/23;C1014;P118;5;MC1002
1220;15/7/23;C1036;P102;4;MC1003
1221;28/12/23;C1005;P109;4;MC1005
1222;17/11/23;C1045;P115;6;MC1001
1223;25/3/23;C1025;P108;7;MC1002
1224;22/6/23;C1049;P120;9;MC1005
1225;4/11/23;C1016;P118;1;MC1001
1226;19/3/23;C1047;P115;6;MC1005
1227;9/8/23;C1012;P112;8;MC1001
1228;25/3/23;C1022;P108;9;MC1002
1229;19/9/23;C1029;P107;9;MC1001
1230;22/8/23;C1046;P106;10;MC1005
1231;8/3/23;C1013;P111;3;MC1001
1232;17/3/23;C1007;P117;1;MC1004
1233;12/3/23;C1038;P105;2;MC1002
1234;13/8/23;C1018;P110;1;MC1001
1235;27/7/23;C1029;P108;7;MC1003
1236;19/4/23;C1018;P102;7;MC1005
1237;27/7/23;C1024;P118;7;MC1002
1238;10/6/23;C1022;P107;10;MC1005
1239;14/8/23;C1021;P120;3;MC1002
1240;13/7/23;C1041;P119;3;MC1001
1241;22/7/23;C1037;P118;4;MC1001
1242;2/11/23;C1028;P105;10;MC1005
1243;12/11/23;C1050;P106;2;MC1001
1244;18/2/23;C1042;P115;10;MC1002
1245;5/11/23;C1020;P105;9;MC1005
1246;10/1/23;C1039;P111;8;MC1004
1247;22/4/23;C1027;P120;8;MC1003
1248;3/1/23;C1038;P107;5;MC1005
1249;27/7/23;C1033;P104;3;MC1002
1250;26/11/23;C1038;P120;10;MC1002
1251;17/7/23;C1024;P114;6;MC1001
1252;9/3/23;C1001;P118;1;MC1001
1253;13/7/23;C1030;P101;1;MC1004
1254;6/4/23;C1048;P107;2;MC1003
1255;29/4/23;C1043;P111;3;MC1002
1256;22/4/23;C1004;P118;8;MC1002
1257;28/11/23;C1029;P109;9;MC1004
1258;12/8/23;C1037;P104;9;MC1003
1259;16/9/23;C1001;P102;4;MC1001
1260;17/8/23;C1040;P111;8;MC1003
1261;25/9/23;C1038;P103;5;MC1001
1262;24/6/23;C1024;P106;7;MC1004
1263;17/4/23;C1011;P114;2;MC1003
1264;4/2/23;C1041;P116;4;MC1004
1265;7/9/23;C1018;P103;3;MC1002
1266;8/10/23;C1044;P108;2;MC1003
1267;12/9/23;C1028;P112;6;MC1002
1268;20/7/23;C1040;P108;6;MC1005
1269;18/5/23;C1005;P110;8;MC1001
1270;11/5/23;C1007;P107;6;MC1002
1271;24/2/23;C1011;P112;5;MC1001
1272;17/1/23;C1023;P108;9;MC1002
1273;8/10/23;C1011;P120;10;MC1001
1274;25/3/23;C1038;P115;4;MC1001
1275;9/2/23;C1024;P116;5;MC1004
1276;5/9/23;C1045;P107;5;MC1005
1277;15/6/23;C1037;P106;8;MC1005
1278;9/11/23;C1018;P106;3;MC1005
1279;30/6/23;C1044;P109;1;MC1005
1280;6/6/23;C1027;P106;7;MC1003
1281;18/7/23;C1026;P111;5;MC1001
1282;13/3/23;C1001;P105;5;MC1003
1283;15/7/23;C1004;P112;4;MC1004
1284;4/1/23;C1004;P120;3;MC1001
1285;16/11/23;C1036;P102;7;MC1004
1286;10/12/23;C1004;P101;4;MC1004
1287;19/10/23;C1007;P115;10;MC1004
1288;9/10/23;C1048;P117;5;MC1003
1289;24/6/23;C1031;P109;8;MC1004
1290;21/12/23;C1018;P120;9;MC1005
1291;21/6/23;C1023;P120;2;MC1003
1292;20/11/23;C1007;P111;6;MC1005
1293;29/7/23;C1048;P106;8;MC1005
1294;6/6/23;C1007;P112;7;MC1002
1295;1/12/23;C1025;P114;4;MC1002
1296;16/11/23;C1009;P120;5;MC1002
1297;15/3/23;C1042;P111;2;MC1004
1298;17/11/23;C1021;P104;2;MC1002
1299;24/6/23;C1039;P108;9;MC1004
1300;30/12/23;C1049;P115;6;MC1003
1301;15/5/23;C1001;P115;4;MC1003
1302;18/11/23;C1024;P103;4;MC1004
1303;19/5/23;C1004;P106;3;MC1001
1304;29/7/23;C1022;P112;2;MC1002
1305;18/6/23;C1026;P102;5;MC1002
1306;17/10/23;C1006;P102;4;MC1005
1307;19/12/23;C1037;P120;6;MC1001
1308;12/8/23;C1043;P110;2;MC1003
1309;1/3/23;C1003;P108;9;MC1003
1310;28/11/23;C1029;P102;3;MC1001
1311;9/1/23;C1033;P111;2;MC1002
1312;7/7/23;C1001;P113;3;MC1001
1313;4/4/23;C1039;P101;5;MC1001
1314;19/5/23;C1016;P115;4;MC1004
1315;4/6/23;C1025;P106;4;MC1002
1316;7/2/23;C1049;P116;5;MC1004
1317;26/10/23;C1005;P119;7;MC1005
1318;31/8/23;C1002;P120;9;MC1002
1319;29/7/23;C1031;P118;9;MC1005
1320;15/10/23;C1036;P120;10;MC1002
1321;28/6/23;C1010;P119;1;MC1003
1322;16/4/23;C1004;P102;7;MC1004
1323;25/4/23;C1050;P110;7;MC1003
1324;12/3/23;C1038;P116;6;MC1002
1325;9/11/23;C1044;P112;3;MC1003
1326;16/1/23;C1049;P102;9;MC1001
1327;6/1/23;C1017;P108;3;MC1002
1328;9/8/23;C1027;P104;7;MC1001
1329;26/5/23;C1026;P102;5;MC1001
1330;11/12/23;C1033;P110;5;MC1001
1331;25/3/23;C1049;P106;8;MC1004
1332;17/6/23;C1009;P111;7;MC1001
1333;16/4/23;C1042;P117;6;MC1001
1334;8/1/23;C1030;P115;4;MC1005
1335;29/12/23;C1004;P116;4;MC1002
1336;19/7/23;C1007;P106;5;MC1005
1337;9/5/23;C1036;P112;7;MC1002
1338;17/11/23;C1024;P110;7;MC1001
1339;18/4/23;C1012;P107;6;MC1005
1340;28/9/23;C1032;P115;2;MC1002
1341;6/5/23;C1043;P117;7;MC1005
1342;29/8/23;C1020;P115;8;MC1004
1343;6/1/23;C1018;P101;3;MC1001
1344;5/11/23;C1016;P110;5;MC1003
1345;17/7/23;C1014;P113;5;MC1004
1346;27/12/23;C1007;P112;10;MC1003
1347;30/9/23;C1009;P118;8;MC1002
1348;18/7/23;C1014;P118;2;MC1005
1349;21/2/23;C1014;P110;4;MC1005
1350;14/9/23;C1016;P119;5;MC1004
1351;8/1/23;C1018;P103;1;MC1001
1352;16/3/23;C1048;P101;2;MC1004
1353;8/4/23;C1045;P115;1;MC1001
1354;28/12/23;C1027;P114;6;MC1001
1355;6/11/23;C1033;P115;2;MC1003
1356;29/12/23;C1039;P108;6;MC1004
1357;19/3/23;C1019;P108;5;MC1002
1358;12/7/23;C1018;P109;7;MC1002
1359;9/7/23;C1029;P109;3;MC1005
1360;9/8/23;C1030;P102;5;MC1003
1361;22/3/23;C1034;P109;10;MC1003
1362;26/5/23;C1033;P104;10;MC1002
1363;12/8/23;C1006;P110;7;MC1004
1364;25/6/23;C1036;P110;9;MC1002
1365;10/7/23;C1023;P116;7;MC1004
1366;30/9/23;C1006;P115;3;MC1002
1367;5/5/23;C1019;P104;7;MC1002
1368;14/5/23;C1043;P112;5;MC1002
1369;7/5/23;C1022;P106;7;MC1003
1370;7/11/23;C1046;P110;8;MC1002
1371;16/10/23;C1030;P114;6;MC1003
1372;15/11/23;C1044;P111;2;MC1001
1373;3/6/23;C1005;P114;8;MC1002
1374;29/1/23;C1015;P120;9;MC1004
1375;3/4/23;C1039;P118;5;MC1003
1376;20/10/23;C1008;P105;10;MC1004
1377;25/8/23;C1045;P115;9;MC1001
1378;8/10/23;C1012;P116;6;MC1004
1379;13/11/23;C1036;P104;4;MC1004
1380;16/7/23;C1040;P112;4;MC1002
1381;25/12/23;C1021;P115;4;MC1003
1382;30/10/23;C1004;P106;6;MC1004
1383;16/10/23;C1009;P105;5;MC1002
1384;15/7/23;C1001;P101;1;MC1003
1385;16/12/23;C1013;P110;3;MC1003
1386;19/2/23;C1030;P114;4;MC1004
1387;10/3/23;C1033;P113;6;MC1003
1388;3/2/23;C1012;P118;4;MC1005
1389;26/5/23;C1024;P103;8;MC1001
1390;12/10/23;C1028;P111;9;MC1003
1391;14/7/23;C1030;P110;4;MC1002
1392;27/4/23;C1023;P105;10;MC1002
1393;11/9/23;C1024;P112;1;MC1003
1394;14/7/23;C1047;P119;7;MC1003
1395;29/11/23;C1028;P102;2;MC1003
1396;29/9/23;C1020;P106;6;MC1002
1397;9/10/23;C1005;P102;10;MC1001
1398;17/8/23;C1044;P120;1;MC1003
1399;14/6/23;C1038;P111;7;MC1003
1400;30/7/23;C1024;P118;4;MC1003
1401;8/1/23;C1037;P114;4;MC1003
1402;18/4/23;C1025;P119;3;MC1002
1403;12/8/23;C1028;P107;3;MC1005
1404;5/5/23;C1029;P113;8;MC1001
1405;6/1/23;C1024;P116;10;MC1004
1406;6/3/23;C1039;P103;7;MC1004
1407;12/6/23;C1020;P106;3;MC1001
1408;3/8/23;C1038;P112;10;MC1001
1409;25/6/23;C1026;P101;4;MC1003
1410;7/10/23;C1028;P110;4;MC1002
1411;4/1/23;C1023;P110;3;MC1005
1412;5/9/23;C1045;P107;9;MC1001
1413;12/10/23;C1040;P102;6;MC1001
1414;10/1/23;C1019;P117;8;MC1003
1415;4/6/23;C1015;P115;10;MC1002
1416;25/4/23;C1049;P108;8;MC1005
1417;1/1/24;C1001;P105;4;MC1005
1418;20/3/23;C1040;P103;9;MC1005
1419;11/4/23;C1020;P108;6;MC1003
1420;3/5/23;C1004;P112;1;MC1004
1421;2/1/23;C1016;P118;7;MC1005
1422;25/10/23;C1050;P119;6;MC1002
1423;27/10/23;C1003;P119;3;MC1002
1424;21/4/23;C1047;P111;3;MC1004
1425;4/3/23;C1038;P103;6;MC1005
1426;16/12/23;C1021;P111;4;MC1005
1427;15/8/23;C1025;P105;4;MC1004
1428;28/3/23;C1003;P112;9;MC1004
1429;22/12/23;C1012;P119;5;MC1004
1430;5/3/23;C1002;P107;9;MC1003
1431;25/6/23;C1030;P101;9;MC1003
1432;29/8/23;C1030;P119;4;MC1004
1433;9/10/23;C1048;P108;9;MC1004
1434;23/4/23;C1011;P104;2;MC1001
1435;12/6/23;C1043;P103;7;MC1001
1436;10/10/23;C1034;P119;7;MC1001
1437;1/2/23;C1019;P110;6;MC1003
1438;28/3/23;C1043;P109;5;MC1003
1439;22/12/23;C1046;P102;4;MC1004
1440;19/1/23;C1002;P118;7;MC1001
1441;3/10/23;C1035;P107;2;MC1005
1442;3/5/23;C1020;P106;3;MC1005
1443;16/9/23;C1050;P106;3;MC1005
1444;14/7/23;C1015;P103;10;MC1001
1445;20/10/23;C1042;P101;8;MC1002
1446;12/12/23;C1025;P106;8;MC1002
1447;9/2/23;C1039;P102;6;MC1004
1448;4/2/23;C1038;P109;3;MC1001
1449;22/11/23;C1028;P115;8;MC1002
1450;27/10/23;C1044;P108;1;MC1002
1451;13/6/23;C1011;P120;1;MC1001
1452;1/1/24;C1035;P117;2;MC1001
1453;13/9/23;C1020;P101;5;MC1003
1454;1/3/23;C1039;P113;8;MC1001
1455;17/12/23;C1024;P119;1;MC1005
1456;4/10/23;C1049;P107;2;MC1002
1457;7/9/23;C1008;P101;4;MC1004
1458;20/4/23;C1041;P112;5;MC1002
1459;15/11/23;C1048;P107;7;MC1003
1460;23/12/23;C1017;P106;8;MC1002
1461;28/6/23;C1037;P118;10;MC1003
1462;24/11/23;C1044;P110;1;MC1005
1463;24/3/23;C1014;P120;8;MC1003
1464;11/5/23;C1017;P107;3;MC1001
1465;13/5/23;C1037;P120;1;MC1001
1466;27/7/23;C1025;P107;3;MC1003
1467;8/3/23;C1045;P109;5;MC1003
1468;14/9/23;C1002;P119;8;MC1005
1469;29/1/23;C1027;P102;9;MC1002
1470;23/5/23;C1010;P112;2;MC1004
1471;18/6/23;C1002;P107;4;MC1005
1472;6/2/23;C1006;P107;6;MC1004
1473;27/8/23;C1009;P119;10;MC1004
1474;18/11/23;C1003;P116;5;MC1001
1475;2/7/23;C1045;P115;5;MC1001
1476;13/8/23;C1030;P105;3;MC1005
1477;24/7/23;C1028;P104;4;MC1001
1478;11/7/23;C1050;P102;6;MC1003
1479;2/4/23;C1004;P118;8;MC1004
1480;29/7/23;C1003;P102;8;MC1002
1481;19/2/23;C1013;P119;2;MC1003
1482;6/11/23;C1011;P105;8;MC1005
1483;21/7/23;C1013;P119;7;MC1001
1484;7/8/23;C1035;P111;3;MC1004
1485;25/3/23;C1010;P110;6;MC1003
1486;28/5/23;C1025;P116;4;MC1002
1487;1/1/23;C1015;P110;7;MC1002
1488;19/5/23;C1018;P119;7;MC1004
1489;9/12/23;C1016;P119;9;MC1002
1490;1/1/23;C1037;P111;4;MC1002
1491;30/4/23;C1047;P108;6;MC1005
1492;15/9/23;C1020;P110;9;MC1001
1493;20/7/23;C1016;P110;1;MC1004
1494;27/5/23;C1022;P116;7;MC1003
1495;9/1/23;C1049;P119;5;MC1004
1496;18/2/23;C1010;P111;6;MC1001
1497;23/4/23;C1031;P119;10;MC1001
1498;28/8/23;C1012;P114;2;MC1002
1499;11/6/23;C1017;P116;1;MC1001
1500;25/6/23;C1040;P109;8;MC1005
1501;12/8/23;C1021;P116;2;MC1003
1502;18/8/23;C1020;P106;1;MC1004
1503;15/11/23;C1014;P116;8;MC1001
1504;17/11/23;C1037;P108;8;MC1002
1505;14/2/23;C1022;P107;10;MC1004
1506;20/7/23;C1012;P110;3;MC1001
1507;10/2/23;C1026;P104;6;MC1002
1508;22/10/23;C1001;P107;8;MC1001
1509;4/5/23;C1039;P102;6;MC1005
1510;16/5/23;C1007;P111;9;MC1004
1511;14/2/23;C1048;P116;3;MC1004
1512;14/5/23;C1010;P103;4;MC1001
1513;17/6/23;C1035;P106;3;MC1002
1514;10/11/23;C1030;P105;6;MC1001
1515;25/1/23;C1048;P102;6;MC1001
1516;22/12/23;C1030;P106;10;MC1004
1517;25/7/23;C1040;P107;9;MC1002
1518;11/2/23;C1013;P103;2;MC1005
1519;20/9/23;C1029;P111;5;MC1005
1520;21/2/23;C1018;P104;6;MC1001
1521;1/9/23;C1029;P119;7;MC1002
1522;24/6/23;C1033;P108;6;MC1005
1523;21/11/23;C1040;P119;7;MC1002
1524;7/1/23;C1001;P108;9;MC1004
1525;23/7/23;C1040;P106;9;MC1004
1526;3/11/23;C1040;P110;6;MC1001
1527;3/6/23;C1011;P103;9;MC1002
1528;20/1/23;C1021;P106;2;MC1002
1529;13/8/23;C1001;P105;7;MC1003
1530;2/4/23;C1028;P104;2;MC1005
1531;22/9/23;C1034;P107;6;MC1002
1532;7/4/23;C1045;P115;10;MC1004
1533;17/6/23;C1024;P111;5;MC1001
1534;27/3/23;C1015;P106;2;MC1002
1535;5/4/23;C1003;P116;2;MC1005
1536;31/3/23;C1033;P107;7;MC1002
1537;27/10/23;C1030;P107;10;MC1004
1538;27/3/23;C1014;P118;5;MC1001
1539;22/8/23;C1033;P101;9;MC1002
1540;7/7/23;C1038;P120;10;MC1001
1541;10/11/23;C1042;P114;3;MC1003
1542;23/10/23;C1013;P107;6;MC1002
1543;11/12/23;C1001;P108;6;MC1005
1544;15/8/23;C1004;P109;1;MC1005
1545;26/1/23;C1043;P105;2;MC1001
1546;29/1/23;C1013;P103;1;MC1001
1547;15/2/23;C1010;P103;9;MC1003
1548;21/11/23;C1020;P103;3;MC1005
1549;11/6/23;C1044;P107;5;MC1003
1550;11/8/23;C1028;P117;7;MC1001
1551;31/5/23;C1025;P107;7;MC1002
1552;13/8/23;C1038;P107;9;MC1003
1553;6/10/23;C1012;P107;6;MC1003
1554;20/2/23;C1006;P114;8;MC1001
1555;11/7/23;C1030;P116;7;MC1001
1556;11/11/23;C1006;P114;9;MC1002
1557;31/10/23;C1020;P113;2;MC1003
1558;3/2/23;C1040;P106;4;MC1003
1559;5/4/23;C1030;P108;5;MC1001
1560;27/10/23;C1013;P102;6;MC1001
1561;5/11/23;C1036;P111;10;MC1004
1562;10/12/23;C1015;P111;2;MC1002
1563;7/5/23;C1017;P111;4;MC1002
1564;19/5/23;C1042;P101;4;MC1002
1565;19/9/23;C1031;P120;4;MC1005
1566;9/4/23;C1016;P103;7;MC1005
1567;17/7/23;C1034;P115;7;MC1002
1568;9/7/23;C1021;P111;2;MC1005
1569;25/8/23;C1026;P108;7;MC1001
1570;10/7/23;C1025;P119;1;MC1002
1571;19/4/23;C1049;P104;9;MC1001
1572;26/1/23;C1036;P115;3;MC1005
1573;19/10/23;C1044;P117;5;MC1003
1574;7/1/23;C1048;P103;1;MC1002
1575;19/6/23;C1040;P101;9;MC1002
1576;9/8/23;C1014;P118;7;MC1002
1577;17/11/23;C1031;P113;9;MC1005
1578;3/5/23;C1030;P117;5;MC1005
1579;4/6/23;C1048;P111;10;MC1005
1580;15/6/23;C1042;P102;3;MC1005
1581;29/12/23;C1036;P105;3;MC1005
1582;29/7/23;C1007;P120;10;MC1005
1583;22/5/23;C1008;P109;6;MC1004
1584;1/1/24;C1050;P107;4;MC1003
1585;18/10/23;C1003;P107;9;MC1005
1586;10/5/23;C1029;P119;6;MC1002
1587;14/1/23;C1045;P115;1;MC1002
1588;13/9/23;C1015;P111;9;MC1001
1589;29/1/23;C1019;P115;1;MC1004
1590;1/11/23;C1016;P117;9;MC1004
1591;14/11/23;C1009;P110;4;MC1003
1592;26/10/23;C1044;P103;10;MC1001
1593;13/10/23;C1033;P110;9;MC1003
1594;6/8/23;C1035;P102;9;MC1004
1595;7/12/23;C1033;P110;4;MC1004
1596;23/3/23;C1036;P116;7;MC1003
1597;20/9/23;C1041;P114;9;MC1004
1598;9/5/23;C1042;P117;5;MC1003
1599;28/6/23;C1010;P119;1;MC1004
1600;10/11/23;C1017;P106;6;MC1003
1601;16/5/23;C1042;P113;10;MC1003
1602;31/1/23;C1012;P104;8;MC1005
1603;12/3/23;C1046;P102;5;MC1004
1604;16/3/23;C1016;P110;10;MC1003
1605;31/10/23;C1009;P109;9;MC1001
1606;18/1/23;C1039;P110;8;MC1001
1607;28/1/23;C1001;P105;7;MC1005
1608;6/1/23;C1047;P103;2;MC1002
1609;5/9/23;C1015;P108;10;MC1004
1610;24/12/23;C1010;P103;6;MC1005
1611;10/2/23;C1032;P115;2;MC1001
1612;11/8/23;C1046;P107;7;MC1002
1613;29/5/23;C1033;P103;8;MC1005
1614;1/5/23;C1034;P118;1;MC1005
1615;5/12/23;C1011;P102;1;MC1005
1616;8/12/23;C1050;P107;9;MC1002
1617;27/4/23;C1005;P106;5;MC1005
1618;9/9/23;C1028;P112;7;MC1005
1619;18/10/23;C1033;P108;8;MC1001
1620;25/12/23;C1042;P113;3;MC1003
1621;26/9/23;C1038;P112;5;MC1003
1622;29/3/23;C1030;P111;4;MC1003
1623;6/7/23;C1021;P110;8;MC1004
1624;6/9/23;C1037;P112;5;MC1005
1625;1/12/23;C1011;P102;5;MC1005
1626;18/12/23;C1020;P116;10;MC1004
1627;21/1/23;C1011;P108;4;MC1005
1628;13/4/23;C1027;P112;5;MC1002
1629;1/4/23;C1024;P112;4;MC1002
1630;5/10/23;C1034;P118;1;MC1004
1631;22/1/23;C1043;P101;3;MC1005
1632;23/8/23;C1044;P105;3;MC1001
1633;17/4/23;C1027;P118;5;MC1002
1634;24/1/23;C1049;P104;1;MC1001
1635;7/3/23;C1036;P112;6;MC1003
1636;11/11/23;C1041;P101;8;MC1005
1637;30/6/23;C1018;P102;6;MC1002
1638;28/12/23;C1021;P107;9;MC1002
1639;6/4/23;C1025;P114;1;MC1003
1640;19/5/23;C1015;P110;6;MC1004
1641;16/9/23;C1021;P103;3;MC1004
1642;9/9/23;C1002;P108;4;MC1001
1643;25/6/23;C1007;P107;4;MC1001
1644;25/8/23;C1028;P107;9;MC1002
1645;28/8/23;C1034;P108;9;MC1004
1646;30/9/23;C1033;P118;3;MC1002
1647;5/6/23;C1019;P119;8;MC1004
1648;30/9/23;C1032;P114;6;MC1005
1649;5/1/23;C1006;P115;4;MC1003
1650;14/11/23;C1032;P107;9;MC1004
1651;18/12/23;C1046;P119;4;MC1005
1652;25/1/23;C1007;P117;8;MC1004
1653;1/5/23;C1003;P104;9;MC1003
1654;24/2/23;C1024;P114;9;MC1005
1655;4/2/23;C1017;P113;3;MC1005
1656;5/2/23;C1015;P106;2;MC1003
1657;21/7/23;C1034;P107;1;MC1003
1658;11/8/23;C1011;P103;3;MC1005
1659;25/7/23;C1010;P108;1;MC1003
1660;28/1/23;C1015;P106;3;MC1001
1661;13/3/23;C1029;P119;2;MC1001
1662;13/11/23;C1013;P109;10;MC1005
1663;1/5/23;C1048;P117;6;MC1004
1664;29/3/23;C1033;P113;5;MC1001
1665;7/6/23;C1006;P104;7;MC1003
1666;18/1/23;C1014;P104;4;MC1001
1667;11/3/23;C1007;P105;8;MC1002
1668;19/9/23;C1023;P107;9;MC1001
1669;14/9/23;C1038;P117;1;MC1004
1670;20/6/23;C1032;P102;4;MC1001
1671;4/7/23;C1011;P111;6;MC1004
1672;5/4/23;C1026;P113;8;MC1001
1673;13/2/23;C1004;P101;3;MC1001
1674;11/11/23;C1045;P104;8;MC1002
1675;4/9/23;C1002;P118;9;MC1001
1676;26/11/23;C1017;P102;1;MC1005
1677;17/1/23;C1008;P115;1;MC1004
1678;17/5/23;C1033;P107;3;MC1003
1679;13/5/23;C1020;P102;6;MC1004
1680;10/3/23;C1048;P114;4;MC1002
1681;20/2/23;C1036;P109;4;MC1004
1682;20/2/23;C1020;P104;10;MC1004
1683;29/7/23;C1032;P105;6;MC1004
1684;29/5/23;C1021;P104;3;MC1003
1685;23/2/23;C1025;P107;7;MC1003
1686;29/12/23;C1034;P101;9;MC1004
1687;22/9/23;C1025;P103;7;MC1002
1688;30/6/23;C1022;P111;5;MC1004
1689;17/2/23;C1026;P102;9;MC1001
1690;5/11/23;C1004;P118;7;MC1005
1691;19/1/23;C1047;P106;8;MC1001
1692;17/11/23;C1044;P111;3;MC1003
1693;12/4/23;C1029;P117;5;MC1002
1694;2/2/23;C1037;P107;9;MC1005
1695;7/12/23;C1030;P112;4;MC1002
1696;3/5/23;C1022;P106;3;MC1005
1697;19/11/23;C1005;P103;3;MC1002
1698;7/6/23;C1025;P110;9;MC1005
1699;22/6/23;C1017;P114;6;MC1005
1700;1/5/23;C1039;P110;8;MC1002
1701;10/4/23;C1010;P110;6;MC1005
1702;17/6/23;C1009;P116;10;MC1003
1703;12/12/23;C1017;P120;9;MC1005
1704;8/8/23;C1012;P108;9;MC1005
1705;31/1/23;C1020;P117;3;MC1001
1706;15/3/23;C1017;P106;3;MC1004
1707;27/2/23;C1048;P118;8;MC1003
1708;30/3/23;C1026;P102;10;MC1005
1709;10/4/23;C1040;P118;3;MC1002
1710;10/3/23;C1022;P101;3;MC1004
1711;1/3/23;C1038;P120;3;MC1005
1712;1/6/23;C1040;P109;7;MC1001
1713;29/12/23;C1023;P117;3;MC1003
1714;25/8/23;C1035;P108;3;MC1005
1715;16/11/23;C1013;P105;10;MC1003
1716;24/2/23;C1015;P105;10;MC1005
1717;24/9/23;C1028;P101;5;MC1005
1718;25/4/23;C1017;P113;10;MC1004
1719;4/8/23;C1037;P109;2;MC1003
1720;11/10/23;C1024;P104;6;MC1005
1721;7/10/23;C1033;P102;5;MC1005
1722;12/5/23;C1046;P111;8;MC1005
1723;3/3/23;C1003;P119;3;MC1003
1724;15/7/23;C1030;P116;6;MC1001
1725;14/5/23;C1039;P110;1;MC1003
1726;30/11/23;C1038;P118;3;MC1001
1727;11/4/23;C1009;P115;1;MC1005
1728;14/2/23;C1035;P114;3;MC1005
1729;22/10/23;C1029;P104;9;MC1003
1730;10/5/23;C1029;P120;10;MC1005
1731;14/11/23;C1038;P102;5;MC1005
1732;5/3/23;C1028;P117;8;MC1005
1733;6/10/23;C1003;P112;1;MC1004
1734;6/4/23;C1015;P115;3;MC1004
1735;16/12/23;C1028;P119;2;MC1001
1736;6/9/23;C1036;P105;8;MC1005
1737;20/9/23;C1034;P106;4;MC1001
1738;17/2/23;C1025;P114;5;MC1005
1739;15/7/23;C1016;P116;9;MC1003
1740;23/11/23;C1001;P119;10;MC1005
1741;28/9/23;C1001;P117;5;MC1003
1742;27/10/23;C1027;P119;7;MC1001
1743;7/1/23;C1015;P115;10;MC1005
1744;26/7/23;C1038;P101;7;MC1002
1745;3/3/23;C1050;P119;5;MC1005
1746;3/6/23;C1039;P120;7;MC1001
1747;6/3/23;C1048;P113;3;MC1002
1748;26/8/23;C1011;P108;6;MC1001
1749;28/3/23;C1035;P103;6;MC1004
1750;24/8/23;C1014;P114;6;MC1003
1751;27/8/23;C1015;P111;2;MC1002
1752;14/5/23;C1029;P108;8;MC1005
1753;10/10/23;C1017;P109;1;MC1002
1754;11/6/23;C1049;P109;8;MC1002
1755;12/11/23;C1037;P114;8;MC1003
1756;10/2/23;C1036;P117;1;MC1002
1757;19/10/23;C1033;P120;8;MC1005
1758;2/8/23;C1050;P108;4;MC1005
1759;9/1/23;C1033;P104;2;MC1001
1760;28/2/23;C1003;P111;5;MC1004
1761;12/1/23;C1029;P115;7;MC1004
1762;27/8/23;C1016;P105;10;MC1003
1763;4/6/23;C1038;P108;2;MC1004
1764;27/6/23;C1030;P101;10;MC1004
1765;21/9/23;C1017;P102;10;MC1004
1766;28/3/23;C1029;P118;8;MC1005
1767;20/4/23;C1017;P112;1;MC1003
1768;15/4/23;C1043;P108;5;MC1005
1769;18/9/23;C1035;P107;6;MC1001
1770;1/6/23;C1023;P115;8;MC1004
1771;13/5/23;C1029;P114;1;MC1003
1772;27/6/23;C1028;P110;8;MC1003
1773;4/4/23;C1032;P103;7;MC1001
1774;2/4/23;C1044;P119;10;MC1004
1775;6/8/23;C1018;P109;10;MC1001
1776;10/3/23;C1029;P116;8;MC1001
1777;22/8/23;C1012;P105;6;MC1001
1778;31/3/23;C1042;P112;1;MC1003
1779;29/12/23;C1045;P105;1;MC1005
1780;25/10/23;C1009;P119;9;MC1001
1781;10/10/23;C1004;P104;6;MC1005
1782;27/2/23;C1001;P117;6;MC1004
1783;19/7/23;C1021;P110;2;MC1003
1784;11/9/23;C1030;P104;6;MC1002
1785;3/3/23;C1026;P106;5;MC1002
1786;22/10/23;C1036;P102;2;MC1003
1787;22/5/23;C1040;P110;6;MC1001
1788;2/8/23;C1017;P115;9;MC1001
1789;16/9/23;C1042;P106;6;MC1001
1790;30/12/23;C1010;P102;8;MC1005
1791;24/3/23;C1031;P115;4;MC1005
1792;14/5/23;C1003;P114;4;MC1001
1793;6/4/23;C1029;P104;4;MC1005
1794;6/6/23;C1024;P112;2;MC1002
1795;24/8/23;C1040;P115;7;MC1003
1796;14/8/23;C1013;P107;1;MC1005
1797;4/5/23;C1040;P113;6;MC1004
1798;23/8/23;C1048;P118;4;MC1004
1799;28/11/23;C1013;P109;7;MC1004
1800;28/2/23;C1018;P114;9;MC1001
1801;4/5/23;C1024;P118;8;MC1003
1802;10/5/23;C1022;P108;5;MC1002
1803;10/5/23;C1041;P112;4;MC1001
1804;8/3/23;C1018;P106;7;MC1005
1805;25/4/23;C1002;P101;10;MC1002
1806;6/9/23;C1019;P107;3;MC1005
1807;30/11/23;C1003;P116;5;MC1005
1808;28/7/23;C1020;P117;10;MC1002
1809;6/11/23;C1037;P114;10;MC1005
1810;19/6/23;C1005;P112;10;MC1001
1811;1/9/23;C1031;P103;8;MC1001
1812;20/10/23;C1037;P118;6;MC1004
1813;7/4/23;C1010;P114;3;MC1002
1814;30/9/23;C1011;P111;4;MC1002
1815;5/9/23;C1038;P118;5;MC1003
1816;21/3/23;C1023;P119;10;MC1002
1817;18/12/23;C1039;P110;4;MC1005
1818;17/12/23;C1018;P116;4;MC1005
1819;1/1/23;C1005;P103;8;MC1004
1820;10/4/23;C1023;P102;10;MC1002
1821;22/7/23;C1011;P116;10;MC1003
1822;15/7/23;C1043;P106;6;MC1003
1823;31/5/23;C1027;P101;4;MC1002
1824;6/7/23;C1016;P103;7;MC1001
1825;7/8/23;C1023;P108;10;MC1003
1826;16/2/23;C1039;P112;9;MC1005
1827;21/5/23;C1044;P113;7;MC1005
1828;9/11/23;C1029;P117;3;MC1003
1829;25/8/23;C1031;P120;10;MC1005
1830;4/5/23;C1020;P114;4;MC1002
1831;4/6/23;C1038;P114;10;MC1003
1832;26/4/23;C1002;P104;4;MC1002
1833;14/7/23;C1050;P102;5;MC1004
1834;11/10/23;C1012;P112;7;MC1005
1835;21/10/23;C1040;P105;6;MC1003
1836;19/1/23;C1027;P108;6;MC1005
1837;31/8/23;C1045;P104;10;MC1002
1838;20/8/23;C1036;P114;4;MC1002
1839;20/11/23;C1033;P104;6;MC1004
1840;17/9/23;C1045;P116;3;MC1002
1841;18/3/23;C1039;P108;10;MC1002
1842;13/3/23;C1031;P117;4;MC1001
1843;26/8/23;C1006;P108;10;MC1005
1844;8/4/23;C1029;P118;4;MC1003
1845;24/12/23;C1042;P119;6;MC1005
1846;5/5/23;C1043;P111;5;MC1005
1847;14/12/23;C1029;P109;3;MC1004
1848;21/3/23;C1039;P101;6;MC1003
1849;27/9/23;C1019;P113;3;MC1005
1850;26/5/23;C1035;P101;3;MC1004
1851;12/3/23;C1039;P113;8;MC1002
1852;9/3/23;C1024;P102;4;MC1002
1853;1/1/24;C1043;P120;9;MC1001
1854;25/11/23;C1019;P115;7;MC1005
1855;1/2/23;C1033;P116;9;MC1001
1856;21/4/23;C1028;P114;4;MC1003
1857;14/1/23;C1025;P109;1;MC1004
1858;13/8/23;C1049;P103;1;MC1005
1859;14/3/23;C1033;P109;1;MC1003
1860;26/12/23;C1032;P118;5;MC1002
1861;4/6/23;C1034;P113;6;MC1003
1862;9/9/23;C1046;P109;9;MC1005
1863;17/1/23;C1035;P112;5;MC1002
1864;15/5/23;C1011;P103;3;MC1001
1865;1/12/23;C1038;P109;4;MC1002
1866;24/1/23;C1041;P118;3;MC1005
1867;22/9/23;C1015;P114;9;MC1002
1868;29/12/23;C1005;P118;4;MC1002
1869;13/4/23;C1005;P102;9;MC1003
1870;9/4/23;C1029;P104;9;MC1003
1871;12/3/23;C1037;P113;4;MC1004
1872;28/7/23;C1012;P113;10;MC1005
1873;14/8/23;C1022;P110;3;MC1003
1874;20/3/23;C1047;P118;2;MC1005
1875;15/5/23;C1041;P107;7;MC1003
1876;21/6/23;C1035;P108;9;MC1002
1877;12/5/23;C1048;P109;6;MC1004
1878;14/10/23;C1018;P111;5;MC1003
1879;9/5/23;C1037;P120;1;MC1002
1880;4/3/23;C1031;P110;4;MC1003
1881;30/3/23;C1029;P101;9;MC1002
1882;18/12/23;C1004;P113;2;MC1004
1883;22/5/23;C1020;P113;5;MC1004
1884;26/2/23;C1049;P119;4;MC1002
1885;19/1/23;C1006;P114;6;MC1004
1886;22/4/23;C1029;P107;2;MC1002
1887;6/9/23;C1043;P118;2;MC1002
1888;9/7/23;C1006;P106;10;MC1002
1889;30/11/23;C1049;P108;6;MC1001
1890;7/10/23;C1031;P103;7;MC1001
1891;12/8/23;C1010;P113;7;MC1001
1892;5/11/23;C1037;P111;10;MC1003
1893;20/3/23;C1036;P117;5;MC1002
1894;13/1/23;C1008;P104;9;MC1003
1895;3/10/23;C1019;P118;3;MC1001
1896;12/8/23;C1039;P107;5;MC1004
1897;29/10/23;C1048;P111;7;MC1005
1898;28/10/23;C1010;P118;2;MC1001
1899;20/6/23;C1023;P113;6;MC1003
1900;28/4/23;C1003;P102;2;MC1001
1901;6/11/23;C1037;P113;10;MC1005
1902;23/6/23;C1002;P102;9;MC1004
1903;30/10/23;C1024;P102;2;MC1002
1904;3/7/23;C1029;P112;2;MC1002
1905;1/12/23;C1049;P113;4;MC1004
1906;8/3/23;C1008;P114;3;MC1003
1907;26/11/23;C1036;P101;9;MC1004
1908;6/4/23;C1030;P107;8;MC1001
1909;28/2/23;C1011;P117;5;MC1001
1910;6/8/23;C1022;P105;6;MC1004
1911;7/7/23;C1007;P117;1;MC1004
1912;1/6/23;C1009;P119;2;MC1003
1913;11/1/23;C1038;P117;3;MC1003
1914;11/9/23;C1025;P115;2;MC1003
1915;28/1/23;C1029;P113;6;MC1002
1916;18/11/23;C1044;P110;8;MC1005
1917;15/9/23;C1007;P115;8;MC1002
1918;27/2/23;C1050;P116;8;MC1001
1919;1/8/23;C1008;P116;9;MC1001
1920;27/5/23;C1038;P116;6;MC1001
1921;14/9/23;C1033;P101;10;MC1004
1922;18/4/23;C1024;P106;4;MC1004
1923;18/12/23;C1025;P109;10;MC1001
1924;10/3/23;C1029;P105;2;MC1005
1925;19/4/23;C1007;P114;5;MC1002
1926;29/6/23;C1010;P108;8;MC1004
1927;24/5/23;C1044;P116;6;MC1003
1928;16/12/23;C1008;P120;4;MC1005
1929;27/3/23;C1039;P113;5;MC1001
1930;20/12/23;C1033;P111;2;MC1002
1931;14/2/23;C1034;P103;6;MC1001
1932;18/7/23;C1044;P117;3;MC1004
1933;20/7/23;C1050;P105;5;MC1005
1934;24/5/23;C1006;P113;4;MC1005
1935;30/8/23;C1036;P105;4;MC1004
1936;4/7/23;C1030;P110;9;MC1001
1937;17/6/23;C1043;P111;4;MC1005
1938;25/7/23;C1045;P116;2;MC1002
1939;6/11/23;C1035;P114;6;MC1005
1940;7/4/23;C1020;P103;9;MC1002
1941;18/1/23;C1009;P112;7;MC1001
1942;1/2/23;C1016;P119;2;MC1002
1943;7/6/23;C1011;P103;6;MC1001
1944;5/11/23;C1032;P106;1;MC1001
1945;18/12/23;C1002;P115;8;MC1005
1946;10/10/23;C1047;P113;3;MC1003
1947;12/10/23;C1025;P108;1;MC1002
1948;19/8/23;C1026;P107;9;MC1001
1949;29/8/23;C1015;P108;8;MC1003
1950;19/8/23;C1012;P104;1;MC1003
1951;7/3/23;C1026;P104;7;MC1004
1952;17/11/23;C1029;P107;5;MC1001
1953;2/6/23;C1020;P109;4;MC1002
1954;19/1/23;C1013;P102;8;MC1001
1955;18/5/23;C1036;P115;9;MC1005
1956;27/1/23;C1011;P112;1;MC1005
1957;31/12/23;C1022;P108;1;MC1005
1958;9/3/23;C1012;P109;9;MC1003
1959;26/3/23;C1043;P116;8;MC1002
1960;18/9/23;C1018;P108;4;MC1003
1961;8/8/23;C1046;P117;5;MC1005
1962;6/8/23;C1027;P119;4;MC1004
1963;26/7/23;C1018;P109;8;MC1003
1964;27/4/23;C1044;P108;2;MC1002
1965;10/11/23;C1023;P111;1;MC1002
1966;7/1/23;C1008;P117;4;MC1004
1967;12/12/23;C1039;P109;6;MC1004
1968;4/4/23;C1032;P116;8;MC1001
1969;30/1/23;C1031;P114;1;MC1005
1970;24/12/23;C1019;P109;1;MC1004
1971;23/12/23;C1006;P116;9;MC1003
1972;4/12/23;C1023;P119;4;MC1003
1973;24/11/23;C1028;P117;2;MC1005
1974;22/3/23;C1009;P111;10;MC1002
1975;13/10/23;C1013;P112;10;MC1002
1976;18/10/23;C1034;P110;10;MC1005
1977;12/11/23;C1013;P114;3;MC1001
1978;7/6/23;C1017;P105;9;MC1003
1979;11/7/23;C1032;P117;3;MC1001
1980;5/3/23;C1010;P107;1;MC1003
1981;15/10/23;C1050;P103;6;MC1004
1982;9/3/23;C1018;P112;8;MC1003
1983;16/8/23;C1039;P109;8;MC1004
1984;22/2/23;C1033;P115;5;MC1003
1985;28/2/23;C1033;P113;1;MC1005
1986;3/10/23;C1006;P116;10;MC1003
1987;25/1/23;C1037;P102;6;MC1005
1988;26/10/23;C1013;P109;10;MC1005
1989;18/7/23;C1040;P112;7;MC1002
1990;22/12/23;C1029;P115;4;MC1004
1991;4/2/23;C1001;P106;4;MC1003
1992;8/4/23;C1050;P117;6;MC1005
1993;5/2/23;C1025;P104;4;MC1004
1994;9/7/23;C1021;P109;6;MC1001
1995;18/4/23;C1017;P113;8;MC1002
1996;7/7/23;C1007;P101;6;MC1004
1997;25/11/23;C1010;P120;4;MC1004
1998;18/6/23;C1019;P115;6;MC1004
1999;31/1/23;C1005;P109;3;MC1001
2000;10/10/23;C1048;P117;7;MC1005
2001;1/2/23;C1048;P116;9;MC1002
2002;12/1/23;C1009;P104;4;MC1003
2003;21/11/23;C1046;P109;7;MC1001
2004;11/4/23;C1030;P110;1;MC1001
2005;16/11/23;C1040;P105;4;MC1002
2006;17/4/23;C1040;P115;6;MC1005
2007;14/2/23;C1024;P111;4;MC1002
2008;17/5/23;C1020;P110;3;MC1001
2009;29/8/23;C1015;P107;10;MC1004
2010;3/6/23;C1018;P105;9;MC1004
2011;27/4/23;C1029;P117;3;MC1002
2012;19/8/23;C1047;P119;1;MC1001
2013;4/8/23;C1003;P116;7;MC1005
2014;28/6/23;C1010;P116;9;MC1004
2015;22/5/23;C1037;P107;1;MC1002
2016;24/12/23;C1008;P105;9;MC1004
2017;6/4/23;C1050;P113;3;MC1005
2018;29/4/23;C1015;P112;7;MC1005
2019;26/3/23;C1025;P107;3;MC1005
2020;14/9/23;C1045;P120;6;MC1002
2021;13/9/23;C1009;P102;4;MC1004
2022;6/7/23;C1003;P114;2;MC1003
2023;17/10/23;C1048;P117;3;MC1005
2024;5/8/23;C1015;P109;6;MC1003
2025;15/7/23;C1008;P105;9;MC1001
2026;18/8/23;C1005;P106;1;MC1002
2027;3/3/23;C1044;P110;5;MC1003
2028;24/10/23;C1047;P108;6;MC1004
2029;2/11/23;C1007;P109;1;MC1004
2030;22/7/23;C1019;P117;4;MC1001
2031;3/7/23;C1027;P114;1;MC1002
2032;20/4/23;C1043;P105;8;MC1001
2033;22/2/23;C1029;P120;8;MC1001
2034;27/3/23;C1022;P114;1;MC1005
2035;22/9/23;C1048;P105;7;MC1005
2036;6/12/23;C1050;P105;2;MC1002
2037;8/10/23;C1043;P112;7;MC1001
2038;1/10/23;C1029;P113;9;MC1004
2039;10/1/23;C1012;P104;2;MC1004
2040;17/8/23;C1023;P118;5;MC1005
2041;4/10/23;C1034;P108;3;MC1002
2042;6/7/23;C1042;P120;7;MC1005
2043;2/9/23;C1039;P113;4;MC1001
2044;27/3/23;C1016;P113;6;MC1003
2045;6/1/23;C1048;P111;3;MC1004
2046;14/3/23;C1045;P115;1;MC1003
2047;2/1/23;C1039;P108;10;MC1005
2048;27/6/23;C1019;P110;7;MC1003
2049;25/1/23;C1040;P107;4;MC1003
2050;4/1/23;C1030;P106;3;MC1002
2051;21/11/23;C1045;P103;2;MC1005
2052;23/8/23;C1015;P105;6;MC1003
2053;12/2/23;C1031;P101;5;MC1002
2054;3/10/23;C1001;P111;7;MC1003
2055;25/2/23;C1028;P111;1;MC1002
2056;28/2/23;C1045;P113;6;MC1001
2057;20/4/23;C1029;P109;7;MC1003
2058;23/9/23;C1048;P105;8;MC1003
2059;22/3/23;C1029;P101;1;MC1004
2060;5/8/23;C1006;P104;2;MC1005
2061;13/9/23;C1027;P118;6;MC1001
2062;22/2/23;C1016;P119;10;MC1005
2063;22/8/23;C1013;P117;3;MC1002
2064;24/4/23;C1032;P120;10;MC1003
2065;4/11/23;C1047;P115;2;MC1002
2066;27/2/23;C1023;P115;2;MC1005
2067;13/6/23;C1003;P101;8;MC1003
2068;16/5/23;C1026;P105;7;MC1003
2069;12/7/23;C1018;P112;3;MC1004
2070;30/11/23;C1040;P102;5;MC1004
2071;31/12/23;C1026;P109;6;MC1003
2072;8/4/23;C1005;P118;3;MC1004
2073;26/4/23;C1016;P120;3;MC1003
2074;24/8/23;C1043;P114;10;MC1005
2075;13/1/23;C1024;P105;6;MC1002
2076;24/9/23;C1018;P104;10;MC1003
2077;21/2/23;C1008;P109;4;MC1004
2078;6/9/23;C1012;P117;6;MC1002
2079;21/10/23;C1026;P116;4;MC1004
2080;19/4/23;C1006;P113;9;MC1001
2081;25/7/23;C1018;P110;8;MC1002
2082;30/12/23;C1003;P108;9;MC1001
2083;3/10/23;C1033;P101;10;MC1003
2084;14/9/23;C1048;P114;3;MC1004
2085;18/11/23;C1044;P108;2;MC1002
2086;1/5/23;C1045;P106;4;MC1005
2087;10/8/23;C1009;P109;6;MC1002
2088;20/1/23;C1049;P115;5;MC1002
2089;25/4/23;C1035;P110;3;MC1004
2090;3/2/23;C1014;P115;8;MC1002
2091;2/11/23;C1014;P108;8;MC1003
2092;24/11/23;C1036;P111;2;MC1005
2093;21/5/23;C1023;P105;6;MC1002
2094;11/12/23;C1010;P111;7;MC1004
2095;12/6/23;C1016;P120;8;MC1002
2096;13/11/23;C1027;P116;6;MC1003
2097;11/1/23;C1020;P105;9;MC1004
2098;1/1/23;C1003;P102;5;MC1005
2099;17/7/23;C1028;P106;7;MC1005
2100;15/1/23;C1010;P118;5;MC1002
2101;29/4/23;C1039;P102;2;MC1005
2102;22/4/23;C1016;P103;3;MC1003
2103;16/11/23;C1032;P105;7;MC1003
2104;12/6/23;C1019;P107;10;MC1005
2105;11/6/23;C1006;P118;8;MC1001
2106;19/9/23;C1022;P118;6;MC1001
2107;5/2/23;C1019;P118;3;MC1005
2108;27/12/23;C1034;P115;2;MC1002
2109;24/5/23;C1023;P117;4;MC1005
2110;24/1/23;C1043;P110;9;MC1001
2111;9/4/23;C1021;P104;6;MC1002
2112;4/10/23;C1036;P119;7;MC1005
2113;6/4/23;C1018;P115;9;MC1003
2114;19/10/23;C1028;P103;6;MC1004
2115;10/10/23;C1021;P101;3;MC1004
2116;15/8/23;C1034;P104;8;MC1001
2117;26/3/23;C1009;P109;1;MC1004
2118;18/1/23;C1002;P117;9;MC1003
2119;14/5/23;C1035;P119;6;MC1003
2120;11/12/23;C1001;P101;8;MC1002
2121;31/3/23;C1020;P110;4;MC1001
2122;9/1/23;C1008;P107;4;MC1003
2123;30/10/23;C1040;P116;7;MC1005
2124;17/12/23;C1050;P111;8;MC1005
2125;27/12/23;C1035;P101;10;MC1005
2126;16/5/23;C1046;P101;3;MC1005
2127;18/5/23;C1040;P118;2;MC1003
2128;26/11/23;C1008;P120;3;MC1003
2129;28/8/23;C1026;P114;8;MC1002
2130;5/2/23;C1035;P109;2;MC1001
2131;26/12/23;C1004;P116;9;MC1004
2132;1/4/23;C1039;P116;2;MC1003
2133;7/4/23;C1004;P103;4;MC1001
2134;21/6/23;C1005;P112;8;MC1003
2135;10/2/23;C1030;P112;9;MC1005
2136;19/2/23;C1034;P108;8;MC1003
2137;20/10/23;C1022;P106;6;MC1001
2138;18/2/23;C1032;P109;8;MC1002
2139;10/8/23;C1011;P117;6;MC1002
2140;5/8/23;C1028;P109;2;MC1003
2141;18/4/23;C1012;P117;9;MC1003
2142;21/9/23;C1001;P117;5;MC1001
2143;31/1/23;C1033;P113;7;MC1005
2144;26/3/23;C1007;P108;9;MC1004
2145;30/7/23;C1046;P118;8;MC1001
2146;30/12/23;C1039;P119;10;MC1001
2147;21/4/23;C1045;P116;1;MC1002
2148;9/4/23;C1020;P119;6;MC1003
2149;9/12/23;C1047;P113;10;MC1005
2150;19/2/23;C1020;P119;6;MC1003
2151;2/3/23;C1013;P108;1;MC1001
2152;22/2/23;C1044;P102;1;MC1003
2153;1/1/24;C1043;P120;4;MC1001
2154;9/10/23;C1034;P102;10;MC1004
2155;29/5/23;C1026;P117;2;MC1001
2156;3/7/23;C1034;P103;2;MC1003
2157;29/1/23;C1028;P116;8;MC1002
2158;21/2/23;C1038;P107;7;MC1002
2159;2/4/23;C1029;P103;9;MC1004
2160;5/6/23;C1022;P111;6;MC1002
2161;26/6/23;C1035;P102;3;MC1005
2162;19/12/23;C1017;P120;1;MC1005
2163;23/10/23;C1007;P110;10;MC1001
2164;11/12/23;C1029;P113;9;MC1003
2165;26/8/23;C1032;P116;8;MC1005
2166;24/3/23;C1041;P106;6;MC1005
2167;10/10/23;C1019;P107;9;MC1002
2168;2/2/23;C1020;P105;4;MC1001
2169;15/7/23;C1004;P107;10;MC1002
2170;20/1/23;C1027;P112;7;MC1003
2171;15/9/23;C1007;P109;8;MC1002
2172;20/12/23;C1036;P112;4;MC1002
2173;28/10/23;C1046;P120;8;MC1004
2174;5/4/23;C1038;P115;2;MC1001
2175;22/6/23;C1009;P111;3;MC1001
2176;4/1/23;C1015;P105;10;MC1001
2177;30/7/23;C1017;P113;7;MC1004
2178;17/7/23;C1043;P111;9;MC1001
2179;6/1/23;C1045;P118;9;MC1003
2180;27/5/23;C1010;P107;9;MC1005
2181;25/4/23;C1020;P106;3;MC1004
2182;11/4/23;C1040;P109;8;MC1005
2183;12/8/23;C1019;P104;8;MC1004
2184;7/2/23;C1041;P115;5;MC1003
2185;3/12/23;C1018;P113;2;MC1005
2186;1/4/23;C1041;P118;2;MC1004
2187;24/8/23;C1040;P109;2;MC1003
2188;19/10/23;C1003;P120;8;MC1001
2189;15/10/23;C1044;P101;9;MC1004
2190;22/11/23;C1040;P105;9;MC1004
2191;5/2/23;C1009;P107;7;MC1002
2192;14/10/23;C1010;P103;4;MC1003
2193;2/6/23;C1027;P113;10;MC1004
2194;19/2/23;C1039;P105;7;MC1003
2195;12/1/23;C1050;P103;2;MC1005
2196;10/3/23;C1042;P104;3;MC1002
2197;21/1/23;C1011;P105;9;MC1002
2198;29/5/23;C1023;P106;3;MC1005
2199;20/12/23;C1050;P101;6;MC1003
2200;20/10/23;C1002;P101;8;MC1003
2201;19/11/23;C1044;P113;8;MC1002
2202;31/10/23;C1010;P104;1;MC1002
2203;31/1/23;C1010;P102;7;MC1002
2204;15/1/23;C1020;P116;8;MC1002
2205;3/6/23;C1038;P117;9;MC1003
2206;26/3/23;C1045;P102;5;MC1004
2207;13/8/23;C1037;P109;7;MC1001
2208;5/6/23;C1047;P101;8;MC1002
2209;16/12/23;C1020;P118;8;MC1005
2210;15/12/23;C1002;P110;6;MC1002
2211;2/3/23;C1006;P114;9;MC1001
2212;20/3/23;C1004;P105;2;MC1004
2213;13/2/23;C1045;P116;7;MC1005
2214;9/6/23;C1046;P108;9;MC1002
2215;20/3/23;C1006;P101;8;MC1002
2216;6/5/23;C1003;P114;4;MC1004
2217;8/10/23;C1044;P110;8;MC1004
2218;25/2/23;C1007;P115;5;MC1002
2219;18/1/23;C1039;P104;8;MC1005
2220;17/7/23;C1045;P102;8;MC1004
2221;4/3/23;C1015;P111;4;MC1003
2222;6/12/23;C1004;P115;10;MC1003
2223;20/10/23;C1027;P115;10;MC1004
2224;23/6/23;C1024;P115;8;MC1001
2225;15/4/23;C1008;P106;5;MC1002
2226;13/5/23;C1015;P115;7;MC1002
2227;2/10/23;C1021;P120;5;MC1002
2228;8/6/23;C1006;P108;3;MC1005
2229;22/5/23;C1050;P114;8;MC1004
2230;21/1/23;C1020;P103;2;MC1002
2231;22/5/23;C1022;P106;4;MC1002
2232;1/1/24;C1008;P119;9;MC1004
2233;24/1/23;C1030;P102;4;MC1004
2234;12/3/23;C1045;P114;5;MC1002
2235;1/4/23;C1026;P114;7;MC1003
2236;19/7/23;C1001;P111;4;MC1002
2237;5/2/23;C1001;P117;4;MC1005
2238;31/8/23;C1008;P119;3;MC1002
2239;7/10/23;C1013;P104;6;MC1004
2240;6/10/23;C1042;P103;3;MC1001
2241;16/12/23;C1018;P106;8;MC1003
2242;10/8/23;C1009;P118;2;MC1003
2243;31/3/23;C1025;P113;6;MC1004
2244;22/2/23;C1024;P103;5;MC1002
2245;31/10/23;C1046;P116;7;MC1005
2246;20/1/23;C1033;P117;9;MC1004
2247;31/8/23;C1050;P110;7;MC1005
2248;23/12/23;C1021;P110;9;MC1003
2249;14/10/23;C1036;P116;2;MC1003
2250;28/9/23;C1037;P106;10;MC1001
2251;24/9/23;C1029;P110;8;MC1005
2252;1/2/23;C1039;P106;7;MC1002
2253;3/12/23;C1006;P114;1;MC1004
2254;10/3/23;C1003;P112;10;MC1003
2255;13/12/23;C1004;P101;9;MC1004
2256;8/8/23;C1043;P119;5;MC1005
2257;29/4/23;C1025;P120;6;MC1001
2258;10/10/23;C1012;P114;5;MC1005
2259;13/4/23;C1006;P101;3;MC1003
2260;8/12/23;C1027;P119;9;MC1002
2261;17/1/23;C1033;P115;1;MC1003
2262;21/4/23;C1044;P117;4;MC1001
2263;16/12/23;C1034;P109;5;MC1001
2264;15/11/23;C1043;P117;4;MC1001
2265;10/8/23;C1031;P103;10;MC1003
2266;24/8/23;C1014;P118;10;MC1003
2267;10/1/23;C1041;P106;1;MC1003
2268;28/5/23;C1015;P105;5;MC1001
2269;22/10/23;C1037;P107;5;MC1002
2270;1/10/23;C1030;P101;5;MC1002
2271;13/9/23;C1022;P109;8;MC1003
2272;15/11/23;C1021;P106;2;MC1005
2273;13/9/23;C1040;P103;10;MC1005
2274;26/11/23;C1017;P105;5;MC1004
2275;10/1/23;C1004;P114;2;MC1001
2276;5/6/23;C1022;P112;2;MC1001
2277;16/11/23;C1025;P108;5;MC1002
2278;7/5/23;C1034;P117;7;MC1003
2279;24/1/23;C1016;P116;2;MC1004
2280;20/11/23;C1015;P110;5;MC1002
2281;8/4/23;C1050;P110;9;MC1005
2282;29/7/23;C1012;P113;10;MC1002
2283;19/10/23;C1008;P119;3;MC1002
2284;16/11/23;C1035;P112;8;MC1004
2285;11/5/23;C1030;P107;9;MC1005
2286;11/9/23;C1024;P119;8;MC1001
2287;1/1/24;C1047;P101;6;MC1004
2288;28/9/23;C1020;P113;8;MC1002
2289;13/1/23;C1035;P120;5;MC1001
2290;23/8/23;C1040;P120;5;MC1005
2291;18/9/23;C1011;P116;3;MC1004
2292;7/5/23;C1016;P108;3;MC1001
2293;25/3/23;C1038;P107;6;MC1004
2294;28/1/23;C1027;P106;10;MC1002
2295;11/3/23;C1022;P119;4;MC1001
2296;24/9/23;C1032;P103;1;MC1005
2297;31/3/23;C1008;P101;1;MC1004
2298;6/3/23;C1023;P115;2;MC1004
2299;11/8/23;C1050;P120;2;MC1005
2300;7/9/23;C1008;P111;9;MC1002
2301;23/5/23;C1023;P118;7;MC1005
2302;26/5/23;C1022;P119;9;MC1003
2303;1/2/23;C1021;P113;8;MC1001
2304;18/4/23;C1014;P104;1;MC1002
2305;11/9/23;C1038;P106;6;MC1003
2306;14/7/23;C1025;P107;4;MC1001
2307;2/1/23;C1039;P104;6;MC1001
2308;29/5/23;C1001;P107;6;MC1004
2309;19/1/23;C1039;P118;7;MC1001
2310;5/6/23;C1028;P107;9;MC1002
2311;11/3/23;C1012;P108;3;MC1005
2312;31/3/23;C1022;P106;10;MC1002
2313;12/12/23;C1042;P115;7;MC1005
2314;5/7/23;C1046;P109;8;MC1002
2315;15/5/23;C1013;P101;8;MC1004
2316;28/10/23;C1043;P110;1;MC1005
2317;4/11/23;C1049;P107;7;MC1003
2318;20/12/23;C1029;P118;6;MC1005
2319;7/2/23;C1048;P101;3;MC1001
2320;29/7/23;C1019;P105;2;MC1001
2321;30/11/23;C1047;P102;1;MC1003
2322;27/6/23;C1018;P113;5;MC1002
2323;8/4/23;C1014;P111;8;MC1001
2324;21/8/23;C1030;P115;6;MC1001
2325;22/1/23;C1047;P114;7;MC1002
2326;15/1/23;C1008;P102;10;MC1004
2327;10/7/23;C1006;P101;7;MC1001
2328;17/5/23;C1039;P104;5;MC1003
2329;8/11/23;C1029;P106;8;MC1001
2330;4/2/23;C1029;P111;3;MC1004
2331;7/1/23;C1042;P119;9;MC1003
2332;24/11/23;C1029;P117;8;MC1005
2333;28/6/23;C1021;P105;2;MC1003
2334;14/12/23;C1034;P106;1;MC1004
2335;16/3/23;C1047;P103;7;MC1004
2336;14/8/23;C1001;P116;4;MC1001
2337;24/10/23;C1037;P104;9;MC1002
2338;17/2/23;C1024;P109;1;MC1002
2339;30/10/23;C1009;P111;10;MC1003
2340;11/1/23;C1048;P107;1;MC1004
2341;5/9/23;C1050;P105;5;MC1005
2342;5/11/23;C1001;P112;1;MC1004
2343;29/7/23;C1007;P110;10;MC1003
2344;1/2/23;C1050;P104;8;MC1004
2345;24/3/23;C1033;P120;6;MC1004
2346;29/1/23;C1028;P105;8;MC1005
2347;22/12/23;C1012;P109;9;MC1005
2348;5/10/23;C1015;P113;3;MC1004
2349;18/7/23;C1021;P104;8;MC1005
2350;24/6/23;C1033;P114;4;MC1002
2351;1/7/23;C1016;P104;8;MC1005
2352;18/5/23;C1030;P110;4;MC1003
2353;23/7/23;C1029;P115;1;MC1005
2354;6/12/23;C1023;P106;1;MC1001
2355;9/4/23;C1034;P116;7;MC1002
2356;1/8/23;C1030;P103;1;MC1001
2357;17/11/23;C1026;P118;8;MC1003
2358;27/4/23;C1004;P113;6;MC1005
2359;8/6/23;C1022;P108;5;MC1002
2360;16/4/23;C1015;P106;2;MC1002
2361;19/5/23;C1037;P115;8;MC1005
2362;6/12/23;C1014;P108;1;MC1002
2363;2/8/23;C1023;P117;1;MC1001
2364;27/4/23;C1033;P110;3;MC1002
2365;18/1/23;C1007;P119;5;MC1004
2366;13/1/23;C1017;P118;3;MC1004
2367;20/7/23;C1011;P102;3;MC1001
2368;10/7/23;C1018;P113;6;MC1003
2369;12/11/23;C1045;P103;1;MC1003
2370;5/9/23;C1002;P115;4;MC1004
2371;26/9/23;C1034;P118;7;MC1005
2372;1/1/24;C1031;P104;6;MC1005
2373;23/3/23;C1039;P105;8;MC1003
2374;8/2/23;C1039;P116;5;MC1002
2375;14/10/23;C1032;P102;5;MC1004
2376;23/2/23;C1046;P111;10;MC1003
2377;21/6/23;C1049;P114;2;MC1005
2378;20/5/23;C1010;P111;10;MC1004
2379;22/1/23;C1010;P108;3;MC1003
2380;25/3/23;C1017;P103;10;MC1002
2381;10/12/23;C1010;P105;3;MC1002
2382;17/6/23;C1024;P116;9;MC1002
2383;12/10/23;C1008;P104;9;MC1005
2384;4/1/23;C1033;P117;1;MC1004
2385;1/12/23;C1018;P119;2;MC1004
2386;14/2/23;C1041;P119;5;MC1004
2387;21/12/23;C1049;P102;9;MC1005
2388;8/10/23;C1013;P103;1;MC1001
2389;8/10/23;C1018;P117;8;MC1001
2390;27/3/23;C1014;P112;3;MC1005
2391;22/12/23;C1023;P110;10;MC1003
2392;16/6/23;C1017;P105;2;MC1004
2393;30/9/23;C1042;P105;9;MC1002
2394;19/12/23;C1037;P117;5;MC1004
2395;12/9/23;C1038;P114;8;MC1003
2396;10/8/23;C1024;P112;7;MC1003
2397;6/5/23;C1003;P113;8;MC1001
2398;5/7/23;C1024;P102;4;MC1003
2399;28/8/23;C1002;P116;1;MC1005
2400;4/6/23;C1013;P114;1;MC1002
2401;9/9/23;C1043;P116;7;MC1004
2402;21/5/23;C1003;P104;9;MC1005
2403;15/6/23;C1025;P116;10;MC1005
2404;10/7/23;C1013;P117;8;MC1003
2405;9/7/23;C1002;P112;1;MC1002
2406;22/10/23;C1020;P117;6;MC1003
2407;3/12/23;C1025;P111;6;MC1005
2408;24/6/23;C1014;P119;3;MC1005
2409;1/12/23;C1015;P108;10;MC1005
2410;18/4/23;C1039;P111;10;MC1003
2411;16/12/23;C1008;P109;9;MC1002
2412;25/4/23;C1037;P107;10;MC1002
2413;30/5/23;C1024;P115;10;MC1004
2414;1/9/23;C1048;P102;4;MC1002
2415;23/4/23;C1001;P119;3;MC1001
2416;29/11/23;C1033;P105;1;MC1002
2417;7/5/23;C1044;P105;3;MC1005
2418;19/10/23;C1010;P107;6;MC1001
2419;10/10/23;C1050;P109;9;MC1004
2420;3/2/23;C1021;P115;10;MC1001
2421;15/6/23;C1008;P111;4;MC1001
2422;8/1/23;C1034;P119;2;MC1002
2423;26/7/23;C1032;P104;3;MC1004
2424;17/2/23;C1040;P105;8;MC1002
2425;3/7/23;C1005;P105;1;MC1004
2426;21/7/23;C1005;P101;9;MC1001
2427;19/5/23;C1005;P101;2;MC1002
2428;11/2/23;C1019;P120;10;MC1004
2429;21/10/23;C1043;P112;4;MC1003
2430;2/12/23;C1044;P107;10;MC1004
2431;21/3/23;C1036;P101;6;MC1005
2432;9/12/23;C1047;P120;6;MC1005
2433;28/6/23;C1009;P107;5;MC1002
2434;30/12/23;C1014;P104;2;MC1004
2435;9/9/23;C1046;P114;10;MC1004
2436;2/9/23;C1032;P103;4;MC1003
2437;29/10/23;C1045;P106;8;MC1005
2438;2/12/23;C1013;P110;6;MC1001
2439;3/9/23;C1018;P114;7;MC1001
2440;17/4/23;C1035;P116;6;MC1005
2441;14/4/23;C1018;P109;5;MC1003
2442;6/9/23;C1008;P112;3;MC1002
2443;15/1/23;C1006;P107;5;MC1001
2444;25/2/23;C1047;P105;6;MC1001
2445;22/4/23;C1040;P119;7;MC1004
2446;12/9/23;C1050;P118;7;MC1001
2447;29/1/23;C1048;P119;6;MC1001
2448;2/5/23;C1050;P116;7;MC1001
2449;19/7/23;C1045;P104;10;MC1001
2450;23/5/23;C1021;P109;10;MC1001
2451;19/6/23;C1029;P106;7;MC1001
2452;12/11/23;C1032;P117;9;MC1002
2453;30/4/23;C1047;P111;8;MC1004
2454;2/8/23;C1040;P117;2;MC1005
2455;25/7/23;C1003;P120;6;MC1001
2456;21/1/23;C1036;P118;3;MC1004
2457;5/12/23;C1032;P120;7;MC1005
2458;3/10/23;C1023;P108;1;MC1003
2459;11/12/23;C1020;P106;4;MC1002
2460;11/7/23;C1007;P118;4;MC1002
2461;4/6/23;C1002;P118;10;MC1003
2462;2/4/23;C1028;P115;7;MC1003
2463;13/7/23;C1009;P108;2;MC1004
2464;24/2/23;C1018;P101;9;MC1003
2465;19/9/23;C1018;P102;10;MC1002
2466;30/1/23;C1019;P108;10;MC1003
2467;23/5/23;C1010;P101;10;MC1005
2468;2/4/23;C1048;P106;2;MC1004
2469;23/11/23;C1016;P110;1;MC1005
2470;23/11/23;C1012;P110;8;MC1005
2471;11/12/23;C1027;P112;4;MC1004
2472;10/12/23;C1045;P114;1;MC1003
2473;2/10/23;C1033;P120;1;MC1005
2474;7/2/23;C1019;P110;9;MC1004
2475;2/6/23;C1021;P118;6;MC1001
2476;18/3/23;C1038;P112;7;MC1005
2477;8/1/23;C1017;P117;9;MC1005
2478;4/8/23;C1040;P103;9;MC1005
2479;7/3/23;C1002;P110;7;MC1001
2480;29/7/23;C1012;P108;8;MC1005
2481;16/12/23;C1023;P114;1;MC1003
2482;31/1/23;C1015;P120;5;MC1004
2483;1/12/23;C1042;P119;9;MC1004
2484;11/9/23;C1006;P101;10;MC1005
2485;24/11/23;C1012;P102;3;MC1002
2486;28/7/23;C1004;P108;3;MC1005
2487;3/6/23;C1007;P102;6;MC1004
2488;10/1/23;C1043;P114;10;MC1001
2489;6/3/23;C1006;P114;8;MC1004
2490;2/7/23;C1034;P109;8;MC1003
2491;3/3/23;C1044;P115;9;MC1005
2492;8/6/23;C1001;P108;8;MC1002
2493;3/11/23;C1022;P117;1;MC1004
2494;8/10/23;C1034;P115;6;MC1005
2495;2/3/23;C1045;P120;4;MC1001
2496;25/10/23;C1048;P112;9;MC1003
2497;3/4/23;C1001;P114;3;MC1004
2498;4/1/23;C1030;P119;10;MC1003
2499;17/3/23;C1007;P118;10;MC1002
2500;18/5/23;C1008;P112;3;MC1002
2501;7/4/23;C1010;P101;4;MC1004
2502;26/9/23;C1044;P103;8;MC1005
2503;26/11/23;C1040;P116;1;MC1001
2504;18/3/23;C1050;P115;1;MC1002
2505;21/12/23;C1043;P116;10;MC1003
2506;24/11/23;C1039;P106;2;MC1004
2507;26/12/23;C1010;P107;9;MC1002
2508;18/2/23;C1004;P105;9;MC1002
2509;2/9/23;C1039;P101;8;MC1004
2510;24/4/23;C1007;P120;3;MC1005
2511;21/9/23;C1003;P114;4;MC1005
2512;20/1/23;C1041;P116;3;MC1005
2513;25/8/23;C1010;P115;1;MC1001
2514;2/9/23;C1046;P117;5;MC1001
2515;26/12/23;C1011;P111;9;MC1004
2516;26/4/23;C1011;P110;5;MC1001
2517;2/3/23;C1026;P103;2;MC1001
2518;10/3/23;C1014;P103;1;MC1002
2519;12/6/23;C1001;P118;4;MC1003
2520;16/6/23;C1002;P120;8;MC1005
2521;12/11/23;C1039;P106;7;MC1003
2522;18/6/23;C1033;P101;4;MC1004
2523;13/10/23;C1032;P103;1;MC1003
2524;27/7/23;C1037;P114;4;MC1005
2525;2/3/23;C1008;P111;10;MC1001
2526;27/3/23;C1039;P108;3;MC1002
2527;3/1/23;C1039;P113;7;MC1001
2528;19/6/23;C1026;P119;5;MC1001
2529;10/6/23;C1025;P112;10;MC1004
2530;27/3/23;C1003;P109;2;MC1001
2531;25/1/23;C1041;P108;10;MC1002
2532;9/8/23;C1007;P107;1;MC1001
2533;16/6/23;C1037;P115;9;MC1005
2534;9/11/23;C1039;P104;3;MC1003
2535;18/4/23;C1039;P108;3;MC1002
2536;14/5/23;C1033;P116;1;MC1001
2537;22/6/23;C1037;P103;1;MC1003
2538;2/10/23;C1030;P110;10;MC1002
2539;13/5/23;C1047;P116;6;MC1001
2540;12/10/23;C1025;P117;2;MC1002
2541;24/4/23;C1016;P112;3;MC1005
2542;15/9/23;C1004;P109;3;MC1002
2543;8/5/23;C1039;P110;8;MC1002
2544;5/2/23;C1017;P104;7;MC1004
2545;12/8/23;C1019;P104;3;MC1001
2546;3/5/23;C1001;P110;5;MC1001
2547;26/2/23;C1046;P109;3;MC1002
2548;25/3/23;C1006;P119;6;MC1004
2549;28/1/23;C1044;P110;6;MC1005
2550;13/6/23;C1038;P104;9;MC1005
2551;8/11/23;C1026;P104;2;MC1005
2552;19/11/23;C1041;P118;9;MC1005
2553;8/12/23;C1046;P103;9;MC1004
2554;22/2/23;C1022;P105;5;MC1003
2555;10/10/23;C1022;P109;9;MC1001
2556;26/1/23;C1006;P105;10;MC1003
2557;4/1/23;C1041;P108;7;MC1005
2558;27/5/23;C1005;P113;1;MC1001
2559;20/1/23;C1023;P113;1;MC1003
2560;17/6/23;C1018;P111;3;MC1002
2561;18/3/23;C1043;P112;2;MC1004
2562;10/3/23;C1022;P120;6;MC1004
2563;3/12/23;C1017;P112;7;MC1003
2564;20/2/23;C1050;P118;4;MC1002
2565;6/3/23;C1008;P119;10;MC1001
2566;2/12/23;C1025;P101;4;MC1001
2567;6/9/23;C1030;P106;9;MC1002
2568;21/5/23;C1024;P105;9;MC1004
2569;17/9/23;C1010;P112;3;MC1004
2570;1/6/23;C1041;P110;8;MC1004
2571;22/5/23;C1037;P118;9;MC1005
2572;14/1/23;C1046;P105;10;MC1004
2573;6/10/23;C1014;P115;2;MC1005
2574;14/6/23;C1039;P116;3;MC1005
2575;18/5/23;C1044;P107;10;MC1002
2576;28/12/23;C1042;P105;1;MC1001
2577;16/10/23;C1012;P111;6;MC1004
2578;3/5/23;C1048;P106;3;MC1003
2579;15/11/23;C1047;P103;5;MC1002
2580;17/5/23;C1045;P101;7;MC1002
2581;17/4/23;C1032;P120;8;MC1001
2582;15/7/23;C1030;P103;1;MC1001
2583;5/12/23;C1041;P108;8;MC1005
2584;2/2/23;C1043;P103;3;MC1001
2585;12/9/23;C1035;P120;7;MC1002
2586;7/4/23;C1007;P107;9;MC1004
2587;6/6/23;C1025;P115;9;MC1003
2588;15/12/23;C1025;P106;5;MC1001
2589;14/2/23;C1048;P120;7;MC1002
2590;11/5/23;C1043;P113;7;MC1005
2591;11/4/23;C1034;P111;7;MC1002
2592;24/3/23;C1044;P120;5;MC1004
2593;19/5/23;C1010;P115;6;MC1001
2594;6/1/23;C1019;P102;4;MC1004
2595;16/8/23;C1001;P108;8;MC1005
2596;16/11/23;C1005;P112;9;MC1005
2597;24/5/23;C1029;P119;1;MC1003
2598;28/9/23;C1036;P106;4;MC1002
2599;16/7/23;C1048;P118;8;MC1003
2600;27/12/23;C1018;P105;8;MC1003
2601;9/6/23;C1039;P119;10;MC1003
2602;18/4/23;C1014;P118;6;MC1001
2603;3/8/23;C1005;P114;5;MC1004
2604;24/1/23;C1007;P101;7;MC1001
2605;8/4/23;C1013;P116;8;MC1005
2606;27/8/23;C1031;P118;1;MC1005
2607;18/8/23;C1039;P113;8;MC1005
2608;20/1/23;C1002;P113;8;MC1005
2609;19/4/23;C1004;P107;1;MC1004
2610;16/5/23;C1030;P111;7;MC1002
2611;11/5/23;C1040;P113;4;MC1003
2612;12/9/23;C1042;P104;10;MC1002
2613;20/2/23;C1038;P119;8;MC1004
2614;15/9/23;C1034;P101;3;MC1002
2615;17/7/23;C1024;P112;9;MC1003
2616;6/5/23;C1046;P113;1;MC1004
2617;10/3/23;C1029;P101;10;MC1004
2618;1/6/23;C1003;P101;2;MC1003
2619;9/3/23;C1004;P105;9;MC1003
2620;1/3/23;C1021;P110;3;MC1001
2621;4/9/23;C1033;P110;9;MC1005
2622;16/6/23;C1044;P116;5;MC1003
2623;10/1/23;C1039;P109;7;MC1003
2624;8/9/23;C1017;P104;5;MC1001
2625;13/3/23;C1018;P119;1;MC1004
2626;2/3/23;C1021;P102;2;MC1003
2627;18/9/23;C1043;P114;2;MC1004
2628;12/4/23;C1025;P113;8;MC1002
2629;15/9/23;C1011;P109;1;MC1003
2630;18/3/23;C1020;P118;2;MC1002
2631;15/6/23;C1023;P114;1;MC1001
2632;18/1/23;C1006;P114;8;MC1001
2633;4/3/23;C1028;P113;5;MC1004
2634;13/6/23;C1033;P102;8;MC1001
2635;19/7/23;C1004;P104;1;MC1002
2636;29/6/23;C1018;P105;2;MC1003
2637;22/5/23;C1037;P102;4;MC1005
2638;10/11/23;C1017;P117;8;MC1001
2639;25/2/23;C1037;P106;1;MC1003
2640;13/1/23;C1048;P115;2;MC1001
2641;12/9/23;C1016;P111;7;MC1001
2642;24/1/23;C1046;P107;3;MC1001
2643;17/3/23;C1013;P114;6;MC1002
2644;24/4/23;C1045;P115;7;MC1001
2645;23/4/23;C1043;P118;1;MC1005
2646;29/12/23;C1045;P113;8;MC1005
2647;22/1/23;C1030;P101;3;MC1003
2648;28/6/23;C1039;P117;6;MC1001
2649;10/12/23;C1012;P114;3;MC1004
2650;18/4/23;C1036;P116;7;MC1005
2651;1/9/23;C1044;P118;2;MC1004
2652;4/6/23;C1002;P104;2;MC1002
2653;8/5/23;C1004;P101;4;MC1001
2654;7/5/23;C1007;P112;1;MC1002
2655;27/5/23;C1013;P101;5;MC1001
2656;15/3/23;C1025;P119;4;MC1003
2657;1/8/23;C1004;P116;7;MC1001
2658;23/2/23;C1037;P116;7;MC1001
2659;1/8/23;C1005;P114;5;MC1002
2660;22/11/23;C1032;P116;3;MC1004
2661;13/1/23;C1043;P107;1;MC1004
2662;24/3/23;C1049;P103;5;MC1005
2663;6/9/23;C1017;P112;10;MC1002
2664;5/11/23;C1023;P111;3;MC1002
2665;9/6/23;C1014;P110;6;MC1001
2666;17/6/23;C1026;P114;2;MC1002
2667;29/10/23;C1021;P113;1;MC1001
2668;28/1/23;C1013;P105;6;MC1001
2669;17/3/23;C1036;P106;2;MC1003
2670;7/1/23;C1036;P107;1;MC1002
2671;25/11/23;C1004;P101;9;MC1002
2672;29/12/23;C1003;P106;10;MC1005
2673;19/1/23;C1048;P115;4;MC1001
2674;18/3/23;C1008;P106;3;MC1003
2675;22/1/23;C1042;P116;9;MC1002
2676;1/11/23;C1045;P117;10;MC1001
2677;14/1/23;C1027;P118;4;MC1004
2678;26/6/23;C1012;P120;3;MC1003
2679;24/2/23;C1029;P117;7;MC1004
2680;10/9/23;C1031;P117;1;MC1001
2681;24/3/23;C1009;P119;3;MC1005
2682;11/11/23;C1036;P106;4;MC1001
2683;7/3/23;C1006;P104;6;MC1005
2684;7/5/23;C1001;P101;7;MC1003
2685;27/9/23;C1022;P105;4;MC1005
2686;22/1/23;C1019;P102;1;MC1004
2687;1/1/23;C1045;P102;3;MC1001
2688;26/4/23;C1001;P103;5;MC1001
2689;23/4/23;C1032;P103;10;MC1001
2690;10/11/23;C1034;P114;2;MC1002
2691;18/1/23;C1041;P118;5;MC1003
2692;19/4/23;C1034;P101;2;MC1005
2693;8/4/23;C1018;P108;6;MC1003
2694;10/7/23;C1042;P110;7;MC1001
2695;19/5/23;C1003;P104;4;MC1002
2696;1/1/24;C1032;P107;9;MC1001
2697;14/12/23;C1031;P119;9;MC1003
2698;14/5/23;C1002;P110;4;MC1002
2699;27/6/23;C1011;P118;10;MC1002
2700;22/10/23;C1010;P117;1;MC1004
2701;21/6/23;C1047;P110;8;MC1004
2702;21/1/23;C1047;P104;3;MC1003
2703;14/6/23;C1029;P101;10;MC1003
2704;16/6/23;C1020;P110;10;MC1004
2705;20/4/23;C1050;P106;10;MC1002
2706;22/10/23;C1040;P114;2;MC1005
2707;4/4/23;C1049;P118;3;MC1005
2708;21/3/23;C1018;P108;7;MC1002
2709;29/12/23;C1014;P107;3;MC1005
2710;27/8/23;C1016;P120;4;MC1004
2711;13/7/23;C1007;P109;7;MC1005
2712;16/1/23;C1017;P113;6;MC1004
2713;25/5/23;C1008;P104;5;MC1004
2714;12/5/23;C1040;P113;6;MC1001
2715;1/12/23;C1010;P113;5;MC1001
2716;20/1/23;C1039;P115;4;MC1002
2717;30/3/23;C1042;P104;8;MC1004
2718;12/11/23;C1001;P118;3;MC1003
2719;27/11/23;C1026;P103;5;MC1002
2720;16/1/23;C1035;P103;9;MC1005
2721;14/1/23;C1040;P119;5;MC1005
2722;2/2/23;C1048;P111;10;MC1004
2723;15/10/23;C1043;P111;8;MC1005
2724;17/10/23;C1033;P115;2;MC1002
2725;29/5/23;C1041;P115;8;MC1001
2726;2/5/23;C1026;P119;10;MC1005
2727;10/11/23;C1003;P110;6;MC1001
2728;23/8/23;C1015;P120;6;MC1001
2729;8/2/23;C1037;P118;8;MC1002
2730;9/3/23;C1001;P104;3;MC1003
2731;14/6/23;C1034;P103;3;MC1001
2732;13/5/23;C1016;P108;8;MC1003
2733;10/5/23;C1022;P108;7;MC1005
2734;28/9/23;C1004;P109;5;MC1002
2735;4/6/23;C1010;P113;6;MC1003
2736;25/12/23;C1046;P107;10;MC1005
2737;31/1/23;C1004;P106;8;MC1002
2738;31/3/23;C1045;P109;3;MC1005
2739;19/12/23;C1046;P103;6;MC1005
2740;25/11/23;C1030;P110;4;MC1002
2741;8/4/23;C1004;P112;2;MC1001
2742;1/11/23;C1004;P116;8;MC1001
2743;13/2/23;C1047;P113;7;MC1004
2744;30/10/23;C1031;P117;8;MC1003
2745;14/3/23;C1015;P112;2;MC1004
2746;19/1/23;C1022;P118;9;MC1005
2747;29/8/23;C1018;P106;3;MC1002
2748;26/1/23;C1032;P111;3;MC1001
2749;18/5/23;C1020;P110;7;MC1005
2750;11/1/23;C1002;P117;5;MC1005
2751;1/9/23;C1027;P111;10;MC1004
2752;30/1/23;C1038;P108;1;MC1001
2753;22/6/23;C1004;P106;10;MC1002
2754;16/7/23;C1025;P117;1;MC1003
2755;11/5/23;C1028;P119;9;MC1003
2756;19/11/23;C1038;P109;7;MC1004
2757;4/11/23;C1024;P111;1;MC1003
2758;20/3/23;C1050;P105;1;MC1001
2759;4/11/23;C1029;P103;4;MC1001
2760;20/5/23;C1031;P103;9;MC1005
2761;7/2/23;C1011;P118;10;MC1005
2762;28/4/23;C1013;P101;7;MC1003
2763;15/1/23;C1028;P108;7;MC1003
2764;11/9/23;C1016;P118;1;MC1005
2765;6/12/23;C1016;P110;6;MC1005
2766;30/5/23;C1047;P116;8;MC1002
2767;21/8/23;C1039;P112;8;MC1005
2768;23/11/23;C1022;P104;9;MC1002
2769;27/10/23;C1050;P109;6;MC1004
2770;1/12/23;C1031;P111;5;MC1005
2771;27/11/23;C1014;P113;4;MC1004
2772;19/6/23;C1008;P114;3;MC1001
2773;7/11/23;C1048;P107;5;MC1003
2774;12/3/23;C1049;P120;9;MC1003
2775;8/4/23;C1041;P120;4;MC1003
2776;19/9/23;C1028;P105;8;MC1004
2777;26/2/23;C1045;P115;10;MC1003
2778;20/11/23;C1026;P106;5;MC1001
2779;18/9/23;C1039;P110;7;MC1004
2780;12/8/23;C1014;P106;7;MC1003
2781;21/12/23;C1041;P108;4;MC1004
2782;6/5/23;C1025;P101;3;MC1005
2783;4/3/23;C1011;P104;10;MC1002
2784;12/11/23;C1009;P119;7;MC1003
2785;25/3/23;C1047;P111;6;MC1001
2786;3/4/23;C1012;P120;5;MC1003
2787;12/1/23;C1038;P104;1;MC1003
2788;2/9/23;C1005;P117;2;MC1005
2789;6/12/23;C1016;P109;1;MC1005
2790;7/2/23;C1036;P120;2;MC1002
2791;13/8/23;C1011;P101;8;MC1001
2792;10/7/23;C1007;P108;7;MC1005
2793;11/3/23;C1022;P101;10;MC1003
2794;24/12/23;C1028;P112;6;MC1004
2795;22/9/23;C1027;P103;10;MC1001
2796;29/1/23;C1025;P104;3;MC1004
2797;13/9/23;C1031;P102;10;MC1003
2798;29/11/23;C1012;P117;10;MC1004
2799;1/3/23;C1005;P119;4;MC1005
2800;21/12/23;C1017;P117;4;MC1002
2801;22/11/23;C1020;P119;8;MC1005
2802;21/4/23;C1014;P117;2;MC1004
2803;4/9/23;C1049;P116;1;MC1001
2804;30/11/23;C1004;P108;2;MC1001
2805;15/4/23;C1018;P103;1;MC1005
2806;22/7/23;C1018;P115;7;MC1003
2807;3/11/23;C1021;P120;7;MC1002
2808;19/9/23;C1018;P113;1;MC1003
2809;11/11/23;C1001;P101;7;MC1005
2810;23/5/23;C1038;P112;5;MC1002
2811;28/8/23;C1048;P115;6;MC1001
2812;14/6/23;C1032;P119;4;MC1002
2813;5/2/23;C1008;P113;9;MC1004
2814;5/6/23;C1004;P110;5;MC1002
2815;1/2/23;C1024;P109;7;MC1005
2816;10/11/23;C1003;P115;3;MC1003
2817;12/8/23;C1020;P103;7;MC1004
2818;24/5/23;C1026;P115;9;MC1001
2819;2/6/23;C1030;P115;2;MC1003
2820;7/3/23;C1011;P106;10;MC1001
2821;31/10/23;C1002;P116;7;MC1004
2822;19/8/23;C1047;P113;10;MC1001
2823;1/6/23;C1017;P119;8;MC1004
2824;10/4/23;C1006;P110;5;MC1001
2825;3/8/23;C1012;P109;6;MC1003
2826;5/1/23;C1048;P101;1;MC1003
2827;29/1/23;C1004;P112;7;MC1001
2828;13/11/23;C1032;P110;1;MC1001
2829;28/10/23;C1022;P106;2;MC1001
2830;19/7/23;C1001;P106;1;MC1004
2831;1/9/23;C1045;P116;10;MC1003
2832;14/8/23;C1006;P106;2;MC1005
2833;5/1/23;C1036;P103;8;MC1002
2834;2/5/23;C1019;P116;7;MC1005
2835;30/1/23;C1050;P105;10;MC1001
2836;28/10/23;C1043;P112;8;MC1004
2837;20/3/23;C1034;P109;6;MC1001
2838;5/1/23;C1011;P106;7;MC1003
2839;12/3/23;C1036;P111;4;MC1001
2840;2/10/23;C1024;P113;8;MC1001
2841;22/7/23;C1043;P118;5;MC1005
2842;27/1/23;C1030;P103;3;MC1004
2843;29/8/23;C1043;P105;4;MC1001
2844;31/5/23;C1038;P114;7;MC1001
2845;22/11/23;C1027;P118;8;MC1004
2846;14/1/23;C1014;P108;6;MC1005
2847;12/11/23;C1033;P108;9;MC1004
2848;4/6/23;C1024;P110;4;MC1003
2849;4/11/23;C1014;P117;4;MC1005
2850;12/4/23;C1012;P113;4;MC1002
2851;20/10/23;C1041;P104;2;MC1002
2852;10/1/23;C1005;P103;7;MC1004
2853;2/6/23;C1021;P105;6;MC1005
2854;14/2/23;C1035;P110;9;MC1003
2855;28/1/23;C1040;P116;10;MC1004
2856;3/10/23;C1040;P117;3;MC1001
2857;7/5/23;C1039;P102;10;MC1004
2858;1/8/23;C1050;P107;7;MC1003
2859;24/9/23;C1001;P116;1;MC1002
2860;29/10/23;C1001;P106;6;MC1001
2861;6/8/23;C1050;P117;2;MC1003
2862;16/5/23;C1017;P102;1;MC1001
2863;25/12/23;C1048;P115;3;MC1002
2864;8/4/23;C1006;P114;10;MC1003
2865;15/7/23;C1044;P118;3;MC1004
2866;10/10/23;C1045;P106;6;MC1001
2867;9/3/23;C1014;P119;7;MC1005
2868;5/5/23;C1037;P106;8;MC1005
2869;20/4/23;C1049;P113;2;MC1004
2870;6/7/23;C1043;P103;8;MC1005
2871;20/9/23;C1019;P118;6;MC1002
2872;13/1/23;C1036;P113;9;MC1004
2873;12/3/23;C1015;P111;2;MC1001
2874;13/4/23;C1028;P105;1;MC1002
2875;14/11/23;C1030;P104;5;MC1001
2876;8/11/23;C1019;P104;4;MC1004
2877;27/2/23;C1012;P101;8;MC1004
2878;10/1/23;C1047;P107;6;MC1004
2879;2/6/23;C1044;P112;1;MC1004
2880;20/4/23;C1046;P105;6;MC1002
2881;19/11/23;C1033;P101;5;MC1005
2882;4/4/23;C1012;P117;7;MC1001
2883;3/4/23;C1036;P112;1;MC1003
2884;31/5/23;C1036;P101;6;MC1005
2885;18/10/23;C1004;P114;7;MC1004
2886;24/4/23;C1005;P108;8;MC1002
2887;2/7/23;C1012;P119;7;MC1004
2888;31/3/23;C1002;P116;4;MC1002
2889;1/8/23;C1040;P111;9;MC1001
2890;23/7/23;C1034;P111;5;MC1005
2891;17/7/23;C1002;P103;4;MC1005
2892;22/8/23;C1023;P107;2;MC1005
2893;7/7/23;C1042;P102;4;MC1002
2894;27/10/23;C1019;P102;6;MC1005
2895;15/1/23;C1038;P103;9;MC1002
2896;28/1/23;C1001;P114;8;MC1004
2897;13/11/23;C1017;P107;5;MC1003
2898;3/5/23;C1011;P106;4;MC1004
2899;5/12/23;C1026;P111;6;MC1002
2900;6/2/23;C1018;P105;2;MC1001
2901;24/11/23;C1036;P104;1;MC1002
2902;11/1/23;C1004;P105;6;MC1001
2903;14/3/23;C1024;P107;7;MC1001
2904;3/2/23;C1013;P114;7;MC1003
2905;16/1/23;C1003;P103;4;MC1004
2906;8/6/23;C1037;P119;3;MC1005
2907;26/10/23;C1030;P116;2;MC1001
2908;18/11/23;C1012;P110;6;MC1001
2909;10/11/23;C1016;P104;7;MC1005
2910;23/3/23;C1013;P106;2;MC1004
2911;14/3/23;C1019;P120;3;MC1005
2912;7/7/23;C1025;P112;3;MC1001
2913;22/12/23;C1037;P120;4;MC1004
2914;14/9/23;C1025;P111;8;MC1003
2915;1/8/23;C1031;P104;4;MC1002
2916;26/12/23;C1045;P108;8;MC1004
2917;26/2/23;C1043;P114;4;MC1004
2918;8/6/23;C1037;P114;10;MC1003
2919;18/1/23;C1025;P119;6;MC1004
2920;10/6/23;C1046;P114;3;MC1003
2921;23/1/23;C1018;P113;1;MC1003
2922;20/4/23;C1024;P119;6;MC1005
2923;29/11/23;C1033;P112;8;MC1005
2924;28/3/23;C1026;P118;3;MC1002
2925;13/1/23;C1018;P117;7;MC1003
2926;29/10/23;C1032;P102;8;MC1005
2927;22/12/23;C1021;P112;2;MC1004
2928;28/11/23;C1039;P107;8;MC1004
2929;18/12/23;C1015;P101;8;MC1002
2930;4/12/23;C1040;P109;5;MC1005
2931;19/1/23;C1026;P117;7;MC1004
2932;13/10/23;C1012;P105;1;MC1001
2933;26/3/23;C1050;P104;3;MC1003
2934;3/10/23;C1043;P107;7;MC1001
2935;19/5/23;C1003;P115;8;MC1003
2936;9/6/23;C1048;P109;4;MC1003
2937;5/10/23;C1015;P115;6;MC1004
2938;11/6/23;C1009;P103;5;MC1003
2939;12/4/23;C1008;P109;1;MC1001
2940;17/3/23;C1039;P112;10;MC1002
2941;8/3/23;C1012;P118;3;MC1005
2942;26/10/23;C1036;P107;9;MC1003
2943;1/1/23;C1032;P104;10;MC1005
2944;7/8/23;C1004;P102;4;MC1004
2945;3/3/23;C1005;P110;2;MC1001
2946;19/1/23;C1043;P109;1;MC1002
2947;10/9/23;C1024;P109;8;MC1003
2948;24/6/23;C1025;P109;8;MC1002
2949;16/12/23;C1012;P110;8;MC1003
2950;19/12/23;C1025;P108;4;MC1003
2951;16/5/23;C1034;P116;5;MC1004
2952;10/12/23;C1020;P114;4;MC1002
2953;25/8/23;C1005;P118;9;MC1005
2954;20/3/23;C1006;P105;10;MC1001
2955;9/11/23;C1038;P108;6;MC1001
2956;14/12/23;C1022;P120;4;MC1005
2957;25/7/23;C1033;P109;9;MC1005
2958;31/3/23;C1025;P101;9;MC1005
2959;2/11/23;C1037;P116;8;MC1005
2960;9/11/23;C1037;P117;9;MC1005
2961;27/5/23;C1010;P119;7;MC1001
2962;17/2/23;C1019;P109;4;MC1002
2963;4/4/23;C1025;P111;4;MC1003
2964;4/12/23;C1019;P112;3;MC1001
2965;30/12/23;C1035;P116;1;MC1005
2966;18/9/23;C1036;P108;1;MC1005
2967;6/3/23;C1009;P114;1;MC1002
2968;27/6/23;C1049;P108;9;MC1003
2969;26/4/23;C1016;P110;6;MC1002
2970;9/8/23;C1046;P102;9;MC1002
2971;22/7/23;C1008;P110;4;MC1005
2972;5/9/23;C1046;P101;5;MC1003
2973;24/11/23;C1037;P115;8;MC1005
2974;5/6/23;C1047;P110;9;MC1003
2975;14/10/23;C1036;P116;8;MC1004
2976;25/1/23;C1048;P101;4;MC1002
2977;19/5/23;C1046;P107;2;MC1003
2978;23/4/23;C1031;P112;6;MC1003
2979;14/2/23;C1035;P110;9;MC1004
2980;17/3/23;C1009;P106;1;MC1001
2981;26/1/23;C1037;P118;9;MC1005
2982;14/2/23;C1049;P114;8;MC1005
2983;22/12/23;C1048;P105;2;MC1001
2984;17/12/23;C1045;P114;3;MC1003
2985;8/8/23;C1021;P113;6;MC1004
2986;23/3/23;C1043;P101;2;MC1005
2987;3/5/23;C1028;P107;2;MC1003
2988;22/4/23;C1042;P115;10;MC1001
2989;30/5/23;C1005;P120;9;MC1001
2990;17/3/23;C1015;P107;7;MC1002
2991;28/1/23;C1010;P111;8;MC1001
2992;22/10/23;C1013;P104;1;MC1005
2993;2/5/23;C1016;P117;1;MC1002
2994;22/12/23;C1029;P117;9;MC1003
2995;21/3/23;C1024;P118;5;MC1001
2996;14/3/23;C1020;P119;5;MC1003
2997;30/10/23;C1020;P116;8;MC1003
2998;30/1/23;C1026;P120;4;MC1005
2999;14/5/23;C1020;P106;4;MC1005
3000;4/11/23;C1039;P102;5;MC1002
3001;24/6/23;C1012;P110;5;MC1002
3002;21/1/23;C1042;P113;7;MC1002
3003;15/7/23;C1036;P107;7;MC1002
3004;1/6/23;C1023;P102;8;MC1002
3005;15/4/23;C1019;P108;2;MC1004
3006;1/10/23;C1046;P102;1;MC1003
3007;1/6/23;C1001;P102;1;MC1003
3008;19/11/23;C1041;P108;9;MC1005
3009;25/9/23;C1002;P108;4;MC1005
3010;25/9/23;C1019;P115;9;MC1003
3011;3/10/23;C1013;P111;8;MC1004
3012;28/2/23;C1028;P110;1;MC1004
3013;31/3/23;C1034;P101;1;MC1001
3014;4/7/23;C1030;P107;5;MC1002
3015;10/10/23;C1020;P117;9;MC1005
3016;3/5/23;C1046;P106;2;MC1003
3017;7/7/23;C1009;P113;4;MC1003
3018;2/1/23;C1045;P115;4;MC1004
3019;17/1/23;C1030;P115;7;MC1001
3020;29/11/23;C1013;P108;4;MC1002
3021;3/11/23;C1046;P113;8;MC1005
3022;11/1/23;C1031;P111;8;MC1004
3023;1/4/23;C1016;P112;7;MC1005
3024;24/8/23;C1020;P115;10;MC1002
3025;12/11/23;C1026;P120;3;MC1002
3026;23/8/23;C1005;P113;7;MC1003
3027;22/8/23;C1034;P112;3;MC1005
3028;28/1/23;C1025;P112;6;MC1002
3029;21/4/23;C1036;P114;5;MC1003
3030;9/11/23;C1049;P107;5;MC1001
3031;14/3/23;C1007;P106;2;MC1005
3032;22/10/23;C1045;P103;3;MC1005
3033;12/5/23;C1016;P115;10;MC1002
3034;8/12/23;C1006;P109;7;MC1001
3035;22/3/23;C1042;P113;10;MC1005
3036;30/5/23;C1033;P117;1;MC1003
3037;26/1/23;C1033;P105;9;MC1004
3038;11/4/23;C1035;P113;3;MC1004
3039;20/11/23;C1044;P119;10;MC1005
3040;13/3/23;C1010;P116;5;MC1004
3041;4/5/23;C1021;P113;7;MC1002
3042;12/10/23;C1023;P119;9;MC1001
3043;23/3/23;C1026;P115;5;MC1004
3044;26/3/23;C1042;P111;2;MC1005
3045;24/1/23;C1011;P110;5;MC1003
3046;27/10/23;C1029;P112;9;MC1004
3047;23/11/23;C1036;P116;1;MC1002
3048;19/3/23;C1041;P119;3;MC1004
3049;20/4/23;C1022;P110;7;MC1001
3050;22/9/23;C1014;P113;3;MC1002
3051;20/7/23;C1003;P115;2;MC1003
3052;25/7/23;C1026;P112;6;MC1005
3053;4/10/23;C1029;P101;7;MC1004
3054;15/12/23;C1020;P104;3;MC1003
3055;29/11/23;C1036;P106;8;MC1001
3056;1/11/23;C1029;P102;9;MC1004
3057;6/6/23;C1026;P114;8;MC1004
3058;18/11/23;C1025;P110;8;MC1005
3059;2/5/23;C1040;P116;9;MC1002
3060;6/4/23;C1029;P109;3;MC1001
3061;18/12/23;C1001;P108;9;MC1002
3062;29/9/23;C1040;P112;8;MC1001
3063;9/2/23;C1011;P118;6;MC1005
3064;14/8/23;C1035;P116;4;MC1005
3065;19/11/23;C1041;P103;1;MC1002
3066;1/8/23;C1005;P115;10;MC1005
3067;16/5/23;C1014;P103;7;MC1005
3068;18/7/23;C1006;P105;9;MC1002
3069;31/7/23;C1025;P110;5;MC1001
3070;25/11/23;C1004;P114;1;MC1002
3071;14/9/23;C1016;P118;10;MC1005
3072;8/5/23;C1014;P118;5;MC1002
3073;30/9/23;C1050;P108;5;MC1005
3074;24/12/23;C1019;P111;5;MC1003
3075;5/3/23;C1003;P103;3;MC1002
3076;4/7/23;C1023;P115;10;MC1003
3077;15/10/23;C1028;P108;9;MC1001
3078;19/4/23;C1033;P112;5;MC1004
3079;21/9/23;C1022;P110;9;MC1004
3080;19/4/23;C1008;P117;1;MC1003
3081;13/12/23;C1019;P101;8;MC1001
3082;13/4/23;C1006;P105;6;MC1004
3083;16/1/23;C1036;P105;3;MC1004
3084;17/9/23;C1008;P111;8;MC1005
3085;23/11/23;C1004;P109;5;MC1002
3086;31/3/23;C1048;P118;10;MC1001
3087;4/4/23;C1041;P117;1;MC1001
3088;6/10/23;C1002;P102;1;MC1002
3089;4/8/23;C1001;P118;8;MC1001
3090;19/7/23;C1002;P114;3;MC1001
3091;17/8/23;C1024;P108;10;MC1001
3092;2/4/23;C1045;P118;9;MC1002
3093;26/2/23;C1015;P111;6;MC1003
3094;30/3/23;C1035;P111;4;MC1004
3095;30/10/23;C1013;P104;10;MC1005
3096;28/5/23;C1045;P119;7;MC1004
3097;18/8/23;C1011;P119;3;MC1002
3098;7/8/23;C1016;P103;9;MC1002
3099;4/1/23;C1021;P112;3;MC1002
3100;15/3/23;C1030;P108;9;MC1002
3101;24/11/23;C1009;P102;4;MC1003
3102;18/4/23;C1037;P114;8;MC1001
3103;23/9/23;C1025;P107;8;MC1004
3104;19/1/23;C1014;P113;6;MC1002
3105;8/10/23;C1035;P101;5;MC1001
3106;31/7/23;C1036;P118;7;MC1004
3107;19/10/23;C1015;P113;7;MC1001
3108;12/6/23;C1036;P111;7;MC1001
3109;14/6/23;C1018;P111;3;MC1002
3110;24/11/23;C1013;P109;4;MC1005
3111;26/1/23;C1039;P108;8;MC1005
3112;13/3/23;C1035;P109;10;MC1004
3113;17/7/23;C1033;P114;10;MC1001
3114;30/8/23;C1038;P116;5;MC1004
3115;22/8/23;C1037;P112;8;MC1001
3116;28/12/23;C1004;P111;2;MC1004
3117;14/5/23;C1047;P109;1;MC1002
3118;22/11/23;C1019;P106;6;MC1004
3119;17/8/23;C1036;P117;5;MC1003
3120;25/8/23;C1039;P106;2;MC1004
3121;28/1/23;C1027;P119;6;MC1004
3122;23/8/23;C1027;P104;10;MC1004
3123;6/5/23;C1046;P109;8;MC1003
3124;31/8/23;C1044;P114;4;MC1005
3125;12/4/23;C1007;P105;10;MC1003
3126;22/4/23;C1013;P101;4;MC1005
3127;29/10/23;C1005;P105;6;MC1003
3128;7/8/23;C1001;P119;2;MC1004
3129;9/5/23;C1016;P120;4;MC1003
3130;13/5/23;C1003;P120;10;MC1005
3131;5/6/23;C1018;P113;2;MC1002
3132;21/12/23;C1029;P119;6;MC1005
3133;18/12/23;C1016;P120;6;MC1001
3134;25/12/23;C1037;P113;6;MC1004
3135;6/10/23;C1025;P105;10;MC1002
3136;13/3/23;C1011;P116;4;MC1004
3137;14/9/23;C1004;P108;9;MC1004
3138;6/11/23;C1042;P118;6;MC1001
3139;10/2/23;C1019;P119;5;MC1005
3140;23/5/23;C1013;P120;7;MC1002
3141;11/1/23;C1030;P106;8;MC1005
3142;11/12/23;C1001;P111;9;MC1001
3143;15/3/23;C1044;P115;5;MC1002
3144;9/11/23;C1006;P103;8;MC1001
3145;24/10/23;C1032;P106;8;MC1005
3146;28/5/23;C1039;P101;4;MC1005
3147;8/1/23;C1027;P115;9;MC1003
3148;11/2/23;C1003;P119;5;MC1002
3149;22/3/23;C1004;P103;4;MC1001
3150;14/8/23;C1045;P104;2;MC1001
3151;5/10/23;C1020;P103;4;MC1005
3152;25/8/23;C1019;P116;9;MC1001
3153;24/6/23;C1003;P101;3;MC1005
3154;16/11/23;C1008;P102;6;MC1002
3155;17/7/23;C1045;P112;2;MC1003
3156;16/4/23;C1041;P104;6;MC1002
3157;28/3/23;C1025;P103;10;MC1005
3158;29/9/23;C1038;P101;9;MC1004
3159;6/1/23;C1001;P114;5;MC1001
3160;26/4/23;C1049;P110;1;MC1005
3161;28/7/23;C1044;P102;5;MC1005
3162;23/7/23;C1021;P102;6;MC1002
3163;7/3/23;C1041;P110;5;MC1002
3164;7/6/23;C1010;P112;6;MC1001
3165;17/12/23;C1009;P114;1;MC1003
3166;17/9/23;C1004;P111;1;MC1001
3167;10/4/23;C1009;P118;10;MC1001
3168;23/9/23;C1046;P107;6;MC1003
3169;1/11/23;C1016;P115;1;MC1004
3170;24/4/23;C1022;P119;6;MC1003
3171;14/7/23;C1008;P117;9;MC1004
3172;28/1/23;C1007;P115;5;MC1004
3173;31/3/23;C1025;P110;10;MC1005
3174;10/5/23;C1020;P102;8;MC1002
3175;1/10/23;C1034;P119;5;MC1001
3176;15/7/23;C1042;P118;10;MC1003
3177;8/7/23;C1030;P107;9;MC1004
3178;19/12/23;C1004;P101;6;MC1003
3179;4/1/23;C1027;P114;8;MC1005
3180;23/12/23;C1045;P120;1;MC1002
3181;14/8/23;C1032;P116;7;MC1001
3182;21/12/23;C1048;P107;10;MC1001
3183;30/9/23;C1013;P117;3;MC1003
3184;25/10/23;C1029;P108;3;MC1005
3185;27/5/23;C1027;P120;6;MC1004
3186;28/7/23;C1021;P102;3;MC1001
3187;13/5/23;C1017;P106;3;MC1001
3188;6/12/23;C1019;P115;3;MC1002
3189;5/5/23;C1010;P114;5;MC1003
3190;31/8/23;C1008;P109;10;MC1005
3191;22/9/23;C1022;P105;10;MC1001
3192;5/4/23;C1031;P110;8;MC1001
3193;19/2/23;C1025;P116;4;MC1001
3194;13/6/23;C1002;P113;1;MC1005
3195;10/4/23;C1021;P105;10;MC1002
3196;14/3/23;C1049;P120;9;MC1002
3197;18/6/23;C1017;P111;8;MC1003
3198;25/9/23;C1042;P116;5;MC1002
3199;22/9/23;C1007;P116;10;MC1002
3200;11/1/23;C1028;P120;8;MC1004
3201;6/10/23;C1031;P102;9;MC1003
3202;14/5/23;C1044;P111;4;MC1001
3203;6/11/23;C1030;P112;10;MC1001
3204;20/6/23;C1017;P119;8;MC1005
3205;27/5/23;C1046;P113;7;MC1002
3206;25/12/23;C1038;P101;9;MC1004
3207;10/4/23;C1014;P109;10;MC1002
3208;13/1/23;C1048;P114;10;MC1002
3209;15/6/23;C1026;P117;8;MC1004
3210;2/2/23;C1045;P107;5;MC1005
3211;16/3/23;C1033;P101;2;MC1004
3212;26/2/23;C1034;P104;8;MC1002
3213;10/11/23;C1009;P101;10;MC1001
3214;7/2/23;C1028;P118;5;MC1004
3215;18/1/23;C1020;P113;6;MC1004
3216;17/4/23;C1022;P101;4;MC1004
3217;10/3/23;C1013;P109;9;MC1002
3218;30/9/23;C1029;P120;6;MC1003
3219;15/11/23;C1006;P102;4;MC1002
3220;11/9/23;C1015;P107;9;MC1005
3221;14/8/23;C1032;P105;10;MC1001
3222;29/4/23;C1016;P106;10;MC1005
3223;17/8/23;C1035;P109;9;MC1004
3224;21/4/23;C1005;P108;3;MC1002
3225;9/9/23;C1013;P120;2;MC1001
3226;12/3/23;C1037;P116;8;MC1001
3227;14/11/23;C1016;P110;7;MC1005
3228;11/1/23;C1036;P110;2;MC1003
3229;17/12/23;C1007;P105;10;MC1002
3230;14/12/23;C1038;P117;4;MC1001
3231;25/11/23;C1028;P120;4;MC1003
3232;18/5/23;C1033;P116;5;MC1001
3233;17/6/23;C1031;P105;2;MC1001
3234;17/1/23;C1006;P109;1;MC1002
3235;7/9/23;C1049;P113;1;MC1001
3236;16/2/23;C1008;P117;2;MC1005
3237;9/6/23;C1004;P114;10;MC1003
3238;10/9/23;C1035;P105;2;MC1004
3239;5/10/23;C1028;P109;8;MC1002
3240;9/10/23;C1037;P116;2;MC1003
3241;10/12/23;C1019;P115;6;MC1001
3242;29/5/23;C1003;P103;8;MC1003
3243;29/6/23;C1034;P106;6;MC1002
3244;7/6/23;C1028;P103;6;MC1003
3245;1/6/23;C1050;P104;7;MC1003
3246;24/11/23;C1039;P110;9;MC1004
3247;7/10/23;C1014;P117;10;MC1001
3248;5/5/23;C1006;P103;4;MC1005
3249;29/12/23;C1032;P120;6;MC1005
3250;25/10/23;C1043;P110;8;MC1003
3251;25/1/23;C1010;P114;1;MC1005
3252;19/8/23;C1017;P118;9;MC1001
3253;17/4/23;C1003;P110;7;MC1003
3254;7/10/23;C1004;P103;8;MC1004
3255;1/8/23;C1026;P111;8;MC1001
3256;13/7/23;C1041;P106;3;MC1003
3257;21/1/23;C1002;P105;4;MC1001
3258;17/9/23;C1006;P120;10;MC1005
3259;1/8/23;C1041;P109;3;MC1005
3260;17/2/23;C1030;P107;9;MC1001
3261;27/12/23;C1023;P114;5;MC1001
3262;8/7/23;C1009;P116;5;MC1005
3263;25/1/23;C1011;P103;9;MC1002
3264;29/4/23;C1038;P101;4;MC1002
3265;19/3/23;C1036;P105;10;MC1001
3266;20/4/23;C1046;P101;1;MC1001
3267;14/1/23;C1029;P103;6;MC1003
3268;19/6/23;C1014;P117;1;MC1005
3269;17/1/23;C1009;P110;1;MC1002
3270;4/8/23;C1006;P106;7;MC1003
3271;16/8/23;C1009;P105;7;MC1005
3272;4/1/23;C1034;P101;6;MC1003
3273;29/9/23;C1044;P112;3;MC1005
3274;27/6/23;C1023;P112;10;MC1001
3275;11/12/23;C1032;P120;6;MC1002
3276;5/9/23;C1002;P106;6;MC1005
3277;4/5/23;C1034;P109;10;MC1002
3278;9/5/23;C1004;P103;7;MC1005
3279;17/4/23;C1009;P112;5;MC1001
3280;5/6/23;C1020;P112;8;MC1001
3281;22/3/23;C1011;P118;7;MC1005
3282;1/2/23;C1024;P108;1;MC1001
3283;2/3/23;C1004;P106;4;MC1002
3284;24/3/23;C1028;P103;7;MC1004
3285;5/12/23;C1011;P103;8;MC1003
3286;21/8/23;C1003;P112;5;MC1005
3287;9/11/23;C1018;P120;1;MC1002
3288;1/1/23;C1045;P114;10;MC1001
3289;8/11/23;C1006;P114;2;MC1005
3290;13/9/23;C1009;P115;8;MC1004
3291;18/2/23;C1010;P120;10;MC1001
3292;12/10/23;C1019;P106;10;MC1002
3293;27/10/23;C1025;P115;6;MC1001
3294;7/11/23;C1020;P114;9;MC1001
3295;20/2/23;C1044;P118;9;MC1003
3296;17/7/23;C1044;P103;8;MC1002
3297;30/10/23;C1006;P101;7;MC1001
3298;1/8/23;C1006;P112;4;MC1005
3299;15/12/23;C1006;P104;2;MC1001
3300;10/11/23;C1027;P113;6;MC1001
3301;7/2/23;C1025;P120;6;MC1004
3302;9/3/23;C1023;P111;4;MC1001
3303;20/9/23;C1040;P117;10;MC1004
3304;31/5/23;C1018;P120;3;MC1004
3305;15/11/23;C1029;P119;1;MC1004
3306;19/5/23;C1013;P113;5;MC1005
3307;4/3/23;C1027;P107;1;MC1003
3308;31/5/23;C1044;P120;6;MC1004
3309;1/3/23;C1050;P116;2;MC1002
3310;31/10/23;C1039;P117;5;MC1003
3311;2/4/23;C1015;P113;6;MC1003
3312;3/2/23;C1048;P104;8;MC1005
3313;9/7/23;C1032;P117;8;MC1002
3314;12/4/23;C1049;P108;4;MC1002
3315;26/6/23;C1006;P102;6;MC1002
3316;5/7/23;C1019;P112;2;MC1002
3317;17/7/23;C1006;P105;3;MC1005
3318;27/8/23;C1044;P109;4;MC1002
3319;29/7/23;C1008;P119;8;MC1002
3320;21/10/23;C1030;P111;10;MC1002
3321;15/4/23;C1020;P104;10;MC1002
3322;5/2/23;C1030;P105;9;MC1005
3323;23/9/23;C1039;P118;9;MC1004
3324;12/4/23;C1028;P110;10;MC1005
3325;27/12/23;C1016;P110;9;MC1004
3326;4/11/23;C1013;P105;9;MC1002
3327;27/3/23;C1040;P112;10;MC1005
3328;7/5/23;C1023;P110;9;MC1003
3329;24/6/23;C1030;P113;10;MC1003
3330;3/5/23;C1040;P116;5;MC1002
3331;23/1/23;C1008;P106;2;MC1004
3332;15/5/23;C1028;P109;9;MC1001
3333;9/8/23;C1007;P106;10;MC1004
3334;6/7/23;C1046;P112;2;MC1004
3335;20/4/23;C1030;P119;6;MC1004
3336;8/8/23;C1050;P109;6;MC1004
3337;10/4/23;C1031;P104;5;MC1001
3338;24/1/23;C1010;P117;3;MC1001
3339;15/4/23;C1044;P102;4;MC1001
3340;11/12/23;C1001;P101;2;MC1005
3341;19/2/23;C1031;P105;7;MC1001
3342;18/2/23;C1042;P103;7;MC1003
3343;23/6/23;C1018;P104;6;MC1003
3344;21/5/23;C1025;P102;5;MC1003
3345;25/8/23;C1024;P106;1;MC1003
3346;27/12/23;C1043;P115;3;MC1002
3347;17/7/23;C1007;P113;4;MC1003
3348;14/1/23;C1012;P115;8;MC1003
3349;10/7/23;C1029;P103;9;MC1001
3350;25/11/23;C1012;P116;1;MC1005
3351;9/10/23;C1036;P115;2;MC1004
3352;27/9/23;C1014;P108;5;MC1003
3353;11/6/23;C1047;P119;2;MC1005
3354;5/2/23;C1027;P115;5;MC1003
3355;3/12/23;C1023;P103;10;MC1001
3356;18/12/23;C1038;P104;3;MC1005
3357;6/7/23;C1043;P117;6;MC1001
3358;1/6/23;C1030;P101;6;MC1005
3359;16/4/23;C1004;P109;9;MC1002
3360;5/7/23;C1013;P106;2;MC1003
3361;22/10/23;C1044;P119;8;MC1001
3362;17/9/23;C1046;P107;10;MC1001
3363;14/12/23;C1007;P112;1;MC1002
3364;14/3/23;C1044;P115;1;MC1005
3365;16/1/23;C1013;P108;1;MC1004
3366;25/8/23;C1006;P104;4;MC1002
3367;16/8/23;C1008;P107;3;MC1005
3368;24/8/23;C1012;P102;10;MC1002
3369;17/7/23;C1013;P113;10;MC1002
3370;12/2/23;C1045;P110;1;MC1005
3371;23/2/23;C1008;P106;8;MC1004
3372;2/10/23;C1046;P111;2;MC1003
3373;4/2/23;C1002;P112;1;MC1004
3374;24/2/23;C1021;P109;10;MC1005
3375;15/2/23;C1017;P101;2;MC1004
3376;12/1/23;C1022;P120;7;MC1001
3377;25/3/23;C1018;P119;7;MC1003
3378;6/7/23;C1009;P110;5;MC1004
3379;23/7/23;C1047;P116;1;MC1005
3380;22/9/23;C1040;P112;7;MC1005
3381;17/4/23;C1036;P114;5;MC1005
3382;23/12/23;C1036;P101;8;MC1002
3383;8/9/23;C1031;P119;7;MC1003
3384;2/8/23;C1026;P112;3;MC1004
3385;13/11/23;C1009;P116;6;MC1004
3386;16/10/23;C1034;P102;1;MC1004
3387;1/2/23;C1010;P113;10;MC1002
3388;16/4/23;C1050;P119;1;MC1005
3389;25/8/23;C1011;P106;6;MC1003
3390;19/9/23;C1022;P105;8;MC1004
3391;23/9/23;C1020;P110;1;MC1002
3392;23/8/23;C1008;P111;7;MC1003
3393;8/7/23;C1048;P109;9;MC1005
3394;23/4/23;C1031;P120;5;MC1005
3395;21/1/23;C1047;P103;4;MC1005
3396;8/12/23;C1034;P114;6;MC1004
3397;13/1/23;C1010;P107;7;MC1001
3398;2/3/23;C1028;P120;6;MC1002
3399;24/6/23;C1014;P107;8;MC1001
3400;24/12/23;C1034;P113;4;MC1001
3401;21/5/23;C1012;P105;8;MC1001
3402;16/7/23;C1009;P103;3;MC1003
3403;14/5/23;C1011;P101;4;MC1005
3404;17/7/23;C1048;P104;3;MC1003
3405;17/2/23;C1015;P105;3;MC1002
3406;1/3/23;C1027;P116;10;MC1003
3407;19/5/23;C1023;P114;5;MC1002
3408;6/1/23;C1041;P110;1;MC1005
3409;26/2/23;C1008;P116;7;MC1004
3410;27/7/23;C1047;P108;3;MC1001
3411;28/2/23;C1027;P109;10;MC1003
3412;1/9/23;C1020;P115;6;MC1002
3413;25/2/23;C1043;P104;8;MC1005
3414;17/2/23;C1038;P104;2;MC1003
3415;30/8/23;C1001;P107;2;MC1005
3416;27/5/23;C1032;P112;2;MC1001
3417;10/2/23;C1046;P102;5;MC1001
3418;24/9/23;C1002;P105;8;MC1005
3419;31/1/23;C1030;P103;10;MC1005
3420;28/6/23;C1012;P103;9;MC1003
3421;4/12/23;C1025;P110;5;MC1001
3422;5/8/23;C1003;P119;5;MC1005
3423;15/4/23;C1018;P119;3;MC1003
3424;1/3/23;C1019;P120;3;MC1001
3425;17/9/23;C1035;P111;9;MC1004
3426;25/1/23;C1040;P106;8;MC1004
3427;25/11/23;C1041;P102;9;MC1005
3428;12/5/23;C1019;P118;9;MC1001
3429;31/12/23;C1027;P111;4;MC1001
3430;17/7/23;C1023;P110;6;MC1003
3431;9/2/23;C1027;P103;7;MC1005
3432;8/11/23;C1032;P104;2;MC1002
3433;27/2/23;C1014;P116;6;MC1004
3434;25/4/23;C1040;P109;7;MC1005
3435;12/5/23;C1038;P107;3;MC1003
3436;22/8/23;C1020;P111;9;MC1002
3437;1/11/23;C1021;P111;10;MC1004
3438;30/9/23;C1041;P112;5;MC1005
3439;20/7/23;C1016;P102;10;MC1004
3440;5/9/23;C1023;P119;2;MC1003
3441;3/2/23;C1029;P108;5;MC1005
3442;15/3/23;C1010;P117;7;MC1005
3443;13/9/23;C1015;P112;1;MC1005
3444;11/11/23;C1024;P101;8;MC1003
3445;2/4/23;C1003;P104;5;MC1003
3446;1/10/23;C1024;P115;8;MC1002
3447;23/4/23;C1031;P104;9;MC1001
3448;17/11/23;C1028;P103;1;MC1003
3449;25/6/23;C1014;P115;1;MC1002
3450;21/7/23;C1032;P104;10;MC1005
3451;16/12/23;C1024;P113;8;MC1002
3452;29/12/23;C1026;P104;4;MC1001
3453;18/12/23;C1037;P120;10;MC1003
3454;8/11/23;C1018;P105;2;MC1001
3455;5/10/23;C1036;P108;6;MC1003
3456;7/8/23;C1007;P104;9;MC1004
3457;7/4/23;C1043;P116;5;MC1005
3458;20/1/23;C1009;P109;2;MC1003
3459;6/6/23;C1006;P115;3;MC1005
3460;18/6/23;C1029;P112;9;MC1004
3461;31/5/23;C1004;P109;7;MC1005
3462;3/6/23;C1023;P107;9;MC1005
3463;4/1/23;C1022;P118;3;MC1003
3464;31/10/23;C1044;P114;1;MC1005
3465;26/8/23;C1010;P107;6;MC1002
3466;10/12/23;C1024;P110;10;MC1004
3467;25/6/23;C1003;P111;8;MC1002
3468;2/9/23;C1008;P117;9;MC1003
3469;11/3/23;C1010;P101;7;MC1003
3470;9/2/23;C1001;P113;2;MC1001
3471;14/2/23;C1038;P103;4;MC1003
3472;3/5/23;C1020;P101;1;MC1004
3473;10/7/23;C1032;P110;3;MC1003
3474;26/10/23;C1032;P108;6;MC1003
3475;4/6/23;C1021;P104;5;MC1004
3476;27/11/23;C1020;P106;4;MC1002
3477;10/4/23;C1032;P118;5;MC1002
3478;6/3/23;C1030;P108;1;MC1004
3479;15/10/23;C1047;P119;10;MC1004
3480;8/4/23;C1039;P109;10;MC1003
3481;11/1/23;C1014;P104;8;MC1002
3482;2/6/23;C1015;P120;5;MC1003
3483;18/4/23;C1023;P112;3;MC1003
3484;26/8/23;C1029;P105;5;MC1001
3485;12/4/23;C1021;P101;8;MC1004
3486;6/12/23;C1015;P112;5;MC1001
3487;30/8/23;C1030;P109;10;MC1005
3488;19/10/23;C1036;P101;9;MC1002
3489;25/1/23;C1024;P116;8;MC1002
3490;25/7/23;C1006;P115;7;MC1003
3491;16/3/23;C1010;P102;10;MC1003
3492;4/7/23;C1032;P102;10;MC1005
3493;28/9/23;C1042;P107;6;MC1001
3494;3/10/23;C1012;P108;4;MC1004
3495;13/7/23;C1024;P113;7;MC1004
3496;5/12/23;C1048;P105;1;MC1002
3497;24/10/23;C1035;P106;3;MC1002
3498;12/6/23;C1024;P117;6;MC1003
3499;12/12/23;C1037;P109;8;MC1002
3500;28/11/23;C1016;P113;6;MC1002
3501;24/3/23;C1029;P117;4;MC1005
3502;11/8/23;C1025;P101;3;MC1002
3503;13/11/23;C1003;P101;5;MC1004
3504;22/7/23;C1002;P113;7;MC1005
3505;14/8/23;C1003;P115;6;MC1001
3506;25/6/23;C1022;P119;8;MC1004
3507;15/9/23;C1015;P102;2;MC1002
3508;13/6/23;C1018;P109;3;MC1002
3509;30/11/23;C1022;P101;4;MC1001
3510;9/4/23;C1011;P107;4;MC1001
3511;20/11/23;C1022;P107;4;MC1002
3512;5/5/23;C1035;P103;6;MC1004
3513;19/11/23;C1018;P113;5;MC1003
3514;22/4/23;C1039;P110;9;MC1001
3515;20/2/23;C1048;P118;3;MC1001
3516;21/6/23;C1017;P117;6;MC1004
3517;21/5/23;C1026;P104;6;MC1005
3518;18/9/23;C1022;P102;1;MC1002
3519;25/4/23;C1034;P118;4;MC1001
3520;17/12/23;C1025;P109;1;MC1001
3521;7/2/23;C1001;P113;7;MC1001
3522;16/3/23;C1048;P109;9;MC1003
3523;8/9/23;C1027;P104;5;MC1002
3524;17/6/23;C1025;P118;10;MC1003
3525;22/7/23;C1050;P112;2;MC1003
3526;10/9/23;C1043;P116;1;MC1002
3527;15/10/23;C1001;P109;5;MC1003
3528;21/3/23;C1023;P113;4;MC1002
3529;3/7/23;C1048;P110;4;MC1005
3530;26/2/23;C1005;P109;9;MC1001
3531;21/11/23;C1023;P113;8;MC1001
3532;26/2/23;C1033;P119;10;MC1005
3533;9/10/23;C1004;P112;4;MC1002
3534;2/7/23;C1004;P117;6;MC1005
3535;19/9/23;C1048;P116;6;MC1001
3536;25/9/23;C1014;P103;8;MC1004
3537;28/3/23;C1030;P120;3;MC1004
3538;10/10/23;C1036;P113;9;MC1003
3539;27/8/23;C1033;P101;2;MC1003
3540;24/11/23;C1007;P117;10;MC1002
3541;16/6/23;C1034;P109;2;MC1005
3542;29/7/23;C1034;P102;5;MC1005
3543;29/12/23;C1018;P120;8;MC1005
3544;16/5/23;C1032;P101;8;MC1003
3545;26/10/23;C1005;P117;2;MC1005
3546;30/1/23;C1021;P111;9;MC1005
3547;8/1/23;C1041;P102;8;MC1005
3548;27/6/23;C1002;P102;6;MC1003
3549;23/12/23;C1018;P118;8;MC1002
3550;21/10/23;C1040;P113;5;MC1003
3551;30/12/23;C1007;P115;3;MC1005
3552;23/9/23;C1002;P119;5;MC1001
3553;30/5/23;C1033;P112;4;MC1004
3554;31/3/23;C1045;P114;3;MC1005
3555;11/1/23;C1036;P108;8;MC1001
3556;23/3/23;C1006;P105;9;MC1002
3557;27/6/23;C1002;P112;9;MC1005
3558;17/9/23;C1033;P103;6;MC1005
3559;2/11/23;C1010;P117;5;MC1005
3560;11/8/23;C1007;P106;1;MC1004
3561;11/7/23;C1037;P115;7;MC1001
3562;22/5/23;C1046;P105;6;MC1005
3563;19/5/23;C1008;P106;7;MC1005
3564;29/5/23;C1012;P102;4;MC1004
3565;10/6/23;C1004;P115;1;MC1005
3566;9/2/23;C1028;P106;4;MC1005
3567;24/8/23;C1040;P116;10;MC1002
3568;5/5/23;C1014;P109;5;MC1004
3569;26/9/23;C1041;P103;1;MC1005
3570;16/12/23;C1039;P103;3;MC1002
3571;29/3/23;C1050;P105;8;MC1001
3572;17/1/23;C1018;P105;9;MC1003
3573;28/6/23;C1037;P104;9;MC1004
3574;14/5/23;C1040;P104;4;MC1004
3575;1/8/23;C1050;P104;9;MC1002
3576;1/5/23;C1019;P107;6;MC1003
3577;1/6/23;C1032;P104;2;MC1003
3578;8/7/23;C1015;P112;6;MC1005
3579;28/6/23;C1024;P120;6;MC1001
3580;30/11/23;C1050;P111;2;MC1003
3581;15/9/23;C1044;P119;2;MC1003
3582;17/5/23;C1027;P101;7;MC1005
3583;1/10/23;C1042;P111;2;MC1005
3584;17/5/23;C1014;P110;6;MC1003
3585;2/4/23;C1014;P108;8;MC1003
3586;18/10/23;C1039;P114;3;MC1002
3587;11/1/23;C1023;P119;9;MC1002
3588;6/5/23;C1012;P105;5;MC1004
3589;18/6/23;C1015;P115;5;MC1005
3590;29/3/23;C1034;P119;9;MC1005
3591;28/1/23;C1007;P110;1;MC1001
3592;13/7/23;C1024;P117;3;MC1004
3593;5/6/23;C1031;P119;2;MC1002
3594;17/1/23;C1019;P117;4;MC1005
3595;11/11/23;C1036;P103;8;MC1001
3596;22/9/23;C1001;P118;5;MC1004
3597;21/3/23;C1044;P101;7;MC1005
3598;22/12/23;C1013;P115;10;MC1005
3599;19/7/23;C1046;P106;8;MC1003
3600;5/10/23;C1047;P103;3;MC1002
3601;12/9/23;C1042;P107;4;MC1005
3602;14/6/23;C1011;P113;6;MC1002
3603;20/11/23;C1014;P103;7;MC1001
3604;26/3/23;C1033;P114;9;MC1001
3605;11/10/23;C1024;P109;7;MC1002
3606;7/2/23;C1007;P106;10;MC1001
3607;16/1/23;C1044;P115;10;MC1002
3608;29/10/23;C1010;P101;6;MC1004
3609;30/9/23;C1049;P118;7;MC1005
3610;9/5/23;C1046;P102;6;MC1004
3611;8/2/23;C1046;P115;9;MC1005
3612;16/5/23;C1012;P105;2;MC1001
3613;13/6/23;C1040;P106;2;MC1001
3614;11/12/23;C1041;P110;6;MC1005
3615;19/6/23;C1040;P113;9;MC1004
3616;15/9/23;C1014;P115;4;MC1003
3617;16/6/23;C1038;P102;8;MC1004
3618;8/4/23;C1039;P106;7;MC1002
3619;11/11/23;C1043;P110;7;MC1003
3620;5/12/23;C1007;P103;9;MC1003
3621;18/6/23;C1039;P120;3;MC1005
3622;13/6/23;C1036;P110;9;MC1001
3623;19/11/23;C1024;P116;10;MC1004
3624;9/2/23;C1035;P107;6;MC1002
3625;15/9/23;C1010;P113;7;MC1004
3626;16/1/23;C1050;P107;3;MC1002
3627;27/6/23;C1020;P112;5;MC1001
3628;7/8/23;C1011;P112;5;MC1001
3629;1/3/23;C1006;P107;8;MC1001
3630;2/8/23;C1019;P111;6;MC1003
3631;6/6/23;C1029;P119;1;MC1005
3632;10/9/23;C1029;P117;5;MC1004
3633;7/12/23;C1050;P109;10;MC1002
3634;10/2/23;C1050;P108;10;MC1002
3635;27/5/23;C1005;P108;10;MC1001
3636;19/3/23;C1032;P109;8;MC1005
3637;16/5/23;C1019;P113;5;MC1002
3638;24/2/23;C1022;P114;7;MC1003
3639;17/9/23;C1035;P107;3;MC1001
3640;16/8/23;C1026;P115;1;MC1005
3641;10/11/23;C1005;P102;9;MC1004
3642;28/1/23;C1030;P103;5;MC1004
3643;25/8/23;C1036;P120;3;MC1005
3644;31/5/23;C1009;P101;6;MC1005
3645;8/9/23;C1035;P105;2;MC1002
3646;23/10/23;C1049;P116;10;MC1001
3647;19/1/23;C1008;P104;7;MC1001
3648;12/6/23;C1045;P103;2;MC1004
3649;19/11/23;C1008;P120;1;MC1001
3650;11/10/23;C1041;P118;6;MC1002
3651;7/11/23;C1013;P117;1;MC1004
3652;10/7/23;C1009;P109;6;MC1004
3653;16/12/23;C1011;P109;2;MC1001
3654;13/11/23;C1050;P114;4;MC1005
3655;2/9/23;C1014;P113;10;MC1002
3656;12/3/23;C1034;P113;7;MC1002
3657;1/12/23;C1006;P108;1;MC1001
3658;16/3/23;C1003;P102;8;MC1002
3659;6/1/23;C1042;P117;3;MC1001
3660;27/5/23;C1025;P112;10;MC1001
3661;26/4/23;C1001;P113;9;MC1003
3662;4/12/23;C1029;P102;1;MC1001
3663;30/8/23;C1010;P113;6;MC1001
3664;14/3/23;C1049;P110;2;MC1005
3665;17/5/23;C1001;P105;10;MC1005
3666;1/12/23;C1049;P116;1;MC1003
3667;25/3/23;C1013;P117;8;MC1004
3668;24/2/23;C1029;P110;7;MC1004
3669;7/7/23;C1004;P112;7;MC1002
3670;5/3/23;C1034;P101;5;MC1003
3671;10/12/23;C1017;P114;4;MC1005
3672;2/11/23;C1042;P102;9;MC1003
3673;11/11/23;C1037;P101;3;MC1001
3674;28/4/23;C1050;P117;2;MC1005
3675;28/7/23;C1040;P109;8;MC1003
3676;1/1/24;C1044;P101;9;MC1005
3677;17/11/23;C1046;P114;4;MC1004
3678;16/2/23;C1013;P106;6;MC1004
3679;21/4/23;C1042;P117;3;MC1001
3680;10/6/23;C1031;P103;2;MC1003
3681;23/2/23;C1019;P111;5;MC1005
3682;28/10/23;C1016;P104;1;MC1005
3683;5/4/23;C1045;P120;2;MC1004
3684;6/9/23;C1050;P116;8;MC1005
3685;20/10/23;C1029;P119;2;MC1003
3686;9/7/23;C1042;P101;10;MC1003
3687;17/11/23;C1012;P111;3;MC1002
3688;11/11/23;C1042;P119;9;MC1004
3689;25/3/23;C1014;P105;9;MC1003
3690;6/9/23;C1040;P107;8;MC1005
3691;22/12/23;C1046;P118;8;MC1003
3692;28/3/23;C1006;P116;6;MC1001
3693;27/6/23;C1050;P103;7;MC1004
3694;14/2/23;C1020;P108;6;MC1002
3695;2/7/23;C1048;P114;1;MC1003
3696;7/4/23;C1016;P110;1;MC1002
3697;11/4/23;C1012;P106;1;MC1005
3698;11/7/23;C1009;P103;3;MC1003
3699;21/4/23;C1004;P113;5;MC1003
3700;13/6/23;C1030;P113;1;MC1002
3701;17/11/23;C1030;P119;10;MC1004
3702;9/5/23;C1036;P110;7;MC1001
3703;3/3/23;C1017;P119;4;MC1005
3704;10/3/23;C1033;P116;1;MC1005
3705;3/12/23;C1020;P107;1;MC1004
3706;9/11/23;C1015;P117;10;MC1005
3707;18/2/23;C1011;P117;5;MC1003
3708;10/11/23;C1007;P115;2;MC1001
3709;8/8/23;C1026;P118;8;MC1003
3710;30/8/23;C1022;P102;6;MC1002
3711;27/11/23;C1009;P106;7;MC1003
3712;12/9/23;C1003;P110;9;MC1003
3713;3/3/23;C1008;P103;8;MC1005
3714;19/10/23;C1039;P104;8;MC1001
3715;13/4/23;C1004;P117;4;MC1002
3716;31/10/23;C1035;P112;2;MC1003
3717;12/11/23;C1008;P112;2;MC1001
3718;4/5/23;C1027;P107;3;MC1003
3719;17/2/23;C1020;P105;8;MC1001
3720;29/10/23;C1007;P118;6;MC1004
3721;19/11/23;C1037;P120;8;MC1002
3722;4/5/23;C1042;P106;9;MC1003
3723;20/5/23;C1033;P102;8;MC1001
3724;30/1/23;C1036;P105;5;MC1004
3725;4/2/23;C1048;P112;3;MC1001
3726;5/2/23;C1021;P118;2;MC1003
3727;8/11/23;C1014;P107;1;MC1005
3728;22/12/23;C1019;P115;3;MC1001
3729;24/9/23;C1037;P109;1;MC1005
3730;7/9/23;C1047;P114;2;MC1001
3731;19/9/23;C1026;P106;10;MC1001
3732;2/9/23;C1025;P115;5;MC1002
3733;17/12/23;C1011;P111;7;MC1004
3734;7/5/23;C1049;P110;3;MC1003
3735;4/11/23;C1001;P109;3;MC1003
3736;24/8/23;C1007;P120;6;MC1002
3737;18/10/23;C1026;P115;4;MC1005
3738;6/1/23;C1035;P102;3;MC1002
3739;28/6/23;C1035;P112;6;MC1003
3740;29/10/23;C1030;P102;5;MC1001
3741;3/4/23;C1002;P101;5;MC1003
3742;20/7/23;C1002;P117;9;MC1004
3743;11/12/23;C1037;P115;5;MC1003
3744;4/6/23;C1006;P102;4;MC1005
3745;3/5/23;C1047;P113;5;MC1004
3746;20/5/23;C1040;P110;9;MC1001
3747;23/5/23;C1028;P109;4;MC1002
3748;18/4/23;C1030;P113;2;MC1005
3749;30/12/23;C1004;P107;8;MC1003
3750;28/9/23;C1018;P118;1;MC1004
3751;24/11/23;C1033;P106;9;MC1005
3752;21/9/23;C1026;P116;7;MC1002
3753;6/7/23;C1029;P115;4;MC1005
3754;12/2/23;C1004;P109;1;MC1001
3755;2/6/23;C1021;P105;7;MC1005
3756;21/7/23;C1017;P108;1;MC1004
3757;30/11/23;C1040;P115;9;MC1005
3758;20/7/23;C1046;P119;6;MC1003
3759;23/11/23;C1022;P106;8;MC1005
3760;31/1/23;C1023;P117;10;MC1001
3761;2/8/23;C1015;P107;7;MC1002
3762;7/12/23;C1044;P110;7;MC1003
3763;8/8/23;C1032;P119;3;MC1002
3764;4/6/23;C1015;P103;7;MC1004
3765;22/8/23;C1021;P107;1;MC1001
3766;13/11/23;C1020;P103;2;MC1004
3767;23/8/23;C1029;P107;6;MC1004
3768;14/12/23;C1032;P118;3;MC1001
3769;31/1/23;C1043;P109;5;MC1002
3770;26/10/23;C1043;P106;9;MC1004
3771;2/5/23;C1043;P117;2;MC1001
3772;12/7/23;C1002;P120;8;MC1003
3773;20/10/23;C1030;P101;2;MC1004
3774;25/12/23;C1028;P113;10;MC1005
3775;21/3/23;C1033;P103;3;MC1001
3776;14/7/23;C1018;P112;9;MC1005
3777;19/9/23;C1042;P104;2;MC1001
3778;12/7/23;C1033;P115;4;MC1004
3779;23/5/23;C1047;P102;4;MC1001
3780;11/6/23;C1045;P112;10;MC1001
3781;28/10/23;C1014;P110;4;MC1001
3782;14/11/23;C1011;P106;10;MC1002
3783;15/2/23;C1017;P105;2;MC1003
3784;22/5/23;C1036;P119;6;MC1001
3785;16/3/23;C1031;P114;1;MC1004
3786;7/5/23;C1033;P110;9;MC1001
3787;17/6/23;C1035;P107;3;MC1004
3788;14/5/23;C1013;P101;9;MC1003
3789;10/3/23;C1001;P101;2;MC1004
3790;9/11/23;C1004;P111;3;MC1004
3791;31/8/23;C1050;P109;10;MC1002
3792;24/10/23;C1005;P114;6;MC1005
3793;30/12/23;C1022;P112;6;MC1001
3794;22/12/23;C1048;P107;9;MC1004
3795;10/11/23;C1034;P110;2;MC1003
3796;17/12/23;C1014;P120;5;MC1002
3797;30/3/23;C1009;P119;6;MC1004
3798;7/8/23;C1016;P108;6;MC1004
3799;30/12/23;C1002;P102;9;MC1001
3800;25/5/23;C1032;P105;2;MC1004
3801;25/7/23;C1015;P115;9;MC1004
3802;17/6/23;C1009;P110;4;MC1004
3803;18/9/23;C1013;P114;7;MC1004
3804;1/2/23;C1037;P118;1;MC1004
3805;6/8/23;C1009;P110;1;MC1005
3806;8/4/23;C1043;P119;10;MC1004
3807;17/5/23;C1039;P108;3;MC1003
3808;24/10/23;C1049;P104;5;MC1002
3809;21/6/23;C1009;P101;9;MC1004
3810;6/2/23;C1048;P114;8;MC1005
3811;22/3/23;C1005;P101;4;MC1004
3812;14/4/23;C1010;P113;9;MC1003
3813;13/8/23;C1043;P107;5;MC1001
3814;4/1/23;C1037;P112;8;MC1001
3815;1/6/23;C1020;P112;10;MC1005
3816;14/9/23;C1022;P120;6;MC1003
3817;15/7/23;C1026;P111;5;MC1005
3818;2/6/23;C1035;P103;1;MC1003
3819;27/1/23;C1041;P101;9;MC1005
3820;8/6/23;C1030;P103;6;MC1005
3821;15/5/23;C1018;P101;4;MC1002
3822;30/9/23;C1005;P113;6;MC1004
3823;30/6/23;C1032;P105;10;MC1001
3824;21/12/23;C1049;P116;10;MC1001
3825;9/1/23;C1038;P110;4;MC1004
3826;12/5/23;C1029;P112;7;MC1004
3827;18/12/23;C1016;P103;5;MC1003
3828;23/5/23;C1016;P113;8;MC1002
3829;11/10/23;C1001;P101;8;MC1002
3830;27/9/23;C1041;P103;10;MC1004
3831;27/12/23;C1010;P118;4;MC1004
3832;4/3/23;C1029;P101;5;MC1002
3833;12/10/23;C1040;P102;10;MC1004
3834;22/7/23;C1026;P118;5;MC1001
3835;17/2/23;C1026;P108;9;MC1003
3836;11/8/23;C1032;P111;8;MC1005
3837;30/9/23;C1041;P116;6;MC1001
3838;11/11/23;C1027;P117;7;MC1004
3839;31/8/23;C1005;P112;3;MC1001
3840;13/9/23;C1003;P108;9;MC1002
3841;5/1/23;C1020;P117;6;MC1005
3842;23/7/23;C1003;P102;4;MC1001
3843;19/1/23;C1049;P116;4;MC1004
3844;2/6/23;C1018;P103;2;MC1004
3845;21/6/23;C1022;P101;7;MC1003
3846;18/3/23;C1032;P117;3;MC1001
3847;22/3/23;C1010;P119;8;MC1005
3848;2/2/23;C1002;P103;7;MC1003
3849;11/12/23;C1009;P108;8;MC1004
3850;6/2/23;C1033;P101;1;MC1004
3851;7/9/23;C1003;P111;9;MC1001
3852;25/10/23;C1025;P110;9;MC1005
3853;26/11/23;C1030;P111;5;MC1004
3854;20/10/23;C1035;P119;1;MC1001
3855;20/6/23;C1019;P112;7;MC1002
3856;9/1/23;C1025;P113;4;MC1004
3857;16/5/23;C1023;P109;6;MC1002
3858;1/8/23;C1012;P104;2;MC1003
3859;25/9/23;C1027;P112;3;MC1005
3860;5/10/23;C1027;P112;1;MC1001
3861;8/3/23;C1014;P106;1;MC1005
3862;10/3/23;C1041;P101;9;MC1001
3863;2/1/23;C1007;P112;2;MC1003
3864;29/4/23;C1016;P105;6;MC1005
3865;15/10/23;C1047;P111;7;MC1003
3866;7/10/23;C1020;P115;6;MC1001
3867;13/10/23;C1004;P101;6;MC1001
3868;14/3/23;C1007;P101;10;MC1004
3869;28/9/23;C1027;P115;8;MC1002
3870;8/10/23;C1020;P115;8;MC1004
3871;6/7/23;C1032;P116;3;MC1003
3872;12/11/23;C1050;P117;9;MC1005
3873;15/5/23;C1050;P116;3;MC1004
3874;3/4/23;C1003;P118;5;MC1004
3875;22/12/23;C1012;P117;3;MC1004
3876;28/9/23;C1033;P120;6;MC1001
3877;3/5/23;C1009;P101;2;MC1001
3878;13/4/23;C1047;P113;10;MC1002
3879;10/1/23;C1034;P103;2;MC1002
3880;2/8/23;C1010;P118;3;MC1003
3881;18/5/23;C1024;P108;4;MC1002
3882;12/6/23;C1022;P107;9;MC1003
3883;24/9/23;C1038;P110;3;MC1001
3884;19/9/23;C1031;P112;4;MC1003
3885;13/9/23;C1049;P110;5;MC1005
3886;23/4/23;C1012;P110;8;MC1002
3887;3/6/23;C1029;P118;5;MC1005
3888;25/1/23;C1046;P103;8;MC1001
3889;14/3/23;C1020;P110;6;MC1002
3890;8/2/23;C1011;P102;4;MC1003
3891;24/8/23;C1030;P103;7;MC1003
3892;26/12/23;C1037;P102;10;MC1003
3893;27/3/23;C1012;P111;6;MC1001
3894;11/8/23;C1020;P116;5;MC1004
3895;14/4/23;C1031;P119;8;MC1003
3896;29/7/23;C1007;P101;9;MC1002
3897;1/10/23;C1008;P113;10;MC1002
3898;12/3/23;C1015;P112;5;MC1004
3899;2/11/23;C1012;P117;7;MC1002
3900;14/2/23;C1011;P118;9;MC1001
3901;9/12/23;C1014;P110;1;MC1003
3902;14/11/23;C1034;P109;9;MC1005
3903;26/5/23;C1016;P101;3;MC1004
3904;29/1/23;C1026;P102;5;MC1003
3905;7/8/23;C1036;P105;1;MC1001
3906;12/5/23;C1003;P109;9;MC1004
3907;24/1/23;C1049;P112;2;MC1003
3908;23/9/23;C1040;P106;3;MC1002
3909;28/7/23;C1009;P110;1;MC1001
3910;19/3/23;C1005;P113;3;MC1004
3911;10/3/23;C1018;P113;3;MC1004
3912;28/7/23;C1002;P106;4;MC1001
3913;20/7/23;C1045;P117;3;MC1003
3914;17/11/23;C1027;P105;6;MC1002
3915;29/10/23;C1030;P113;7;MC1003
3916;23/4/23;C1002;P103;1;MC1001
3917;7/12/23;C1002;P108;2;MC1001
3918;27/11/23;C1009;P101;5;MC1001
3919;16/10/23;C1017;P115;5;MC1001
3920;16/2/23;C1049;P108;10;MC1001
3921;31/3/23;C1032;P117;5;MC1002
3922;5/2/23;C1033;P120;7;MC1002
3923;14/7/23;C1002;P109;1;MC1001
3924;22/12/23;C1005;P105;8;MC1002
3925;2/8/23;C1044;P101;5;MC1003
3926;3/1/23;C1023;P107;2;MC1005
3927;1/5/23;C1005;P104;1;MC1002
3928;3/10/23;C1005;P117;7;MC1003
3929;2/9/23;C1018;P109;6;MC1003
3930;19/5/23;C1019;P107;7;MC1001
3931;19/5/23;C1009;P102;10;MC1001
3932;10/3/23;C1011;P103;6;MC1001
3933;18/3/23;C1033;P111;3;MC1004
3934;1/1/23;C1028;P102;6;MC1004
3935;2/6/23;C1024;P117;5;MC1001
3936;22/10/23;C1031;P118;10;MC1001
3937;10/3/23;C1032;P120;2;MC1004
3938;29/11/23;C1049;P105;9;MC1004
3939;3/11/23;C1047;P102;8;MC1004
3940;15/4/23;C1044;P118;9;MC1005
3941;21/8/23;C1042;P109;7;MC1005
3942;12/2/23;C1002;P113;5;MC1002
3943;13/10/23;C1027;P102;4;MC1005
3944;16/3/23;C1031;P120;6;MC1005
3945;10/11/23;C1047;P113;6;MC1001
3946;2/4/23;C1006;P110;4;MC1003
3947;9/2/23;C1030;P104;6;MC1003
3948;19/10/23;C1014;P116;9;MC1004
3949;1/7/23;C1004;P109;5;MC1003
3950;9/1/23;C1016;P105;8;MC1001
3951;25/11/23;C1040;P102;4;MC1004
3952;23/4/23;C1026;P116;2;MC1003
3953;2/10/23;C1012;P119;8;MC1004
3954;20/10/23;C1021;P103;10;MC1001
3955;29/11/23;C1028;P117;5;MC1003
3956;12/3/23;C1015;P104;1;MC1003
3957;31/5/23;C1049;P115;1;MC1003
3958;9/10/23;C1021;P105;3;MC1004
3959;15/1/23;C1050;P104;6;MC1003
3960;28/10/23;C1043;P103;6;MC1003
3961;31/8/23;C1049;P101;8;MC1002
3962;24/7/23;C1032;P117;8;MC1005
3963;3/9/23;C1011;P115;4;MC1004
3964;26/7/23;C1013;P106;5;MC1001
3965;12/11/23;C1011;P118;1;MC1001
3966;17/11/23;C1050;P119;8;MC1001
3967;23/4/23;C1023;P111;4;MC1005
3968;28/10/23;C1008;P114;9;MC1004
3969;24/5/23;C1005;P114;7;MC1002
3970;23/6/23;C1029;P102;5;MC1004
3971;14/5/23;C1006;P116;8;MC1002
3972;26/5/23;C1033;P110;8;MC1001
3973;31/3/23;C1042;P105;10;MC1004
3974;17/5/23;C1039;P110;3;MC1005
3975;15/2/23;C1031;P108;2;MC1005
3976;12/5/23;C1026;P109;9;MC1005
3977;6/11/23;C1042;P106;7;MC1002
3978;26/7/23;C1003;P120;7;MC1005
3979;7/2/23;C1020;P117;9;MC1005
3980;21/2/23;C1027;P102;9;MC1004
3981;6/12/23;C1006;P113;4;MC1001
3982;6/3/23;C1019;P108;4;MC1004
3983;5/5/23;C1026;P104;7;MC1003
3984;5/10/23;C1049;P110;6;MC1002
3985;29/9/23;C1031;P111;3;MC1003
3986;12/8/23;C1018;P107;7;MC1004
3987;9/8/23;C1033;P114;8;MC1002
3988;1/1/24;C1050;P116;3;MC1002
3989;2/5/23;C1034;P119;10;MC1001
3990;21/2/23;C1049;P101;4;MC1003
3991;7/8/23;C1043;P108;4;MC1005
3992;11/1/23;C1012;P107;4;MC1005
3993;28/12/23;C1049;P105;5;MC1002
3994;16/2/23;C1032;P116;4;MC1001
3995;4/11/23;C1033;P114;5;MC1004
3996;1/4/23;C1018;P113;7;MC1003
3997;13/9/23;C1033;P110;9;MC1003
3998;18/2/23;C1042;P110;3;MC1004